x_km,y_km,month,wind_ms
0,0,1,8.45
1,0,1,8.25
2,0,1,8.46
3,0,1,7.53
4,0,1,8.5
5,0,1,6.38
6,0,1,8.65
7,0,1,7.74
8,0,1,5.7
9,0,1,7.05
10,0,1,8.17
11,0,1,8.18
12,0,1,6.96
13,0,1,7.96
14,0,1,7.96
15,0,1,8.01
16,0,1,5.55
17,0,1,8.53
18,0,1,6.65
19,0,1,9.36
20,0,1,8.53
21,0,1,7.38
22,0,1,9.02
23,0,1,8.87
24,0,1,8.89
25,0,1,7.42
26,0,1,6.02
27,0,1,6.71
28,0,1,9.13
29,0,1,6.75
30,0,1,9.44
31,0,1,7.7
32,0,1,8.36
33,0,1,8.84
34,0,1,8.86
35,0,1,7.49
36,0,1,8.03
37,0,1,7.48
38,0,1,6.46
39,0,1,8.53
40,0,1,9.26
41,0,1,8.19
42,0,1,8.33
43,0,1,7.6
44,0,1,6.23
45,0,1,8.97
46,0,1,6.82
47,0,1,7.47
48,0,1,5.94
49,0,1,9.01
50,0,1,7.23
51,0,1,6.98
52,0,1,5.56
53,0,1,8.61
54,0,1,8.63
55,0,1,7.5
56,0,1,7.3
57,0,1,7.33
58,0,1,7.6
59,0,1,8.39
60,0,1,7.99
61,0,1,6.36
62,0,1,7.46
63,0,1,8.09
64,0,1,7.0
65,0,1,5.5
66,0,1,7.03
67,0,1,6.14
68,0,1,5.82
69,0,1,9.81
70,0,1,7.85
71,0,1,6.12
72,0,1,6.62
73,0,1,5.33
74,0,1,7.18
75,0,1,8.29
76,0,1,7.84
77,0,1,7.83
78,0,1,8.27
79,0,1,8.46
80,0,1,9.14
81,0,1,7.65
82,0,1,9.28
83,0,1,8.65
84,0,1,7.83
85,0,1,6.0
86,0,1,8.38
87,0,1,8.68
88,0,1,8.71
89,0,1,6.14
90,0,1,6.35
91,0,1,6.62
92,0,1,8.39
93,0,1,9.0
94,0,1,5.78
95,0,1,8.11
96,0,1,8.19
97,0,1,6.81
98,0,1,8.14
99,0,1,7.52
0,1,1,5.68
1,1,1,8.7
2,1,1,6.85
3,1,1,7.31
4,1,1,8.49
5,1,1,6.71
6,1,1,8.1
7,1,1,7.89
8,1,1,7.5
9,1,1,9.37
10,1,1,6.83
11,1,1,7.21
12,1,1,7.92
13,1,1,7.41
14,1,1,6.89
15,1,1,8.83
16,1,1,8.82
17,1,1,7.26
18,1,1,8.33
19,1,1,7.56
20,1,1,9.23
21,1,1,7.15
22,1,1,5.35
23,1,1,7.28
24,1,1,7.89
25,1,1,8.24
26,1,1,6.38
27,1,1,7.8
28,1,1,7.68
29,1,1,8.73
30,1,1,9.0
31,1,1,7.69
32,1,1,6.61
33,1,1,7.71
34,1,1,7.74
35,1,1,8.95
36,1,1,6.97
37,1,1,6.93
38,1,1,8.78
39,1,1,6.84
40,1,1,8.17
41,1,1,7.79
42,1,1,8.63
43,1,1,6.55
44,1,1,6.47
45,1,1,8.1
46,1,1,4.18
47,1,1,8.48
48,1,1,6.8
49,1,1,9.01
50,1,1,8.16
51,1,1,8.46
52,1,1,8.67
53,1,1,8.11
54,1,1,6.49
55,1,1,8.69
56,1,1,6.99
57,1,1,8.62
58,1,1,7.34
59,1,1,9.53
60,1,1,6.47
61,1,1,8.59
62,1,1,8.68
63,1,1,8.95
64,1,1,8.65
65,1,1,8.18
66,1,1,8.09
67,1,1,8.53
68,1,1,7.17
69,1,1,8.57
70,1,1,7.79
71,1,1,8.11
72,1,1,8.55
73,1,1,7.69
74,1,1,7.02
75,1,1,5.46
76,1,1,6.74
77,1,1,6.55
78,1,1,6.98
79,1,1,7.45
80,1,1,8.14
81,1,1,9.2
82,1,1,8.02
83,1,1,7.67
84,1,1,8.79
85,1,1,7.3
86,1,1,6.67
87,1,1,8.31
88,1,1,7.67
89,1,1,8.06
90,1,1,8.69
91,1,1,5.17
92,1,1,7.03
93,1,1,7.88
94,1,1,9.61
95,1,1,6.55
96,1,1,6.79
97,1,1,6.85
98,1,1,8.35
99,1,1,7.48
0,2,1,6.54
1,2,1,7.79
2,2,1,7.12
3,2,1,9.0
4,2,1,8.26
5,2,1,8.51
6,2,1,8.04
7,2,1,7.75
8,2,1,8.99
9,2,1,7.27
10,2,1,6.9
11,2,1,6.23
12,2,1,8.06
13,2,1,6.38
14,2,1,8.71
15,2,1,10.42
16,2,1,7.84
17,2,1,7.34
18,2,1,6.77
19,2,1,8.24
20,2,1,7.34
21,2,1,8.15
22,2,1,7.77
23,2,1,8.06
24,2,1,7.59
25,2,1,6.43
26,2,1,8.01
27,2,1,6.0
28,2,1,7.38
29,2,1,6.67
30,2,1,6.14
31,2,1,7.0
32,2,1,7.74
33,2,1,6.42
34,2,1,6.54
35,2,1,8.22
36,2,1,7.47
37,2,1,7.5
38,2,1,7.88
39,2,1,6.82
40,2,1,7.56
41,2,1,6.44
42,2,1,7.99
43,2,1,5.96
44,2,1,6.41
45,2,1,8.02
46,2,1,6.74
47,2,1,7.62
48,2,1,7.12
49,2,1,7.92
50,2,1,6.83
51,2,1,7.81
52,2,1,8.36
53,2,1,7.99
54,2,1,8.17
55,2,1,7.22
56,2,1,6.37
57,2,1,6.78
58,2,1,6.77
59,2,1,8.17
60,2,1,8.4
61,2,1,8.66
62,2,1,6.67
63,2,1,6.79
64,2,1,8.84
65,2,1,7.65
66,2,1,8.87
67,2,1,6.74
68,2,1,7.75
69,2,1,8.2
70,2,1,8.25
71,2,1,8.7
72,2,1,7.46
73,2,1,7.85
74,2,1,7.85
75,2,1,7.64
76,2,1,9.21
77,2,1,8.14
78,2,1,7.63
79,2,1,9.03
80,2,1,8.64
81,2,1,6.39
82,2,1,7.36
83,2,1,8.05
84,2,1,7.47
85,2,1,8.64
86,2,1,9.47
87,2,1,9.64
88,2,1,8.22
89,2,1,8.41
90,2,1,8.78
91,2,1,6.29
92,2,1,8.01
93,2,1,7.69
94,2,1,6.09
95,2,1,7.0
96,2,1,8.57
97,2,1,7.1
98,2,1,8.03
99,2,1,8.09
0,3,1,8.22
1,3,1,6.76
2,3,1,6.23
3,3,1,7.2
4,3,1,9.16
5,3,1,7.53
6,3,1,7.61
7,3,1,6.31
8,3,1,7.23
9,3,1,8.39
10,3,1,7.42
11,3,1,7.99
12,3,1,6.68
13,3,1,7.62
14,3,1,8.0
15,3,1,7.72
16,3,1,8.34
17,3,1,7.35
18,3,1,7.2
19,3,1,7.4
20,3,1,7.04
21,3,1,7.63
22,3,1,7.17
23,3,1,6.81
24,3,1,7.43
25,3,1,8.16
26,3,1,7.23
27,3,1,6.23
28,3,1,7.25
29,3,1,7.19
30,3,1,8.95
31,3,1,5.41
32,3,1,6.93
33,3,1,5.61
34,3,1,7.48
35,3,1,8.97
36,3,1,7.15
37,3,1,6.57
38,3,1,7.6
39,3,1,7.33
40,3,1,7.55
41,3,1,8.04
42,3,1,8.75
43,3,1,7.08
44,3,1,9.41
45,3,1,8.38
46,3,1,7.22
47,3,1,7.41
48,3,1,7.33
49,3,1,9.69
50,3,1,6.9
51,3,1,7.07
52,3,1,8.18
53,3,1,7.32
54,3,1,8.0
55,3,1,7.12
56,3,1,7.82
57,3,1,8.82
58,3,1,7.17
59,3,1,8.53
60,3,1,6.67
61,3,1,6.84
62,3,1,7.49
63,3,1,6.9
64,3,1,8.31
65,3,1,8.04
66,3,1,8.71
67,3,1,6.77
68,3,1,7.56
69,3,1,7.94
70,3,1,8.45
71,3,1,6.9
72,3,1,8.22
73,3,1,7.77
74,3,1,7.32
75,3,1,7.62
76,3,1,7.95
77,3,1,7.6
78,3,1,6.62
79,3,1,7.29
80,3,1,6.6
81,3,1,6.77
82,3,1,8.47
83,3,1,7.04
84,3,1,7.06
85,3,1,8.31
86,3,1,9.23
87,3,1,7.75
88,3,1,8.09
89,3,1,7.61
90,3,1,7.34
91,3,1,8.1
92,3,1,7.12
93,3,1,8.75
94,3,1,8.16
95,3,1,8.02
96,3,1,7.04
97,3,1,8.38
98,3,1,9.14
99,3,1,7.94
0,4,1,8.67
1,4,1,8.47
2,4,1,7.27
3,4,1,7.13
4,4,1,6.57
5,4,1,7.95
6,4,1,7.08
7,4,1,9.25
8,4,1,9.18
9,4,1,8.17
10,4,1,8.67
11,4,1,7.37
12,4,1,8.86
13,4,1,7.49
14,4,1,8.84
15,4,1,7.55
16,4,1,8.33
17,4,1,7.58
18,4,1,7.03
19,4,1,7.99
20,4,1,7.94
21,4,1,8.79
22,4,1,6.76
23,4,1,8.33
24,4,1,6.99
25,4,1,7.14
26,4,1,8.12
27,4,1,7.69
28,4,1,9.62
29,4,1,8.33
30,4,1,5.56
31,4,1,7.57
32,4,1,8.25
33,4,1,9.92
34,4,1,7.72
35,4,1,7.52
36,4,1,8.15
37,4,1,6.99
38,4,1,7.66
39,4,1,6.94
40,4,1,6.65
41,4,1,6.91
42,4,1,7.38
43,4,1,7.97
44,4,1,7.6
45,4,1,8.47
46,4,1,6.13
47,4,1,7.99
48,4,1,8.91
49,4,1,7.27
50,4,1,7.02
51,4,1,7.51
52,4,1,8.06
53,4,1,8.05
54,4,1,6.25
55,4,1,7.12
56,4,1,9.22
57,4,1,6.83
58,4,1,6.9
59,4,1,7.66
60,4,1,9.41
61,4,1,8.7
62,4,1,7.17
63,4,1,6.85
64,4,1,7.5
65,4,1,6.03
66,4,1,7.97
67,4,1,7.57
68,4,1,7.48
69,4,1,8.67
70,4,1,7.56
71,4,1,7.48
72,4,1,6.4
73,4,1,7.6
74,4,1,8.42
75,4,1,9.07
76,4,1,6.86
77,4,1,7.65
78,4,1,7.42
79,4,1,7.1
80,4,1,7.47
81,4,1,6.99
82,4,1,7.6
83,4,1,7.81
84,4,1,8.12
85,4,1,6.68
86,4,1,7.67
87,4,1,7.88
88,4,1,6.96
89,4,1,7.46
90,4,1,6.22
91,4,1,6.31
92,4,1,6.25
93,4,1,7.96
94,4,1,6.73
95,4,1,7.4
96,4,1,6.87
97,4,1,9.18
98,4,1,7.71
99,4,1,8.38
0,5,1,8.51
1,5,1,8.55
2,5,1,6.87
3,5,1,6.63
4,5,1,7.41
5,5,1,7.62
6,5,1,7.89
7,5,1,7.49
8,5,1,7.25
9,5,1,8.52
10,5,1,7.96
11,5,1,8.44
12,5,1,7.88
13,5,1,7.23
14,5,1,7.97
15,5,1,7.5
16,5,1,6.78
17,5,1,9.3
18,5,1,7.48
19,5,1,7.59
20,5,1,8.5
21,5,1,7.38
22,5,1,6.02
23,5,1,7.65
24,5,1,6.99
25,5,1,8.94
26,5,1,9.61
27,5,1,10.19
28,5,1,7.76
29,5,1,7.4
30,5,1,8.86
31,5,1,5.7
32,5,1,8.18
33,5,1,6.55
34,5,1,8.05
35,5,1,7.24
36,5,1,8.72
37,5,1,7.62
38,5,1,7.15
39,5,1,9.25
40,5,1,6.02
41,5,1,6.43
42,5,1,8.46
43,5,1,7.67
44,5,1,6.45
45,5,1,7.6
46,5,1,9.36
47,5,1,7.67
48,5,1,6.81
49,5,1,9.75
50,5,1,7.54
51,5,1,8.19
52,5,1,7.3
53,5,1,8.03
54,5,1,7.24
55,5,1,9.74
56,5,1,7.07
57,5,1,8.31
58,5,1,8.28
59,5,1,8.1
60,5,1,8.59
61,5,1,9.16
62,5,1,6.83
63,5,1,7.51
64,5,1,7.1
65,5,1,7.94
66,5,1,8.63
67,5,1,7.24
68,5,1,7.45
69,5,1,7.44
70,5,1,8.17
71,5,1,7.18
72,5,1,8.11
73,5,1,5.99
74,5,1,7.23
75,5,1,8.37
76,5,1,9.63
77,5,1,6.67
78,5,1,9.48
79,5,1,7.73
80,5,1,7.73
81,5,1,8.71
82,5,1,7.48
83,5,1,6.52
84,5,1,8.07
85,5,1,7.69
86,5,1,8.13
87,5,1,7.35
88,5,1,7.15
89,5,1,7.09
90,5,1,6.37
91,5,1,10.25
92,5,1,8.69
93,5,1,8.95
94,5,1,7.2
95,5,1,6.78
96,5,1,7.04
97,5,1,7.66
98,5,1,7.5
99,5,1,7.59
0,6,1,8.22
1,6,1,7.94
2,6,1,7.99
3,6,1,8.23
4,6,1,8.18
5,6,1,7.21
6,6,1,7.83
7,6,1,7.67
8,6,1,8.14
9,6,1,5.82
10,6,1,9.98
11,6,1,8.32
12,6,1,6.22
13,6,1,8.38
14,6,1,7.76
15,6,1,6.24
16,6,1,7.96
17,6,1,8.22
18,6,1,7.86
19,6,1,8.41
20,6,1,7.6
21,6,1,8.76
22,6,1,6.94
23,6,1,7.05
24,6,1,7.31
25,6,1,8.24
26,6,1,7.7
27,6,1,9.68
28,6,1,8.44
29,6,1,8.19
30,6,1,7.53
31,6,1,7.66
32,6,1,8.48
33,6,1,7.72
34,6,1,7.01
35,6,1,6.73
36,6,1,8.0
37,6,1,7.83
38,6,1,8.22
39,6,1,8.89
40,6,1,7.49
41,6,1,7.31
42,6,1,8.8
43,6,1,7.08
44,6,1,7.63
45,6,1,7.85
46,6,1,9.95
47,6,1,6.94
48,6,1,7.02
49,6,1,7.76
50,6,1,7.03
51,6,1,9.43
52,6,1,9.43
53,6,1,6.33
54,6,1,6.27
55,6,1,8.34
56,6,1,7.97
57,6,1,9.88
58,6,1,6.8
59,6,1,8.2
60,6,1,9.24
61,6,1,8.34
62,6,1,6.57
63,6,1,7.74
64,6,1,5.94
65,6,1,7.54
66,6,1,6.35
67,6,1,7.51
68,6,1,7.26
69,6,1,7.97
70,6,1,7.91
71,6,1,7.06
72,6,1,7.43
73,6,1,7.91
74,6,1,8.34
75,6,1,7.56
76,6,1,7.01
77,6,1,8.6
78,6,1,7.24
79,6,1,5.58
80,6,1,7.59
81,6,1,7.66
82,6,1,6.79
83,6,1,6.41
84,6,1,7.03
85,6,1,9.7
86,6,1,8.23
87,6,1,5.95
88,6,1,7.07
89,6,1,7.6
90,6,1,8.5
91,6,1,8.93
92,6,1,8.98
93,6,1,8.51
94,6,1,6.9
95,6,1,8.71
96,6,1,6.8
97,6,1,8.09
98,6,1,7.75
99,6,1,7.07
0,7,1,6.03
1,7,1,6.69
2,7,1,7.01
3,7,1,8.14
4,7,1,7.71
5,7,1,8.8
6,7,1,6.32
7,7,1,6.6
8,7,1,7.76
9,7,1,8.83
10,7,1,7.8
11,7,1,7.47
12,7,1,7.72
13,7,1,8.42
14,7,1,7.85
15,7,1,7.26
16,7,1,7.56
17,7,1,7.47
18,7,1,8.66
19,7,1,8.25
20,7,1,8.03
21,7,1,7.67
22,7,1,6.72
23,7,1,7.13
24,7,1,8.2
25,7,1,8.57
26,7,1,6.95
27,7,1,7.83
28,7,1,7.56
29,7,1,8.78
30,7,1,8.38
31,7,1,6.68
32,7,1,8.5
33,7,1,6.38
34,7,1,8.13
35,7,1,7.33
36,7,1,7.67
37,7,1,7.04
38,7,1,5.99
39,7,1,7.05
40,7,1,8.91
41,7,1,6.16
42,7,1,7.29
43,7,1,7.07
44,7,1,7.14
45,7,1,7.91
46,7,1,6.25
47,7,1,8.73
48,7,1,8.28
49,7,1,8.46
50,7,1,7.27
51,7,1,7.51
52,7,1,7.89
53,7,1,6.96
54,7,1,6.42
55,7,1,8.24
56,7,1,4.53
57,7,1,6.98
58,7,1,7.48
59,7,1,7.87
60,7,1,7.33
61,7,1,7.25
62,7,1,7.17
63,7,1,5.92
64,7,1,10.12
65,7,1,8.35
66,7,1,8.16
67,7,1,7.16
68,7,1,6.44
69,7,1,8.61
70,7,1,7.34
71,7,1,6.62
72,7,1,6.58
73,7,1,6.96
74,7,1,9.04
75,7,1,7.08
76,7,1,7.49
77,7,1,7.72
78,7,1,7.82
79,7,1,8.41
80,7,1,8.46
81,7,1,7.92
82,7,1,6.87
83,7,1,7.05
84,7,1,6.36
85,7,1,6.63
86,7,1,7.26
87,7,1,8.43
88,7,1,7.45
89,7,1,4.61
90,7,1,8.85
91,7,1,6.41
92,7,1,6.27
93,7,1,8.36
94,7,1,7.3
95,7,1,7.79
96,7,1,8.43
97,7,1,7.63
98,7,1,8.48
99,7,1,7.78
0,8,1,7.6
1,8,1,7.87
2,8,1,6.8
3,8,1,5.2
4,8,1,8.19
5,8,1,7.44
6,8,1,6.6
7,8,1,7.3
8,8,1,6.72
9,8,1,7.51
10,8,1,7.48
11,8,1,5.0
12,8,1,7.09
13,8,1,7.0
14,8,1,9.55
15,8,1,7.33
16,8,1,8.42
17,8,1,9.26
18,8,1,8.08
19,8,1,8.0
20,8,1,8.79
21,8,1,7.18
22,8,1,7.22
23,8,1,8.43
24,8,1,6.8
25,8,1,7.2
26,8,1,7.29
27,8,1,7.67
28,8,1,7.06
29,8,1,7.84
30,8,1,9.36
31,8,1,8.97
32,8,1,7.31
33,8,1,7.27
34,8,1,6.59
35,8,1,8.15
36,8,1,7.56
37,8,1,5.91
38,8,1,5.78
39,8,1,7.94
40,8,1,7.08
41,8,1,7.93
42,8,1,7.73
43,8,1,8.57
44,8,1,7.47
45,8,1,6.41
46,8,1,7.78
47,8,1,8.43
48,8,1,7.4
49,8,1,5.55
50,8,1,7.8
51,8,1,7.16
52,8,1,6.95
53,8,1,9.98
54,8,1,7.94
55,8,1,7.77
56,8,1,8.6
57,8,1,8.1
58,8,1,6.83
59,8,1,7.51
60,8,1,8.27
61,8,1,6.87
62,8,1,8.96
63,8,1,7.22
64,8,1,7.14
65,8,1,9.31
66,8,1,8.5
67,8,1,7.09
68,8,1,7.27
69,8,1,7.4
70,8,1,7.8
71,8,1,6.76
72,8,1,7.97
73,8,1,7.72
74,8,1,7.18
75,8,1,9.41
76,8,1,7.11
77,8,1,6.16
78,8,1,8.76
79,8,1,7.08
80,8,1,7.32
81,8,1,8.31
82,8,1,8.95
83,8,1,8.2
84,8,1,9.05
85,8,1,7.7
86,8,1,8.72
87,8,1,8.76
88,8,1,8.86
89,8,1,8.77
90,8,1,9.58
91,8,1,8.69
92,8,1,8.25
93,8,1,8.17
94,8,1,6.73
95,8,1,6.82
96,8,1,7.31
97,8,1,8.03
98,8,1,7.9
99,8,1,9.25
0,9,1,7.92
1,9,1,6.58
2,9,1,7.33
3,9,1,7.75
4,9,1,7.63
5,9,1,5.1
6,9,1,7.38
7,9,1,8.26
8,9,1,8.22
9,9,1,8.7
10,9,1,6.47
11,9,1,9.27
12,9,1,8.64
13,9,1,8.71
14,9,1,7.85
15,9,1,6.58
16,9,1,8.52
17,9,1,9.46
18,9,1,10.2
19,9,1,9.18
20,9,1,9.5
21,9,1,8.59
22,9,1,7.73
23,9,1,7.06
24,9,1,5.98
25,9,1,7.49
26,9,1,6.88
27,9,1,7.19
28,9,1,6.35
29,9,1,5.74
30,9,1,8.92
31,9,1,7.05
32,9,1,8.84
33,9,1,7.62
34,9,1,7.16
35,9,1,5.59
36,9,1,6.81
37,9,1,8.88
38,9,1,7.78
39,9,1,9.4
40,9,1,6.31
41,9,1,6.62
42,9,1,7.6
43,9,1,9.27
44,9,1,7.28
45,9,1,7.42
46,9,1,6.97
47,9,1,8.1
48,9,1,7.67
49,9,1,7.14
50,9,1,8.11
51,9,1,8.79
52,9,1,7.8
53,9,1,8.69
54,9,1,8.46
55,9,1,8.44
56,9,1,7.65
57,9,1,7.55
58,9,1,7.5
59,9,1,7.64
60,9,1,7.9
61,9,1,8.97
62,9,1,7.92
63,9,1,8.0
64,9,1,7.93
65,9,1,10.33
66,9,1,6.68
67,9,1,8.52
68,9,1,9.48
69,9,1,8.68
70,9,1,7.19
71,9,1,8.14
72,9,1,7.64
73,9,1,7.64
74,9,1,7.15
75,9,1,9.46
76,9,1,8.73
77,9,1,7.22
78,9,1,8.07
79,9,1,7.42
80,9,1,6.7
81,9,1,7.66
82,9,1,9.32
83,9,1,6.99
84,9,1,8.34
85,9,1,8.37
86,9,1,7.2
87,9,1,6.59
88,9,1,7.62
89,9,1,7.96
90,9,1,7.74
91,9,1,8.2
92,9,1,7.14
93,9,1,8.16
94,9,1,6.87
95,9,1,7.59
96,9,1,7.64
97,9,1,7.24
98,9,1,7.34
99,9,1,8.09
0,10,1,8.09
1,10,1,6.49
2,10,1,8.23
3,10,1,6.97
4,10,1,7.42
5,10,1,9.43
6,10,1,7.99
7,10,1,8.22
8,10,1,6.52
9,10,1,8.33
10,10,1,8.03
11,10,1,6.91
12,10,1,7.77
13,10,1,6.84
14,10,1,8.2
15,10,1,6.0
16,10,1,7.42
17,10,1,7.58
18,10,1,6.46
19,10,1,9.15
20,10,1,7.54
21,10,1,8.96
22,10,1,7.39
23,10,1,6.65
24,10,1,8.34
25,10,1,8.57
26,10,1,7.5
27,10,1,7.35
28,10,1,6.53
29,10,1,7.54
30,10,1,7.8
31,10,1,8.18
32,10,1,7.93
33,10,1,6.53
34,10,1,7.12
35,10,1,7.96
36,10,1,9.11
37,10,1,8.02
38,10,1,6.79
39,10,1,7.23
40,10,1,8.47
41,10,1,7.4
42,10,1,9.61
43,10,1,7.26
44,10,1,8.2
45,10,1,7.97
46,10,1,8.45
47,10,1,8.2
48,10,1,7.68
49,10,1,7.41
50,10,1,8.02
51,10,1,8.84
52,10,1,8.11
53,10,1,7.33
54,10,1,7.76
55,10,1,8.1
56,10,1,8.82
57,10,1,6.52
58,10,1,7.42
59,10,1,7.12
60,10,1,8.44
61,10,1,7.08
62,10,1,8.86
63,10,1,7.74
64,10,1,8.03
65,10,1,7.05
66,10,1,8.19
67,10,1,6.7
68,10,1,7.69
69,10,1,8.04
70,10,1,7.74
71,10,1,8.84
72,10,1,6.75
73,10,1,8.41
74,10,1,7.05
75,10,1,7.12
76,10,1,7.65
77,10,1,6.2
78,10,1,6.5
79,10,1,7.48
80,10,1,6.84
81,10,1,7.01
82,10,1,8.01
83,10,1,7.14
84,10,1,7.74
85,10,1,8.33
86,10,1,9.09
87,10,1,6.98
88,10,1,8.21
89,10,1,7.98
90,10,1,6.75
91,10,1,9.17
92,10,1,7.53
93,10,1,8.06
94,10,1,7.63
95,10,1,8.38
96,10,1,8.28
97,10,1,7.0
98,10,1,9.0
99,10,1,6.16
0,11,1,10.15
1,11,1,7.98
2,11,1,6.98
3,11,1,4.86
4,11,1,7.18
5,11,1,8.74
6,11,1,9.41
7,11,1,7.16
8,11,1,6.62
9,11,1,6.49
10,11,1,7.93
11,11,1,8.66
12,11,1,7.47
13,11,1,8.27
14,11,1,8.68
15,11,1,7.65
16,11,1,6.92
17,11,1,7.13
18,11,1,8.75
19,11,1,7.87
20,11,1,6.74
21,11,1,7.17
22,11,1,6.73
23,11,1,8.11
24,11,1,9.49
25,11,1,7.21
26,11,1,8.38
27,11,1,8.04
28,11,1,8.28
29,11,1,6.23
30,11,1,6.96
31,11,1,5.41
32,11,1,7.46
33,11,1,8.31
34,11,1,7.7
35,11,1,7.07
36,11,1,8.4
37,11,1,8.89
38,11,1,8.19
39,11,1,7.39
40,11,1,5.74
41,11,1,7.83
42,11,1,6.96
43,11,1,9.0
44,11,1,7.11
45,11,1,8.2
46,11,1,7.92
47,11,1,8.24
48,11,1,6.97
49,11,1,7.25
50,11,1,7.22
51,11,1,7.17
52,11,1,8.38
53,11,1,7.77
54,11,1,8.96
55,11,1,8.06
56,11,1,8.35
57,11,1,7.32
58,11,1,7.24
59,11,1,6.64
60,11,1,6.81
61,11,1,7.61
62,11,1,7.0
63,11,1,7.4
64,11,1,8.21
65,11,1,8.75
66,11,1,7.17
67,11,1,9.63
68,11,1,7.07
69,11,1,8.26
70,11,1,8.41
71,11,1,8.09
72,11,1,7.98
73,11,1,8.57
74,11,1,7.74
75,11,1,7.93
76,11,1,8.27
77,11,1,5.95
78,11,1,9.88
79,11,1,9.01
80,11,1,7.41
81,11,1,7.34
82,11,1,7.32
83,11,1,7.73
84,11,1,7.49
85,11,1,6.41
86,11,1,6.91
87,11,1,7.73
88,11,1,7.47
89,11,1,7.54
90,11,1,7.21
91,11,1,7.24
92,11,1,7.2
93,11,1,8.16
94,11,1,7.3
95,11,1,5.98
96,11,1,8.59
97,11,1,7.35
98,11,1,6.22
99,11,1,6.97
0,12,1,8.37
1,12,1,6.13
2,12,1,9.46
3,12,1,7.12
4,12,1,7.79
5,12,1,7.82
6,12,1,8.99
7,12,1,8.13
8,12,1,6.8
9,12,1,6.97
10,12,1,7.36
11,12,1,6.68
12,12,1,8.44
13,12,1,8.04
14,12,1,8.01
15,12,1,7.51
16,12,1,7.91
17,12,1,9.27
18,12,1,10.18
19,12,1,5.61
20,12,1,8.36
21,12,1,8.22
22,12,1,6.69
23,12,1,5.51
24,12,1,8.48
25,12,1,7.42
26,12,1,6.42
27,12,1,7.44
28,12,1,7.8
29,12,1,8.98
30,12,1,7.15
31,12,1,8.99
32,12,1,6.01
33,12,1,6.84
34,12,1,8.48
35,12,1,7.59
36,12,1,8.54
37,12,1,7.97
38,12,1,7.48
39,12,1,8.68
40,12,1,5.51
41,12,1,7.25
42,12,1,7.7
43,12,1,6.56
44,12,1,6.01
45,12,1,7.85
46,12,1,9.52
47,12,1,7.26
48,12,1,7.89
49,12,1,7.66
50,12,1,7.97
51,12,1,7.37
52,12,1,8.04
53,12,1,6.53
54,12,1,7.07
55,12,1,8.03
56,12,1,9.38
57,12,1,6.44
58,12,1,8.57
59,12,1,5.75
60,12,1,7.89
61,12,1,7.74
62,12,1,7.57
63,12,1,7.01
64,12,1,7.35
65,12,1,8.39
66,12,1,8.24
67,12,1,6.38
68,12,1,7.77
69,12,1,6.9
70,12,1,5.93
71,12,1,9.79
72,12,1,7.3
73,12,1,7.5
74,12,1,8.39
75,12,1,8.06
76,12,1,7.0
77,12,1,8.73
78,12,1,8.55
79,12,1,8.89
80,12,1,7.36
81,12,1,7.64
82,12,1,8.22
83,12,1,8.96
84,12,1,8.5
85,12,1,7.58
86,12,1,8.08
87,12,1,7.06
88,12,1,9.53
89,12,1,8.02
90,12,1,9.12
91,12,1,8.33
92,12,1,7.79
93,12,1,7.66
94,12,1,8.07
95,12,1,7.57
96,12,1,9.45
97,12,1,7.77
98,12,1,7.61
99,12,1,7.97
0,13,1,8.12
1,13,1,8.14
2,13,1,7.43
3,13,1,8.86
4,13,1,8.12
5,13,1,8.11
6,13,1,9.89
7,13,1,7.83
8,13,1,7.83
9,13,1,5.62
10,13,1,8.92
11,13,1,8.26
12,13,1,6.91
13,13,1,8.93
14,13,1,6.88
15,13,1,7.17
16,13,1,7.29
17,13,1,8.7
18,13,1,7.32
19,13,1,7.15
20,13,1,7.43
21,13,1,8.92
22,13,1,6.64
23,13,1,8.87
24,13,1,6.55
25,13,1,7.4
26,13,1,8.26
27,13,1,7.42
28,13,1,5.72
29,13,1,7.99
30,13,1,8.75
31,13,1,6.39
32,13,1,7.31
33,13,1,7.61
34,13,1,6.78
35,13,1,8.1
36,13,1,9.21
37,13,1,8.25
38,13,1,7.25
39,13,1,7.05
40,13,1,4.89
41,13,1,8.32
42,13,1,7.13
43,13,1,7.51
44,13,1,6.56
45,13,1,6.87
46,13,1,7.55
47,13,1,5.84
48,13,1,6.39
49,13,1,7.49
50,13,1,7.59
51,13,1,7.62
52,13,1,7.63
53,13,1,6.74
54,13,1,7.79
55,13,1,7.49
56,13,1,9.12
57,13,1,7.27
58,13,1,7.26
59,13,1,6.93
60,13,1,9.56
61,13,1,7.8
62,13,1,7.67
63,13,1,9.02
64,13,1,8.09
65,13,1,8.8
66,13,1,5.98
67,13,1,8.16
68,13,1,8.19
69,13,1,6.42
70,13,1,8.35
71,13,1,8.15
72,13,1,8.12
73,13,1,7.27
74,13,1,7.97
75,13,1,8.16
76,13,1,7.18
77,13,1,6.53
78,13,1,7.85
79,13,1,7.18
80,13,1,7.02
81,13,1,7.48
82,13,1,8.35
83,13,1,7.54
84,13,1,8.13
85,13,1,7.55
86,13,1,8.0
87,13,1,9.41
88,13,1,7.76
89,13,1,8.3
90,13,1,8.01
91,13,1,7.55
92,13,1,8.42
93,13,1,8.78
94,13,1,7.74
95,13,1,7.45
96,13,1,8.17
97,13,1,7.55
98,13,1,6.65
99,13,1,8.62
0,14,1,5.49
1,14,1,7.89
2,14,1,7.59
3,14,1,7.34
4,14,1,6.95
5,14,1,7.05
6,14,1,7.09
7,14,1,8.27
8,14,1,7.81
9,14,1,4.97
10,14,1,7.94
11,14,1,7.05
12,14,1,5.58
13,14,1,9.29
14,14,1,6.65
15,14,1,7.12
16,14,1,8.42
17,14,1,7.74
18,14,1,7.45
19,14,1,6.64
20,14,1,8.44
21,14,1,7.17
22,14,1,7.07
23,14,1,6.73
24,14,1,6.57
25,14,1,7.94
26,14,1,9.73
27,14,1,8.42
28,14,1,6.57
29,14,1,7.83
30,14,1,9.03
31,14,1,7.5
32,14,1,8.14
33,14,1,7.4
34,14,1,6.78
35,14,1,7.17
36,14,1,7.71
37,14,1,6.44
38,14,1,8.77
39,14,1,6.59
40,14,1,7.55
41,14,1,8.11
42,14,1,6.03
43,14,1,9.59
44,14,1,6.34
45,14,1,7.88
46,14,1,8.05
47,14,1,5.92
48,14,1,7.69
49,14,1,8.24
50,14,1,7.88
51,14,1,8.01
52,14,1,8.06
53,14,1,7.22
54,14,1,7.54
55,14,1,8.32
56,14,1,8.99
57,14,1,7.98
58,14,1,7.26
59,14,1,5.94
60,14,1,8.07
61,14,1,7.31
62,14,1,8.43
63,14,1,9.01
64,14,1,9.27
65,14,1,7.77
66,14,1,6.76
67,14,1,7.24
68,14,1,8.35
69,14,1,7.87
70,14,1,7.18
71,14,1,6.93
72,14,1,8.22
73,14,1,6.71
74,14,1,8.13
75,14,1,8.7
76,14,1,6.4
77,14,1,7.89
78,14,1,8.06
79,14,1,8.09
80,14,1,7.82
81,14,1,7.48
82,14,1,7.38
83,14,1,8.61
84,14,1,7.45
85,14,1,7.45
86,14,1,8.16
87,14,1,6.96
88,14,1,7.2
89,14,1,7.09
90,14,1,7.15
91,14,1,8.54
92,14,1,7.02
93,14,1,7.48
94,14,1,7.31
95,14,1,7.39
96,14,1,8.41
97,14,1,7.66
98,14,1,7.87
99,14,1,7.74
0,15,1,7.8
1,15,1,7.75
2,15,1,8.58
3,15,1,9.3
4,15,1,7.33
5,15,1,7.62
6,15,1,6.42
7,15,1,7.44
8,15,1,7.76
9,15,1,7.62
10,15,1,8.81
11,15,1,6.93
12,15,1,6.09
13,15,1,6.86
14,15,1,6.64
15,15,1,7.86
16,15,1,7.14
17,15,1,7.61
18,15,1,8.41
19,15,1,5.47
20,15,1,7.98
21,15,1,7.73
22,15,1,6.02
23,15,1,7.26
24,15,1,7.9
25,15,1,6.49
26,15,1,8.91
27,15,1,7.71
28,15,1,8.39
29,15,1,7.33
30,15,1,6.32
31,15,1,6.96
32,15,1,7.35
33,15,1,6.97
34,15,1,8.27
35,15,1,5.42
36,15,1,7.3
37,15,1,8.39
38,15,1,7.19
39,15,1,6.49
40,15,1,6.19
41,15,1,7.83
42,15,1,7.66
43,15,1,5.91
44,15,1,8.36
45,15,1,6.81
46,15,1,8.56
47,15,1,8.11
48,15,1,7.51
49,15,1,8.27
50,15,1,8.03
51,15,1,8.1
52,15,1,6.33
53,15,1,8.98
54,15,1,8.22
55,15,1,8.78
56,15,1,8.01
57,15,1,8.04
58,15,1,7.37
59,15,1,8.36
60,15,1,7.67
61,15,1,9.29
62,15,1,6.78
63,15,1,7.49
64,15,1,8.59
65,15,1,7.41
66,15,1,7.29
67,15,1,8.45
68,15,1,7.87
69,15,1,8.45
70,15,1,6.73
71,15,1,7.32
72,15,1,8.54
73,15,1,8.06
74,15,1,8.38
75,15,1,7.43
76,15,1,7.91
77,15,1,7.67
78,15,1,8.5
79,15,1,6.42
80,15,1,6.85
81,15,1,7.17
82,15,1,7.14
83,15,1,7.54
84,15,1,8.26
85,15,1,7.9
86,15,1,7.45
87,15,1,7.85
88,15,1,7.49
89,15,1,7.88
90,15,1,7.79
91,15,1,7.01
92,15,1,9.84
93,15,1,9.65
94,15,1,7.29
95,15,1,5.99
96,15,1,7.24
97,15,1,6.85
98,15,1,7.33
99,15,1,8.31
0,16,1,6.53
1,16,1,7.81
2,16,1,7.56
3,16,1,5.93
4,16,1,7.39
5,16,1,8.32
6,16,1,6.6
7,16,1,8.37
8,16,1,8.21
9,16,1,6.71
10,16,1,8.71
11,16,1,8.0
12,16,1,6.41
13,16,1,5.95
14,16,1,6.96
15,16,1,7.25
16,16,1,8.35
17,16,1,8.02
18,16,1,9.41
19,16,1,7.38
20,16,1,7.28
21,16,1,8.16
22,16,1,8.64
23,16,1,8.91
24,16,1,6.82
25,16,1,6.9
26,16,1,6.85
27,16,1,9.84
28,16,1,7.53
29,16,1,6.41
30,16,1,8.39
31,16,1,7.22
32,16,1,7.45
33,16,1,6.33
34,16,1,7.55
35,16,1,6.9
36,16,1,7.21
37,16,1,7.77
38,16,1,8.39
39,16,1,7.82
40,16,1,6.89
41,16,1,7.36
42,16,1,7.31
43,16,1,9.67
44,16,1,7.53
45,16,1,8.8
46,16,1,7.1
47,16,1,6.8
48,16,1,8.83
49,16,1,7.45
50,16,1,8.03
51,16,1,7.28
52,16,1,9.39
53,16,1,8.2
54,16,1,8.09
55,16,1,7.35
56,16,1,7.59
57,16,1,9.07
58,16,1,8.28
59,16,1,10.06
60,16,1,7.38
61,16,1,6.56
62,16,1,7.33
63,16,1,8.35
64,16,1,9.61
65,16,1,8.8
66,16,1,8.72
67,16,1,8.34
68,16,1,7.52
69,16,1,9.28
70,16,1,7.23
71,16,1,7.6
72,16,1,7.67
73,16,1,8.43
74,16,1,9.66
75,16,1,7.74
76,16,1,7.54
77,16,1,9.88
78,16,1,8.29
79,16,1,7.47
80,16,1,7.79
81,16,1,6.44
82,16,1,7.67
83,16,1,8.09
84,16,1,7.67
85,16,1,6.47
86,16,1,8.84
87,16,1,8.14
88,16,1,7.54
89,16,1,6.58
90,16,1,7.78
91,16,1,6.05
92,16,1,7.05
93,16,1,6.41
94,16,1,9.64
95,16,1,9.38
96,16,1,6.61
97,16,1,7.34
98,16,1,7.67
99,16,1,6.12
0,17,1,9.68
1,17,1,8.5
2,17,1,8.73
3,17,1,8.41
4,17,1,6.49
5,17,1,6.84
6,17,1,7.05
7,17,1,7.65
8,17,1,5.87
9,17,1,7.55
10,17,1,8.64
11,17,1,7.68
12,17,1,7.87
13,17,1,8.92
14,17,1,7.09
15,17,1,7.99
16,17,1,8.12
17,17,1,8.36
18,17,1,7.57
19,17,1,6.63
20,17,1,7.71
21,17,1,8.26
22,17,1,9.08
23,17,1,6.9
24,17,1,7.05
25,17,1,7.59
26,17,1,8.79
27,17,1,11.45
28,17,1,7.44
29,17,1,7.75
30,17,1,5.97
31,17,1,8.39
32,17,1,8.23
33,17,1,8.03
34,17,1,6.0
35,17,1,7.4
36,17,1,7.74
37,17,1,7.47
38,17,1,6.38
39,17,1,7.97
40,17,1,8.02
41,17,1,8.08
42,17,1,7.01
43,17,1,9.15
44,17,1,6.69
45,17,1,6.69
46,17,1,7.67
47,17,1,9.04
48,17,1,7.83
49,17,1,9.0
50,17,1,6.86
51,17,1,7.28
52,17,1,8.25
53,17,1,8.17
54,17,1,8.73
55,17,1,8.06
56,17,1,6.47
57,17,1,7.3
58,17,1,6.83
59,17,1,7.89
60,17,1,8.91
61,17,1,8.46
62,17,1,7.81
63,17,1,9.18
64,17,1,8.47
65,17,1,7.05
66,17,1,8.54
67,17,1,7.88
68,17,1,6.93
69,17,1,7.35
70,17,1,7.98
71,17,1,8.15
72,17,1,8.19
73,17,1,9.25
74,17,1,8.29
75,17,1,8.01
76,17,1,8.99
77,17,1,7.96
78,17,1,9.38
79,17,1,7.77
80,17,1,8.42
81,17,1,7.28
82,17,1,8.39
83,17,1,7.69
84,17,1,7.68
85,17,1,7.6
86,17,1,8.77
87,17,1,8.76
88,17,1,6.36
89,17,1,7.76
90,17,1,7.13
91,17,1,8.17
92,17,1,7.9
93,17,1,9.28
94,17,1,9.37
95,17,1,8.77
96,17,1,7.65
97,17,1,6.13
98,17,1,7.41
99,17,1,7.98
0,18,1,7.66
1,18,1,8.04
2,18,1,7.54
3,18,1,8.22
4,18,1,7.36
5,18,1,8.28
6,18,1,8.69
7,18,1,7.6
8,18,1,7.94
9,18,1,7.97
10,18,1,8.4
11,18,1,9.03
12,18,1,7.09
13,18,1,7.64
14,18,1,8.73
15,18,1,7.98
16,18,1,6.03
17,18,1,8.77
18,18,1,7.4
19,18,1,8.89
20,18,1,7.42
21,18,1,8.1
22,18,1,7.42
23,18,1,9.08
24,18,1,8.49
25,18,1,7.45
26,18,1,7.51
27,18,1,7.61
28,18,1,7.04
29,18,1,7.02
30,18,1,7.64
31,18,1,9.0
32,18,1,8.39
33,18,1,8.6
34,18,1,7.1
35,18,1,7.35
36,18,1,7.7
37,18,1,7.88
38,18,1,8.1
39,18,1,8.13
40,18,1,6.56
41,18,1,7.08
42,18,1,7.45
43,18,1,7.16
44,18,1,6.49
45,18,1,7.59
46,18,1,7.11
47,18,1,8.31
48,18,1,7.99
49,18,1,8.06
50,18,1,7.71
51,18,1,7.21
52,18,1,6.84
53,18,1,7.23
54,18,1,6.41
55,18,1,6.94
56,18,1,6.44
57,18,1,7.2
58,18,1,7.39
59,18,1,7.92
60,18,1,8.1
61,18,1,6.95
62,18,1,5.85
63,18,1,6.81
64,18,1,7.64
65,18,1,7.63
66,18,1,6.66
67,18,1,8.7
68,18,1,8.91
69,18,1,7.88
70,18,1,7.22
71,18,1,9.38
72,18,1,8.03
73,18,1,10.13
74,18,1,6.97
75,18,1,8.46
76,18,1,7.62
77,18,1,8.82
78,18,1,8.51
79,18,1,7.69
80,18,1,7.64
81,18,1,8.44
82,18,1,8.54
83,18,1,8.85
84,18,1,8.63
85,18,1,8.57
86,18,1,7.42
87,18,1,7.58
88,18,1,8.22
89,18,1,7.69
90,18,1,6.3
91,18,1,7.62
92,18,1,7.11
93,18,1,8.33
94,18,1,6.57
95,18,1,7.12
96,18,1,7.68
97,18,1,8.19
98,18,1,7.61
99,18,1,7.91
0,19,1,6.47
1,19,1,7.44
2,19,1,7.37
3,19,1,8.95
4,19,1,8.31
5,19,1,6.4
6,19,1,9.13
7,19,1,7.32
8,19,1,7.52
9,19,1,7.35
10,19,1,7.04
11,19,1,7.61
12,19,1,5.47
13,19,1,7.63
14,19,1,7.26
15,19,1,8.64
16,19,1,6.98
17,19,1,8.09
18,19,1,6.62
19,19,1,7.19
20,19,1,8.11
21,19,1,9.58
22,19,1,6.98
23,19,1,7.32
24,19,1,6.27
25,19,1,7.24
26,19,1,8.95
27,19,1,8.38
28,19,1,8.16
29,19,1,8.97
30,19,1,8.9
31,19,1,8.1
32,19,1,7.32
33,19,1,7.46
34,19,1,8.81
35,19,1,9.05
36,19,1,9.57
37,19,1,8.37
38,19,1,8.34
39,19,1,6.6
40,19,1,7.21
41,19,1,8.9
42,19,1,8.64
43,19,1,8.27
44,19,1,8.83
45,19,1,7.54
46,19,1,7.24
47,19,1,7.55
48,19,1,7.43
49,19,1,8.1
50,19,1,5.53
51,19,1,6.56
52,19,1,8.67
53,19,1,7.8
54,19,1,7.35
55,19,1,8.22
56,19,1,7.82
57,19,1,8.32
58,19,1,7.62
59,19,1,7.72
60,19,1,7.93
61,19,1,10.37
62,19,1,8.24
63,19,1,7.35
64,19,1,8.15
65,19,1,5.68
66,19,1,8.81
67,19,1,9.02
68,19,1,8.31
69,19,1,7.15
70,19,1,8.91
71,19,1,7.45
72,19,1,8.4
73,19,1,7.34
74,19,1,9.19
75,19,1,9.53
76,19,1,8.24
77,19,1,9.21
78,19,1,8.19
79,19,1,8.77
80,19,1,7.53
81,19,1,8.54
82,19,1,7.47
83,19,1,5.51
84,19,1,8.59
85,19,1,8.03
86,19,1,8.58
87,19,1,8.88
88,19,1,6.74
89,19,1,8.14
90,19,1,8.1
91,19,1,6.91
92,19,1,7.85
93,19,1,7.21
94,19,1,6.2
95,19,1,6.47
96,19,1,7.5
97,19,1,7.62
98,19,1,8.48
99,19,1,8.83
0,20,1,6.88
1,20,1,7.51
2,20,1,7.02
3,20,1,7.64
4,20,1,8.39
5,20,1,7.52
6,20,1,8.76
7,20,1,6.75
8,20,1,8.7
9,20,1,8.83
10,20,1,8.4
11,20,1,7.75
12,20,1,6.78
13,20,1,8.69
14,20,1,7.18
15,20,1,8.54
16,20,1,6.72
17,20,1,9.2
18,20,1,8.89
19,20,1,8.27
20,20,1,6.42
21,20,1,7.18
22,20,1,9.1
23,20,1,6.62
24,20,1,8.26
25,20,1,8.86
26,20,1,7.5
27,20,1,6.13
28,20,1,6.95
29,20,1,7.73
30,20,1,7.59
31,20,1,6.69
32,20,1,7.74
33,20,1,7.91
34,20,1,7.93
35,20,1,8.14
36,20,1,7.66
37,20,1,7.78
38,20,1,8.55
39,20,1,7.19
40,20,1,6.96
41,20,1,7.5
42,20,1,8.38
43,20,1,7.14
44,20,1,8.6
45,20,1,8.45
46,20,1,8.72
47,20,1,7.54
48,20,1,8.66
49,20,1,8.46
50,20,1,8.0
51,20,1,6.09
52,20,1,8.51
53,20,1,6.52
54,20,1,8.26
55,20,1,6.16
56,20,1,8.54
57,20,1,6.95
58,20,1,9.76
59,20,1,9.43
60,20,1,6.84
61,20,1,9.8
62,20,1,9.49
63,20,1,9.44
64,20,1,9.28
65,20,1,9.89
66,20,1,7.46
67,20,1,10.44
68,20,1,9.21
69,20,1,8.99
70,20,1,9.14
71,20,1,9.44
72,20,1,10.81
73,20,1,9.71
74,20,1,10.05
75,20,1,7.23
76,20,1,8.65
77,20,1,8.7
78,20,1,7.95
79,20,1,9.43
80,20,1,6.67
81,20,1,8.82
82,20,1,6.53
83,20,1,5.46
84,20,1,7.4
85,20,1,7.26
86,20,1,8.05
87,20,1,8.53
88,20,1,7.55
89,20,1,7.33
90,20,1,7.12
91,20,1,6.13
92,20,1,7.54
93,20,1,8.39
94,20,1,8.3
95,20,1,7.04
96,20,1,7.46
97,20,1,8.48
98,20,1,7.3
99,20,1,8.6
0,21,1,9.01
1,21,1,6.39
2,21,1,9.62
3,21,1,8.01
4,21,1,6.96
5,21,1,8.31
6,21,1,7.24
7,21,1,8.7
8,21,1,7.32
9,21,1,7.92
10,21,1,7.61
11,21,1,7.48
12,21,1,9.06
13,21,1,7.1
14,21,1,7.51
15,21,1,8.04
16,21,1,6.03
17,21,1,8.57
18,21,1,6.73
19,21,1,8.06
20,21,1,7.56
21,21,1,6.35
22,21,1,6.89
23,21,1,8.37
24,21,1,7.41
25,21,1,8.79
26,21,1,6.55
27,21,1,8.52
28,21,1,8.09
29,21,1,6.84
30,21,1,6.8
31,21,1,7.16
32,21,1,8.65
33,21,1,9.52
34,21,1,8.78
35,21,1,8.12
36,21,1,8.0
37,21,1,7.76
38,21,1,7.58
39,21,1,8.03
40,21,1,8.1
41,21,1,8.96
42,21,1,8.56
43,21,1,8.19
44,21,1,5.99
45,21,1,8.15
46,21,1,7.75
47,21,1,8.56
48,21,1,6.07
49,21,1,7.76
50,21,1,8.36
51,21,1,8.29
52,21,1,8.44
53,21,1,6.53
54,21,1,7.57
55,21,1,6.56
56,21,1,7.5
57,21,1,7.2
58,21,1,8.5
59,21,1,7.19
60,21,1,8.25
61,21,1,8.03
62,21,1,7.98
63,21,1,8.83
64,21,1,9.16
65,21,1,11.3
66,21,1,9.12
67,21,1,7.74
68,21,1,8.98
69,21,1,7.53
70,21,1,9.16
71,21,1,9.96
72,21,1,9.48
73,21,1,9.98
74,21,1,10.06
75,21,1,7.92
76,21,1,9.49
77,21,1,9.76
78,21,1,7.05
79,21,1,7.32
80,21,1,7.28
81,21,1,8.55
82,21,1,6.24
83,21,1,8.54
84,21,1,7.29
85,21,1,7.84
86,21,1,9.0
87,21,1,6.32
88,21,1,9.4
89,21,1,7.97
90,21,1,8.37
91,21,1,9.8
92,21,1,7.26
93,21,1,8.94
94,21,1,8.36
95,21,1,8.42
96,21,1,8.06
97,21,1,7.02
98,21,1,7.15
99,21,1,7.35
0,22,1,8.09
1,22,1,8.42
2,22,1,8.77
3,22,1,7.14
4,22,1,8.58
5,22,1,8.96
6,22,1,7.6
7,22,1,6.95
8,22,1,8.4
9,22,1,6.18
10,22,1,9.14
11,22,1,7.78
12,22,1,8.89
13,22,1,6.75
14,22,1,7.51
15,22,1,6.97
16,22,1,8.15
17,22,1,7.55
18,22,1,7.48
19,22,1,7.64
20,22,1,8.71
21,22,1,7.63
22,22,1,8.09
23,22,1,8.94
24,22,1,7.88
25,22,1,8.27
26,22,1,6.21
27,22,1,9.39
28,22,1,8.33
29,22,1,5.9
30,22,1,6.99
31,22,1,6.72
32,22,1,6.06
33,22,1,6.63
34,22,1,9.01
35,22,1,7.28
36,22,1,6.92
37,22,1,7.14
38,22,1,6.49
39,22,1,6.29
40,22,1,7.33
41,22,1,8.9
42,22,1,7.14
43,22,1,8.27
44,22,1,9.01
45,22,1,6.06
46,22,1,9.76
47,22,1,7.03
48,22,1,8.53
49,22,1,9.1
50,22,1,8.49
51,22,1,6.58
52,22,1,8.36
53,22,1,8.88
54,22,1,7.36
55,22,1,8.29
56,22,1,8.34
57,22,1,5.23
58,22,1,8.67
59,22,1,8.76
60,22,1,8.34
61,22,1,8.22
62,22,1,7.45
63,22,1,9.64
64,22,1,9.69
65,22,1,9.66
66,22,1,9.48
67,22,1,9.79
68,22,1,9.57
69,22,1,8.67
70,22,1,8.58
71,22,1,10.22
72,22,1,9.57
73,22,1,10.07
74,22,1,8.03
75,22,1,8.93
76,22,1,9.94
77,22,1,9.26
78,22,1,8.52
79,22,1,8.19
80,22,1,8.31
81,22,1,7.39
82,22,1,8.14
83,22,1,7.83
84,22,1,7.6
85,22,1,7.78
86,22,1,7.96
87,22,1,8.84
88,22,1,9.22
89,22,1,6.34
90,22,1,7.28
91,22,1,9.35
92,22,1,7.68
93,22,1,7.88
94,22,1,7.36
95,22,1,7.07
96,22,1,7.97
97,22,1,7.49
98,22,1,9.7
99,22,1,6.03
0,23,1,7.48
1,23,1,9.51
2,23,1,8.65
3,23,1,6.86
4,23,1,7.71
5,23,1,6.56
6,23,1,7.62
7,23,1,8.25
8,23,1,7.05
9,23,1,6.29
10,23,1,7.27
11,23,1,6.83
12,23,1,8.32
13,23,1,8.02
14,23,1,8.84
15,23,1,8.07
16,23,1,8.75
17,23,1,8.38
18,23,1,8.52
19,23,1,7.72
20,23,1,9.3
21,23,1,6.67
22,23,1,8.44
23,23,1,7.4
24,23,1,8.3
25,23,1,8.38
26,23,1,7.9
27,23,1,6.84
28,23,1,7.18
29,23,1,7.44
30,23,1,8.14
31,23,1,7.09
32,23,1,7.92
33,23,1,7.48
34,23,1,6.52
35,23,1,8.57
36,23,1,7.9
37,23,1,7.01
38,23,1,8.26
39,23,1,6.17
40,23,1,5.93
41,23,1,8.45
42,23,1,7.27
43,23,1,6.67
44,23,1,8.52
45,23,1,7.87
46,23,1,7.33
47,23,1,7.57
48,23,1,7.44
49,23,1,6.1
50,23,1,5.76
51,23,1,8.76
52,23,1,7.77
53,23,1,9.07
54,23,1,8.43
55,23,1,7.31
56,23,1,8.34
57,23,1,7.47
58,23,1,8.44
59,23,1,8.26
60,23,1,6.8
61,23,1,8.34
62,23,1,9.56
63,23,1,9.3
64,23,1,9.27
65,23,1,9.95
66,23,1,9.92
67,23,1,8.97
68,23,1,10.6
69,23,1,12.3
70,23,1,11.64
71,23,1,10.77
72,23,1,10.66
73,23,1,8.76
74,23,1,8.94
75,23,1,9.75
76,23,1,10.06
77,23,1,10.47
78,23,1,8.64
79,23,1,9.58
80,23,1,8.02
81,23,1,9.55
82,23,1,8.79
83,23,1,7.01
84,23,1,6.94
85,23,1,7.22
86,23,1,7.79
87,23,1,7.46
88,23,1,7.95
89,23,1,9.99
90,23,1,6.69
91,23,1,7.74
92,23,1,8.35
93,23,1,7.86
94,23,1,8.13
95,23,1,7.04
96,23,1,7.14
97,23,1,8.81
98,23,1,7.23
99,23,1,9.7
0,24,1,7.83
1,24,1,5.96
2,24,1,7.92
3,24,1,7.06
4,24,1,7.63
5,24,1,6.67
6,24,1,9.67
7,24,1,8.12
8,24,1,7.72
9,24,1,7.52
10,24,1,7.81
11,24,1,7.29
12,24,1,6.18
13,24,1,8.49
14,24,1,7.14
15,24,1,7.0
16,24,1,6.66
17,24,1,7.57
18,24,1,8.48
19,24,1,8.24
20,24,1,6.58
21,24,1,7.68
22,24,1,8.69
23,24,1,7.91
24,24,1,7.51
25,24,1,7.87
26,24,1,8.45
27,24,1,7.42
28,24,1,7.32
29,24,1,7.15
30,24,1,7.91
31,24,1,7.83
32,24,1,8.55
33,24,1,9.88
34,24,1,7.66
35,24,1,7.99
36,24,1,7.15
37,24,1,5.97
38,24,1,7.11
39,24,1,7.6
40,24,1,7.24
41,24,1,6.73
42,24,1,8.46
43,24,1,8.31
44,24,1,7.94
45,24,1,7.61
46,24,1,9.14
47,24,1,8.43
48,24,1,6.69
49,24,1,7.08
50,24,1,7.78
51,24,1,7.13
52,24,1,6.74
53,24,1,7.94
54,24,1,7.83
55,24,1,9.36
56,24,1,6.98
57,24,1,9.86
58,24,1,8.55
59,24,1,8.95
60,24,1,10.6
61,24,1,9.01
62,24,1,9.69
63,24,1,8.37
64,24,1,9.71
65,24,1,9.73
66,24,1,10.96
67,24,1,10.46
68,24,1,12.2
69,24,1,8.97
70,24,1,9.57
71,24,1,9.47
72,24,1,9.7
73,24,1,9.44
74,24,1,10.14
75,24,1,11.13
76,24,1,9.4
77,24,1,10.88
78,24,1,8.72
79,24,1,10.3
80,24,1,9.07
81,24,1,8.57
82,24,1,6.29
83,24,1,7.9
84,24,1,8.24
85,24,1,7.44
86,24,1,8.27
87,24,1,6.66
88,24,1,7.53
89,24,1,6.94
90,24,1,8.05
91,24,1,8.32
92,24,1,7.61
93,24,1,8.33
94,24,1,8.64
95,24,1,6.03
96,24,1,8.52
97,24,1,8.78
98,24,1,7.22
99,24,1,7.75
0,25,1,9.65
1,25,1,8.31
2,25,1,8.14
3,25,1,7.35
4,25,1,7.1
5,25,1,7.31
6,25,1,8.63
7,25,1,7.56
8,25,1,6.64
9,25,1,7.8
10,25,1,7.9
11,25,1,7.93
12,25,1,6.79
13,25,1,7.08
14,25,1,7.66
15,25,1,7.85
16,25,1,7.52
17,25,1,8.54
18,25,1,7.49
19,25,1,9.09
20,25,1,7.43
21,25,1,7.98
22,25,1,7.22
23,25,1,7.42
24,25,1,8.57
25,25,1,7.96
26,25,1,7.52
27,25,1,7.33
28,25,1,7.51
29,25,1,7.71
30,25,1,7.46
31,25,1,7.42
32,25,1,8.17
33,25,1,8.75
34,25,1,7.33
35,25,1,7.36
36,25,1,6.41
37,25,1,8.22
38,25,1,9.21
39,25,1,7.29
40,25,1,7.58
41,25,1,8.02
42,25,1,9.14
43,25,1,7.89
44,25,1,8.3
45,25,1,7.77
46,25,1,9.29
47,25,1,7.52
48,25,1,8.41
49,25,1,7.75
50,25,1,7.24
51,25,1,7.92
52,25,1,7.05
53,25,1,6.72
54,25,1,8.56
55,25,1,7.31
56,25,1,7.21
57,25,1,6.77
58,25,1,9.21
59,25,1,8.9
60,25,1,8.47
61,25,1,7.49
62,25,1,8.8
63,25,1,10.13
64,25,1,8.83
65,25,1,8.27
66,25,1,12.35
67,25,1,10.33
68,25,1,10.57
69,25,1,11.29
70,25,1,10.07
71,25,1,10.37
72,25,1,11.5
73,25,1,10.89
74,25,1,10.57
75,25,1,10.64
76,25,1,10.42
77,25,1,10.29
78,25,1,9.56
79,25,1,9.93
80,25,1,9.31
81,25,1,7.26
82,25,1,7.67
83,25,1,8.47
84,25,1,7.72
85,25,1,9.22
86,25,1,8.03
87,25,1,9.07
88,25,1,7.88
89,25,1,8.52
90,25,1,8.78
91,25,1,7.03
92,25,1,6.7
93,25,1,7.3
94,25,1,8.49
95,25,1,7.68
96,25,1,7.25
97,25,1,7.74
98,25,1,8.41
99,25,1,8.92
0,26,1,7.45
1,26,1,9.01
2,26,1,8.28
3,26,1,8.27
4,26,1,7.43
5,26,1,7.24
6,26,1,6.35
7,26,1,7.99
8,26,1,8.75
9,26,1,7.0
10,26,1,6.42
11,26,1,7.85
12,26,1,6.72
13,26,1,7.0
14,26,1,9.78
15,26,1,7.59
16,26,1,7.23
17,26,1,7.33
18,26,1,8.78
19,26,1,9.63
20,26,1,8.18
21,26,1,8.54
22,26,1,6.96
23,26,1,7.84
24,26,1,9.9
25,26,1,8.61
26,26,1,8.08
27,26,1,7.61
28,26,1,8.03
29,26,1,7.09
30,26,1,8.87
31,26,1,8.91
32,26,1,8.14
33,26,1,6.42
34,26,1,7.47
35,26,1,5.38
36,26,1,6.48
37,26,1,6.99
38,26,1,7.52
39,26,1,8.74
40,26,1,8.47
41,26,1,7.57
42,26,1,7.8
43,26,1,8.76
44,26,1,8.3
45,26,1,7.37
46,26,1,8.53
47,26,1,8.11
48,26,1,8.79
49,26,1,7.02
50,26,1,7.02
51,26,1,7.66
52,26,1,6.87
53,26,1,7.82
54,26,1,7.14
55,26,1,8.37
56,26,1,8.37
57,26,1,9.39
58,26,1,7.86
59,26,1,8.64
60,26,1,9.51
61,26,1,9.61
62,26,1,9.19
63,26,1,8.15
64,26,1,11.66
65,26,1,11.96
66,26,1,9.53
67,26,1,10.38
68,26,1,11.65
69,26,1,8.96
70,26,1,10.17
71,26,1,11.43
72,26,1,10.64
73,26,1,9.71
74,26,1,9.22
75,26,1,12.37
76,26,1,9.88
77,26,1,11.04
78,26,1,9.21
79,26,1,8.65
80,26,1,9.72
81,26,1,8.07
82,26,1,8.33
83,26,1,8.27
84,26,1,7.4
85,26,1,7.94
86,26,1,8.56
87,26,1,7.06
88,26,1,8.46
89,26,1,7.85
90,26,1,8.26
91,26,1,8.16
92,26,1,6.96
93,26,1,7.15
94,26,1,7.79
95,26,1,6.38
96,26,1,7.98
97,26,1,7.4
98,26,1,7.6
99,26,1,7.69
0,27,1,7.15
1,27,1,7.71
2,27,1,6.57
3,27,1,6.94
4,27,1,6.52
5,27,1,8.77
6,27,1,6.73
7,27,1,9.55
8,27,1,9.2
9,27,1,6.17
10,27,1,7.6
11,27,1,8.12
12,27,1,8.93
13,27,1,8.47
14,27,1,7.55
15,27,1,7.58
16,27,1,9.38
17,27,1,6.93
18,27,1,8.49
19,27,1,8.21
20,27,1,7.09
21,27,1,8.47
22,27,1,8.63
23,27,1,8.23
24,27,1,7.25
25,27,1,8.95
26,27,1,7.12
27,27,1,7.53
28,27,1,6.53
29,27,1,8.57
30,27,1,7.52
31,27,1,7.83
32,27,1,6.68
33,27,1,7.82
34,27,1,8.58
35,27,1,6.86
36,27,1,7.76
37,27,1,8.05
38,27,1,7.07
39,27,1,9.19
40,27,1,7.45
41,27,1,9.0
42,27,1,6.02
43,27,1,7.77
44,27,1,8.8
45,27,1,6.57
46,27,1,7.96
47,27,1,8.43
48,27,1,8.71
49,27,1,8.01
50,27,1,7.5
51,27,1,8.34
52,27,1,9.03
53,27,1,7.3
54,27,1,7.03
55,27,1,6.62
56,27,1,8.19
57,27,1,10.2
58,27,1,8.27
59,27,1,8.73
60,27,1,9.29
61,27,1,10.93
62,27,1,9.8
63,27,1,10.49
64,27,1,8.03
65,27,1,10.25
66,27,1,10.47
67,27,1,10.09
68,27,1,11.86
69,27,1,11.17
70,27,1,10.29
71,27,1,9.99
72,27,1,10.29
73,27,1,12.0
74,27,1,11.42
75,27,1,10.48
76,27,1,11.14
77,27,1,8.76
78,27,1,9.01
79,27,1,10.23
80,27,1,10.2
81,27,1,8.65
82,27,1,9.0
83,27,1,8.47
84,27,1,8.43
85,27,1,7.05
86,27,1,8.83
87,27,1,6.35
88,27,1,7.43
89,27,1,9.25
90,27,1,5.37
91,27,1,6.25
92,27,1,6.64
93,27,1,10.32
94,27,1,8.5
95,27,1,7.46
96,27,1,8.01
97,27,1,8.42
98,27,1,7.96
99,27,1,7.78
0,28,1,7.6
1,28,1,8.06
2,28,1,8.35
3,28,1,7.3
4,28,1,8.73
5,28,1,8.41
6,28,1,7.97
7,28,1,9.36
8,28,1,7.93
9,28,1,7.72
10,28,1,7.7
11,28,1,6.27
12,28,1,7.57
13,28,1,7.05
14,28,1,9.43
15,28,1,6.94
16,28,1,9.11
17,28,1,7.24
18,28,1,6.64
19,28,1,9.63
20,28,1,7.62
21,28,1,7.35
22,28,1,9.49
23,28,1,7.68
24,28,1,6.74
25,28,1,7.87
26,28,1,7.59
27,28,1,8.31
28,28,1,9.35
29,28,1,7.76
30,28,1,6.7
31,28,1,8.04
32,28,1,8.95
33,28,1,7.36
34,28,1,8.69
35,28,1,6.4
36,28,1,8.1
37,28,1,6.1
38,28,1,8.47
39,28,1,6.51
40,28,1,6.82
41,28,1,5.87
42,28,1,8.02
43,28,1,7.12
44,28,1,8.46
45,28,1,7.62
46,28,1,6.9
47,28,1,9.23
48,28,1,8.28
49,28,1,9.14
50,28,1,8.42
51,28,1,6.71
52,28,1,8.52
53,28,1,7.57
54,28,1,9.16
55,28,1,7.64
56,28,1,7.65
57,28,1,7.29
58,28,1,7.48
59,28,1,9.1
60,28,1,9.27
61,28,1,10.4
62,28,1,9.79
63,28,1,9.22
64,28,1,10.26
65,28,1,9.68
66,28,1,10.41
67,28,1,9.96
68,28,1,10.05
69,28,1,11.63
70,28,1,12.06
71,28,1,10.09
72,28,1,10.74
73,28,1,10.83
74,28,1,9.69
75,28,1,10.31
76,28,1,10.02
77,28,1,10.0
78,28,1,9.64
79,28,1,9.46
80,28,1,8.3
81,28,1,9.49
82,28,1,6.54
83,28,1,7.7
84,28,1,9.12
85,28,1,9.98
86,28,1,9.96
87,28,1,6.66
88,28,1,8.18
89,28,1,8.86
90,28,1,7.34
91,28,1,6.58
92,28,1,7.59
93,28,1,8.37
94,28,1,8.93
95,28,1,7.51
96,28,1,8.5
97,28,1,6.36
98,28,1,10.08
99,28,1,5.97
0,29,1,7.98
1,29,1,7.44
2,29,1,6.06
3,29,1,7.19
4,29,1,8.2
5,29,1,8.16
6,29,1,7.42
7,29,1,9.85
8,29,1,7.16
9,29,1,7.63
10,29,1,7.2
11,29,1,7.73
12,29,1,6.18
13,29,1,9.0
14,29,1,8.97
15,29,1,9.52
16,29,1,8.85
17,29,1,7.34
18,29,1,8.0
19,29,1,6.85
20,29,1,7.96
21,29,1,7.6
22,29,1,7.49
23,29,1,7.28
24,29,1,7.34
25,29,1,9.39
26,29,1,8.77
27,29,1,8.05
28,29,1,7.87
29,29,1,5.89
30,29,1,6.11
31,29,1,8.8
32,29,1,8.62
33,29,1,7.83
34,29,1,7.88
35,29,1,8.9
36,29,1,8.21
37,29,1,7.51
38,29,1,7.49
39,29,1,6.82
40,29,1,6.43
41,29,1,7.07
42,29,1,7.23
43,29,1,8.47
44,29,1,6.34
45,29,1,8.19
46,29,1,8.24
47,29,1,8.4
48,29,1,9.14
49,29,1,8.48
50,29,1,7.31
51,29,1,7.07
52,29,1,6.45
53,29,1,7.24
54,29,1,7.03
55,29,1,8.57
56,29,1,8.86
57,29,1,6.78
58,29,1,7.91
59,29,1,10.36
60,29,1,9.58
61,29,1,9.02
62,29,1,9.9
63,29,1,10.39
64,29,1,12.63
65,29,1,10.9
66,29,1,11.21
67,29,1,10.94
68,29,1,9.66
69,29,1,9.57
70,29,1,10.89
71,29,1,12.43
72,29,1,10.8
73,29,1,11.25
74,29,1,9.95
75,29,1,11.9
76,29,1,9.09
77,29,1,7.51
78,29,1,8.83
79,29,1,9.28
80,29,1,8.58
81,29,1,9.09
82,29,1,8.62
83,29,1,9.18
84,29,1,8.2
85,29,1,7.41
86,29,1,8.62
87,29,1,9.05
88,29,1,7.8
89,29,1,8.26
90,29,1,7.74
91,29,1,7.58
92,29,1,8.36
93,29,1,8.57
94,29,1,6.8
95,29,1,7.97
96,29,1,6.94
97,29,1,8.04
98,29,1,8.92
99,29,1,7.43
0,30,1,7.0
1,30,1,8.23
2,30,1,8.94
3,30,1,8.91
4,30,1,7.05
5,30,1,7.43
6,30,1,7.34
7,30,1,7.82
8,30,1,9.32
9,30,1,6.73
10,30,1,6.15
11,30,1,10.05
12,30,1,8.51
13,30,1,6.85
14,30,1,8.72
15,30,1,7.61
16,30,1,8.18
17,30,1,6.42
18,30,1,6.89
19,30,1,6.53
20,30,1,8.96
21,30,1,8.88
22,30,1,7.03
23,30,1,9.11
24,30,1,7.91
25,30,1,7.4
26,30,1,7.46
27,30,1,8.86
28,30,1,7.15
29,30,1,7.19
30,30,1,8.24
31,30,1,7.97
32,30,1,7.97
33,30,1,6.99
34,30,1,7.6
35,30,1,8.1
36,30,1,6.58
37,30,1,8.98
38,30,1,7.01
39,30,1,7.09
40,30,1,8.27
41,30,1,5.97
42,30,1,7.49
43,30,1,8.92
44,30,1,7.23
45,30,1,7.35
46,30,1,5.33
47,30,1,9.03
48,30,1,6.88
49,30,1,4.77
50,30,1,8.16
51,30,1,6.47
52,30,1,8.33
53,30,1,8.76
54,30,1,9.79
55,30,1,7.64
56,30,1,7.45
57,30,1,8.55
58,30,1,7.22
59,30,1,9.22
60,30,1,8.91
61,30,1,8.59
62,30,1,9.68
63,30,1,10.74
64,30,1,9.97
65,30,1,10.4
66,30,1,10.4
67,30,1,10.85
68,30,1,12.7
69,30,1,10.3
70,30,1,9.59
71,30,1,10.4
72,30,1,10.41
73,30,1,11.5
74,30,1,10.34
75,30,1,10.03
76,30,1,11.68
77,30,1,9.17
78,30,1,9.36
79,30,1,9.8
80,30,1,9.13
81,30,1,9.68
82,30,1,10.38
83,30,1,6.83
84,30,1,8.41
85,30,1,8.48
86,30,1,8.28
87,30,1,8.76
88,30,1,6.89
89,30,1,7.18
90,30,1,7.76
91,30,1,8.02
92,30,1,8.4
93,30,1,9.04
94,30,1,7.25
95,30,1,7.98
96,30,1,8.85
97,30,1,8.82
98,30,1,5.86
99,30,1,7.47
0,31,1,6.98
1,31,1,9.09
2,31,1,7.87
3,31,1,6.36
4,31,1,7.17
5,31,1,7.27
6,31,1,7.71
7,31,1,7.42
8,31,1,7.04
9,31,1,9.99
10,31,1,7.83
11,31,1,8.19
12,31,1,7.82
13,31,1,8.51
14,31,1,8.49
15,31,1,5.39
16,31,1,8.36
17,31,1,6.84
18,31,1,6.9
19,31,1,7.01
20,31,1,6.91
21,31,1,8.65
22,31,1,8.23
23,31,1,6.98
24,31,1,7.02
25,31,1,8.91
26,31,1,7.26
27,31,1,8.61
28,31,1,7.42
29,31,1,8.14
30,31,1,8.19
31,31,1,6.84
32,31,1,6.16
33,31,1,8.47
34,31,1,7.25
35,31,1,8.83
36,31,1,8.44
37,31,1,8.23
38,31,1,8.76
39,31,1,7.04
40,31,1,7.96
41,31,1,7.29
42,31,1,8.04
43,31,1,7.3
44,31,1,6.24
45,31,1,7.0
46,31,1,7.21
47,31,1,8.05
48,31,1,7.42
49,31,1,8.3
50,31,1,8.05
51,31,1,8.12
52,31,1,7.08
53,31,1,6.84
54,31,1,6.55
55,31,1,8.33
56,31,1,8.62
57,31,1,7.58
58,31,1,8.53
59,31,1,9.98
60,31,1,10.68
61,31,1,10.81
62,31,1,11.03
63,31,1,10.32
64,31,1,10.31
65,31,1,10.9
66,31,1,11.95
67,31,1,11.47
68,31,1,9.85
69,31,1,10.01
70,31,1,9.92
71,31,1,9.89
72,31,1,12.42
73,31,1,11.72
74,31,1,11.54
75,31,1,10.48
76,31,1,10.19
77,31,1,10.71
78,31,1,8.71
79,31,1,11.02
80,31,1,8.67
81,31,1,9.9
82,31,1,9.35
83,31,1,8.0
84,31,1,8.26
85,31,1,7.46
86,31,1,7.74
87,31,1,8.83
88,31,1,7.54
89,31,1,10.04
90,31,1,6.78
91,31,1,8.14
92,31,1,6.67
93,31,1,7.89
94,31,1,7.8
95,31,1,7.8
96,31,1,7.86
97,31,1,7.16
98,31,1,6.33
99,31,1,8.04
0,32,1,7.72
1,32,1,7.22
2,32,1,8.43
3,32,1,6.7
4,32,1,6.08
5,32,1,8.94
6,32,1,7.62
7,32,1,9.12
8,32,1,6.44
9,32,1,8.52
10,32,1,9.04
11,32,1,6.85
12,32,1,7.73
13,32,1,7.28
14,32,1,7.4
15,32,1,7.55
16,32,1,6.6
17,32,1,7.23
18,32,1,7.76
19,32,1,8.05
20,32,1,8.28
21,32,1,8.44
22,32,1,7.95
23,32,1,7.62
24,32,1,10.25
25,32,1,7.83
26,32,1,7.9
27,32,1,8.51
28,32,1,6.21
29,32,1,6.94
30,32,1,8.59
31,32,1,6.85
32,32,1,8.25
33,32,1,6.1
34,32,1,7.66
35,32,1,8.23
36,32,1,7.43
37,32,1,6.89
38,32,1,9.45
39,32,1,8.36
40,32,1,5.95
41,32,1,8.57
42,32,1,8.98
43,32,1,8.05
44,32,1,8.49
45,32,1,9.16
46,32,1,8.35
47,32,1,7.0
48,32,1,7.0
49,32,1,6.82
50,32,1,6.79
51,32,1,6.68
52,32,1,7.66
53,32,1,8.33
54,32,1,8.31
55,32,1,7.09
56,32,1,9.0
57,32,1,7.11
58,32,1,7.46
59,32,1,9.75
60,32,1,7.05
61,32,1,10.36
62,32,1,9.62
63,32,1,9.17
64,32,1,9.76
65,32,1,10.61
66,32,1,10.33
67,32,1,11.62
68,32,1,11.6
69,32,1,10.45
70,32,1,11.54
71,32,1,9.57
72,32,1,9.12
73,32,1,10.9
74,32,1,10.09
75,32,1,9.41
76,32,1,9.86
77,32,1,9.06
78,32,1,11.52
79,32,1,11.22
80,32,1,8.43
81,32,1,9.8
82,32,1,9.34
83,32,1,8.22
84,32,1,7.64
85,32,1,7.54
86,32,1,9.09
87,32,1,7.46
88,32,1,7.45
89,32,1,8.09
90,32,1,8.89
91,32,1,7.73
92,32,1,6.33
93,32,1,7.71
94,32,1,7.56
95,32,1,7.47
96,32,1,6.9
97,32,1,7.98
98,32,1,6.93
99,32,1,7.04
0,33,1,8.45
1,33,1,7.49
2,33,1,6.7
3,33,1,5.59
4,33,1,7.93
5,33,1,8.87
6,33,1,8.0
7,33,1,6.62
8,33,1,8.24
9,33,1,8.32
10,33,1,8.72
11,33,1,9.18
12,33,1,7.72
13,33,1,6.09
14,33,1,7.95
15,33,1,8.61
16,33,1,7.18
17,33,1,7.6
18,33,1,6.42
19,33,1,8.42
20,33,1,8.01
21,33,1,8.0
22,33,1,8.38
23,33,1,8.31
24,33,1,8.4
25,33,1,7.77
26,33,1,8.77
27,33,1,8.65
28,33,1,8.09
29,33,1,7.21
30,33,1,9.39
31,33,1,7.74
32,33,1,7.84
33,33,1,6.93
34,33,1,6.17
35,33,1,7.22
36,33,1,8.57
37,33,1,8.23
38,33,1,8.55
39,33,1,9.72
40,33,1,8.05
41,33,1,6.81
42,33,1,7.47
43,33,1,8.96
44,33,1,8.18
45,33,1,7.59
46,33,1,7.3
47,33,1,7.84
48,33,1,9.31
49,33,1,7.5
50,33,1,7.16
51,33,1,8.75
52,33,1,10.11
53,33,1,7.46
54,33,1,8.1
55,33,1,9.49
56,33,1,9.18
57,33,1,9.01
58,33,1,7.99
59,33,1,8.22
60,33,1,7.91
61,33,1,9.54
62,33,1,8.58
63,33,1,11.63
64,33,1,11.08
65,33,1,10.09
66,33,1,11.31
67,33,1,11.64
68,33,1,10.35
69,33,1,10.64
70,33,1,10.05
71,33,1,10.66
72,33,1,12.33
73,33,1,9.72
74,33,1,10.26
75,33,1,11.15
76,33,1,10.31
77,33,1,10.0
78,33,1,10.91
79,33,1,9.58
80,33,1,9.03
81,33,1,8.69
82,33,1,7.57
83,33,1,8.94
84,33,1,9.37
85,33,1,7.86
86,33,1,8.01
87,33,1,7.55
88,33,1,7.76
89,33,1,7.98
90,33,1,8.11
91,33,1,7.16
92,33,1,8.53
93,33,1,7.3
94,33,1,7.9
95,33,1,7.63
96,33,1,8.13
97,33,1,7.93
98,33,1,6.05
99,33,1,7.39
0,34,1,6.06
1,34,1,7.27
2,34,1,7.47
3,34,1,7.78
4,34,1,7.62
5,34,1,7.73
6,34,1,7.94
7,34,1,8.67
8,34,1,8.06
9,34,1,7.44
10,34,1,8.33
11,34,1,6.55
12,34,1,6.02
13,34,1,6.49
14,34,1,7.26
15,34,1,7.76
16,34,1,8.02
17,34,1,8.4
18,34,1,6.24
19,34,1,8.91
20,34,1,7.47
21,34,1,6.74
22,34,1,6.94
23,34,1,7.72
24,34,1,8.85
25,34,1,6.89
26,34,1,8.67
27,34,1,8.44
28,34,1,8.17
29,34,1,7.13
30,34,1,8.38
31,34,1,6.47
32,34,1,8.17
33,34,1,8.46
34,34,1,7.33
35,34,1,5.79
36,34,1,7.54
37,34,1,8.71
38,34,1,7.73
39,34,1,7.94
40,34,1,8.41
41,34,1,8.07
42,34,1,8.05
43,34,1,8.83
44,34,1,6.62
45,34,1,6.78
46,34,1,9.3
47,34,1,7.82
48,34,1,8.53
49,34,1,7.99
50,34,1,6.37
51,34,1,7.84
52,34,1,7.78
53,34,1,8.34
54,34,1,7.41
55,34,1,8.79
56,34,1,6.74
57,34,1,7.4
58,34,1,9.72
59,34,1,8.87
60,34,1,8.42
61,34,1,10.66
62,34,1,8.22
63,34,1,11.24
64,34,1,10.67
65,34,1,10.85
66,34,1,11.29
67,34,1,11.52
68,34,1,10.38
69,34,1,11.16
70,34,1,9.35
71,34,1,11.45
72,34,1,9.78
73,34,1,11.34
74,34,1,11.27
75,34,1,10.95
76,34,1,11.25
77,34,1,8.49
78,34,1,11.13
79,34,1,8.83
80,34,1,8.94
81,34,1,8.94
82,34,1,9.31
83,34,1,8.17
84,34,1,8.23
85,34,1,7.34
86,34,1,8.13
87,34,1,6.17
88,34,1,4.88
89,34,1,6.6
90,34,1,8.84
91,34,1,8.01
92,34,1,7.89
93,34,1,7.1
94,34,1,9.11
95,34,1,7.72
96,34,1,8.9
97,34,1,7.3
98,34,1,7.56
99,34,1,7.68
0,35,1,8.11
1,35,1,8.62
2,35,1,7.87
3,35,1,7.76
4,35,1,6.03
5,35,1,7.66
6,35,1,8.28
7,35,1,8.13
8,35,1,7.48
9,35,1,7.41
10,35,1,7.95
11,35,1,8.45
12,35,1,7.48
13,35,1,7.66
14,35,1,7.03
15,35,1,7.92
16,35,1,6.75
17,35,1,7.62
18,35,1,7.44
19,35,1,8.33
20,35,1,9.21
21,35,1,7.83
22,35,1,8.72
23,35,1,6.73
24,35,1,7.24
25,35,1,6.34
26,35,1,7.04
27,35,1,7.45
28,35,1,7.22
29,35,1,7.55
30,35,1,8.15
31,35,1,7.61
32,35,1,8.03
33,35,1,9.41
34,35,1,5.68
35,35,1,8.07
36,35,1,8.11
37,35,1,6.6
38,35,1,8.2
39,35,1,7.62
40,35,1,6.34
41,35,1,8.99
42,35,1,6.82
43,35,1,6.03
44,35,1,8.55
45,35,1,8.54
46,35,1,6.92
47,35,1,6.71
48,35,1,8.52
49,35,1,7.67
50,35,1,8.12
51,35,1,8.95
52,35,1,7.56
53,35,1,8.25
54,35,1,5.98
55,35,1,8.83
56,35,1,10.17
57,35,1,9.17
58,35,1,8.69
59,35,1,8.8
60,35,1,9.31
61,35,1,9.5
62,35,1,8.93
63,35,1,11.23
64,35,1,10.08
65,35,1,10.41
66,35,1,10.06
67,35,1,9.4
68,35,1,10.93
69,35,1,11.13
70,35,1,9.63
71,35,1,9.38
72,35,1,12.07
73,35,1,11.33
74,35,1,10.88
75,35,1,9.76
76,35,1,9.93
77,35,1,10.55
78,35,1,10.42
79,35,1,8.01
80,35,1,8.64
81,35,1,8.85
82,35,1,9.6
83,35,1,8.22
84,35,1,8.36
85,35,1,7.77
86,35,1,7.78
87,35,1,7.06
88,35,1,7.11
89,35,1,6.8
90,35,1,7.23
91,35,1,9.0
92,35,1,5.95
93,35,1,7.56
94,35,1,7.93
95,35,1,7.64
96,35,1,8.56
97,35,1,7.43
98,35,1,7.81
99,35,1,8.0
0,36,1,6.12
1,36,1,7.6
2,36,1,7.56
3,36,1,7.39
4,36,1,8.41
5,36,1,8.95
6,36,1,6.95
7,36,1,8.62
8,36,1,8.02
9,36,1,7.45
10,36,1,8.86
11,36,1,8.87
12,36,1,8.76
13,36,1,7.76
14,36,1,7.11
15,36,1,8.71
16,36,1,7.74
17,36,1,8.76
18,36,1,6.49
19,36,1,7.49
20,36,1,9.57
21,36,1,8.62
22,36,1,6.98
23,36,1,8.15
24,36,1,6.55
25,36,1,7.61
26,36,1,7.14
27,36,1,5.92
28,36,1,8.44
29,36,1,6.85
30,36,1,6.64
31,36,1,6.91
32,36,1,7.49
33,36,1,7.79
34,36,1,8.08
35,36,1,6.34
36,36,1,7.99
37,36,1,6.83
38,36,1,8.97
39,36,1,7.47
40,36,1,6.95
41,36,1,8.6
42,36,1,5.49
43,36,1,7.35
44,36,1,8.99
45,36,1,8.85
46,36,1,6.08
47,36,1,7.39
48,36,1,7.78
49,36,1,5.88
50,36,1,7.61
51,36,1,7.93
52,36,1,8.16
53,36,1,6.99
54,36,1,7.1
55,36,1,9.68
56,36,1,7.15
57,36,1,6.96
58,36,1,6.83
59,36,1,9.49
60,36,1,8.78
61,36,1,9.9
62,36,1,10.69
63,36,1,8.62
64,36,1,9.72
65,36,1,10.59
66,36,1,10.15
67,36,1,10.17
68,36,1,9.43
69,36,1,11.89
70,36,1,8.67
71,36,1,11.36
72,36,1,10.61
73,36,1,10.45
74,36,1,9.57
75,36,1,11.83
76,36,1,10.41
77,36,1,9.25
78,36,1,7.84
79,36,1,8.8
80,36,1,7.27
81,36,1,8.56
82,36,1,10.29
83,36,1,7.93
84,36,1,9.68
85,36,1,7.7
86,36,1,8.77
87,36,1,8.13
88,36,1,8.95
89,36,1,10.17
90,36,1,8.9
91,36,1,7.43
92,36,1,7.24
93,36,1,7.73
94,36,1,8.3
95,36,1,8.28
96,36,1,8.32
97,36,1,8.6
98,36,1,6.61
99,36,1,6.1
0,37,1,8.16
1,37,1,6.3
2,37,1,9.17
3,37,1,7.99
4,37,1,8.81
5,37,1,7.96
6,37,1,7.92
7,37,1,7.72
8,37,1,8.46
9,37,1,7.64
10,37,1,7.17
11,37,1,7.67
12,37,1,7.35
13,37,1,7.07
14,37,1,8.48
15,37,1,8.13
16,37,1,7.3
17,37,1,8.51
18,37,1,7.43
19,37,1,7.82
20,37,1,9.12
21,37,1,6.43
22,37,1,7.99
23,37,1,7.49
24,37,1,7.31
25,37,1,7.83
26,37,1,8.78
27,37,1,7.07
28,37,1,6.89
29,37,1,8.85
30,37,1,8.22
31,37,1,6.9
32,37,1,7.8
33,37,1,7.75
34,37,1,8.19
35,37,1,8.15
36,37,1,7.81
37,37,1,9.98
38,37,1,7.34
39,37,1,6.76
40,37,1,6.18
41,37,1,7.72
42,37,1,7.48
43,37,1,7.45
44,37,1,7.49
45,37,1,8.02
46,37,1,6.7
47,37,1,8.02
48,37,1,7.82
49,37,1,7.65
50,37,1,8.44
51,37,1,7.36
52,37,1,7.24
53,37,1,8.31
54,37,1,7.94
55,37,1,6.78
56,37,1,7.65
57,37,1,7.29
58,37,1,8.45
59,37,1,6.71
60,37,1,9.32
61,37,1,8.27
62,37,1,7.88
63,37,1,9.05
64,37,1,9.9
65,37,1,9.5
66,37,1,10.56
67,37,1,11.69
68,37,1,11.35
69,37,1,8.86
70,37,1,9.52
71,37,1,11.24
72,37,1,10.52
73,37,1,11.45
74,37,1,9.38
75,37,1,10.31
76,37,1,9.07
77,37,1,9.74
78,37,1,9.55
79,37,1,9.66
80,37,1,7.5
81,37,1,9.54
82,37,1,7.44
83,37,1,6.78
84,37,1,9.09
85,37,1,7.54
86,37,1,8.19
87,37,1,7.25
88,37,1,8.4
89,37,1,8.39
90,37,1,6.39
91,37,1,7.13
92,37,1,7.36
93,37,1,7.76
94,37,1,5.6
95,37,1,9.13
96,37,1,8.42
97,37,1,7.81
98,37,1,7.7
99,37,1,6.36
0,38,1,7.45
1,38,1,9.52
2,38,1,6.94
3,38,1,8.91
4,38,1,7.75
5,38,1,5.53
6,38,1,8.27
7,38,1,7.67
8,38,1,8.17
9,38,1,7.8
10,38,1,7.31
11,38,1,8.17
12,38,1,7.91
13,38,1,9.12
14,38,1,6.47
15,38,1,8.63
16,38,1,8.43
17,38,1,8.47
18,38,1,9.01
19,38,1,7.01
20,38,1,7.08
21,38,1,7.17
22,38,1,7.21
23,38,1,7.18
24,38,1,7.88
25,38,1,7.52
26,38,1,6.98
27,38,1,7.39
28,38,1,7.78
29,38,1,6.07
30,38,1,7.7
31,38,1,9.86
32,38,1,9.48
33,38,1,7.54
34,38,1,8.28
35,38,1,7.63
36,38,1,7.66
37,38,1,7.8
38,38,1,7.06
39,38,1,6.98
40,38,1,8.0
41,38,1,8.56
42,38,1,7.3
43,38,1,8.12
44,38,1,7.6
45,38,1,7.83
46,38,1,6.57
47,38,1,7.55
48,38,1,7.54
49,38,1,8.29
50,38,1,7.58
51,38,1,7.2
52,38,1,7.42
53,38,1,8.53
54,38,1,7.88
55,38,1,8.39
56,38,1,6.35
57,38,1,8.26
58,38,1,7.08
59,38,1,8.3
60,38,1,8.41
61,38,1,8.44
62,38,1,10.12
63,38,1,10.13
64,38,1,9.74
65,38,1,11.2
66,38,1,10.08
67,38,1,9.44
68,38,1,10.46
69,38,1,10.23
70,38,1,10.01
71,38,1,10.3
72,38,1,9.65
73,38,1,9.06
74,38,1,11.26
75,38,1,11.66
76,38,1,9.84
77,38,1,9.64
78,38,1,9.11
79,38,1,8.38
80,38,1,7.9
81,38,1,7.2
82,38,1,8.24
83,38,1,8.82
84,38,1,8.92
85,38,1,7.38
86,38,1,8.31
87,38,1,6.72
88,38,1,8.62
89,38,1,8.21
90,38,1,6.5
91,38,1,7.51
92,38,1,7.71
93,38,1,7.54
94,38,1,5.87
95,38,1,7.8
96,38,1,6.17
97,38,1,7.22
98,38,1,7.72
99,38,1,7.99
0,39,1,6.7
1,39,1,7.3
2,39,1,8.47
3,39,1,8.1
4,39,1,9.13
5,39,1,9.88
6,39,1,6.33
7,39,1,7.15
8,39,1,8.09
9,39,1,9.26
10,39,1,7.21
11,39,1,8.13
12,39,1,8.42
13,39,1,8.27
14,39,1,7.15
15,39,1,6.8
16,39,1,9.25
17,39,1,9.45
18,39,1,8.13
19,39,1,6.33
20,39,1,8.64
21,39,1,9.06
22,39,1,9.7
23,39,1,7.84
24,39,1,6.07
25,39,1,7.33
26,39,1,6.36
27,39,1,6.72
28,39,1,9.07
29,39,1,7.2
30,39,1,7.26
31,39,1,7.25
32,39,1,7.96
33,39,1,7.49
34,39,1,7.98
35,39,1,7.43
36,39,1,8.54
37,39,1,8.8
38,39,1,8.34
39,39,1,7.34
40,39,1,8.41
41,39,1,7.72
42,39,1,7.9
43,39,1,7.84
44,39,1,7.88
45,39,1,6.81
46,39,1,7.05
47,39,1,7.56
48,39,1,9.07
49,39,1,8.87
50,39,1,7.9
51,39,1,9.28
52,39,1,7.97
53,39,1,7.36
54,39,1,8.28
55,39,1,10.08
56,39,1,8.56
57,39,1,8.12
58,39,1,8.27
59,39,1,7.56
60,39,1,8.69
61,39,1,7.23
62,39,1,8.98
63,39,1,8.86
64,39,1,8.11
65,39,1,9.24
66,39,1,11.41
67,39,1,11.05
68,39,1,11.01
69,39,1,8.85
70,39,1,9.87
71,39,1,11.27
72,39,1,9.99
73,39,1,8.93
74,39,1,9.52
75,39,1,8.14
76,39,1,8.66
77,39,1,9.33
78,39,1,10.04
79,39,1,8.3
80,39,1,8.64
81,39,1,8.62
82,39,1,7.17
83,39,1,6.02
84,39,1,8.87
85,39,1,6.74
86,39,1,7.3
87,39,1,8.02
88,39,1,6.64
89,39,1,7.9
90,39,1,7.04
91,39,1,6.43
92,39,1,8.82
93,39,1,7.05
94,39,1,7.69
95,39,1,8.08
96,39,1,7.6
97,39,1,6.7
98,39,1,7.42
99,39,1,8.43
0,40,1,7.7
1,40,1,9.54
2,40,1,7.23
3,40,1,8.38
4,40,1,8.78
5,40,1,7.71
6,40,1,7.39
7,40,1,9.34
8,40,1,8.37
9,40,1,8.31
10,40,1,8.53
11,40,1,7.22
12,40,1,9.21
13,40,1,7.84
14,40,1,5.69
15,40,1,6.55
16,40,1,7.19
17,40,1,7.58
18,40,1,8.29
19,40,1,8.16
20,40,1,8.0
21,40,1,7.26
22,40,1,8.28
23,40,1,8.34
24,40,1,6.65
25,40,1,8.27
26,40,1,8.58
27,40,1,8.22
28,40,1,8.31
29,40,1,7.91
30,40,1,7.9
31,40,1,7.71
32,40,1,6.94
33,40,1,7.64
34,40,1,7.57
35,40,1,7.65
36,40,1,8.72
37,40,1,9.26
38,40,1,8.96
39,40,1,6.53
40,40,1,6.3
41,40,1,7.0
42,40,1,5.51
43,40,1,8.23
44,40,1,9.56
45,40,1,8.79
46,40,1,8.72
47,40,1,8.38
48,40,1,8.33
49,40,1,8.91
50,40,1,8.02
51,40,1,7.63
52,40,1,7.32
53,40,1,6.87
54,40,1,8.86
55,40,1,7.24
56,40,1,6.76
57,40,1,8.79
58,40,1,8.16
59,40,1,8.14
60,40,1,8.23
61,40,1,8.3
62,40,1,8.87
63,40,1,8.28
64,40,1,8.78
65,40,1,9.55
66,40,1,9.76
67,40,1,7.41
68,40,1,9.65
69,40,1,10.51
70,40,1,9.46
71,40,1,8.2
72,40,1,8.78
73,40,1,9.31
74,40,1,10.46
75,40,1,9.12
76,40,1,8.57
77,40,1,7.3
78,40,1,8.51
79,40,1,8.73
80,40,1,9.02
81,40,1,8.85
82,40,1,7.28
83,40,1,8.34
84,40,1,7.17
85,40,1,7.86
86,40,1,7.73
87,40,1,6.68
88,40,1,6.26
89,40,1,7.98
90,40,1,7.73
91,40,1,7.25
92,40,1,7.28
93,40,1,8.38
94,40,1,8.07
95,40,1,8.22
96,40,1,7.08
97,40,1,9.07
98,40,1,8.83
99,40,1,7.59
0,41,1,9.3
1,41,1,6.84
2,41,1,7.51
3,41,1,8.36
4,41,1,6.31
5,41,1,8.53
6,41,1,7.69
7,41,1,7.24
8,41,1,8.24
9,41,1,6.63
10,41,1,6.42
11,41,1,6.79
12,41,1,8.81
13,41,1,5.28
14,41,1,7.89
15,41,1,7.8
16,41,1,7.42
17,41,1,6.26
18,41,1,7.84
19,41,1,5.17
20,41,1,7.28
21,41,1,9.61
22,41,1,6.1
23,41,1,9.1
24,41,1,8.49
25,41,1,8.26
26,41,1,6.6
27,41,1,6.95
28,41,1,5.94
29,41,1,7.9
30,41,1,9.72
31,41,1,8.53
32,41,1,7.65
33,41,1,7.15
34,41,1,8.29
35,41,1,8.72
36,41,1,6.82
37,41,1,9.26
38,41,1,9.01
39,41,1,7.98
40,41,1,9.55
41,41,1,8.23
42,41,1,8.13
43,41,1,8.55
44,41,1,7.62
45,41,1,9.26
46,41,1,7.96
47,41,1,7.06
48,41,1,7.78
49,41,1,8.02
50,41,1,6.74
51,41,1,7.9
52,41,1,8.98
53,41,1,7.76
54,41,1,6.74
55,41,1,7.55
56,41,1,6.87
57,41,1,7.19
58,41,1,7.78
59,41,1,6.83
60,41,1,8.59
61,41,1,7.97
62,41,1,9.07
63,41,1,8.96
64,41,1,7.82
65,41,1,8.06
66,41,1,9.4
67,41,1,7.74
68,41,1,8.25
69,41,1,8.49
70,41,1,8.47
71,41,1,7.32
72,41,1,7.87
73,41,1,9.76
74,41,1,9.73
75,41,1,7.8
76,41,1,8.66
77,41,1,7.85
78,41,1,8.8
79,41,1,7.16
80,41,1,9.37
81,41,1,7.37
82,41,1,7.84
83,41,1,7.99
84,41,1,7.79
85,41,1,8.27
86,41,1,8.45
87,41,1,9.08
88,41,1,8.86
89,41,1,7.07
90,41,1,7.05
91,41,1,7.52
92,41,1,8.6
93,41,1,6.33
94,41,1,7.73
95,41,1,7.01
96,41,1,9.04
97,41,1,7.57
98,41,1,7.7
99,41,1,8.33
0,42,1,7.69
1,42,1,7.21
2,42,1,10.49
3,42,1,8.07
4,42,1,5.84
5,42,1,7.11
6,42,1,8.28
7,42,1,8.69
8,42,1,6.02
9,42,1,8.69
10,42,1,7.61
11,42,1,7.73
12,42,1,7.48
13,42,1,7.47
14,42,1,7.86
15,42,1,7.33
16,42,1,7.14
17,42,1,8.1
18,42,1,7.65
19,42,1,6.93
20,42,1,7.68
21,42,1,8.52
22,42,1,9.67
23,42,1,7.04
24,42,1,7.49
25,42,1,7.77
26,42,1,8.59
27,42,1,8.55
28,42,1,8.32
29,42,1,8.64
30,42,1,8.21
31,42,1,7.8
32,42,1,6.12
33,42,1,7.98
34,42,1,8.47
35,42,1,7.8
36,42,1,7.28
37,42,1,8.25
38,42,1,7.59
39,42,1,7.69
40,42,1,9.74
41,42,1,7.31
42,42,1,7.09
43,42,1,8.49
44,42,1,7.27
45,42,1,8.95
46,42,1,7.43
47,42,1,8.06
48,42,1,8.38
49,42,1,7.95
50,42,1,8.61
51,42,1,7.4
52,42,1,6.95
53,42,1,8.6
54,42,1,7.9
55,42,1,7.87
56,42,1,7.97
57,42,1,7.0
58,42,1,7.72
59,42,1,8.66
60,42,1,8.77
61,42,1,5.95
62,42,1,8.46
63,42,1,8.39
64,42,1,7.22
65,42,1,7.83
66,42,1,7.62
67,42,1,8.79
68,42,1,9.33
69,42,1,9.42
70,42,1,10.32
71,42,1,7.93
72,42,1,9.37
73,42,1,8.18
74,42,1,8.98
75,42,1,8.73
76,42,1,8.3
77,42,1,9.46
78,42,1,8.8
79,42,1,9.1
80,42,1,7.52
81,42,1,7.54
82,42,1,8.13
83,42,1,7.92
84,42,1,7.23
85,42,1,7.07
86,42,1,7.0
87,42,1,6.5
88,42,1,8.08
89,42,1,9.44
90,42,1,7.51
91,42,1,7.46
92,42,1,8.95
93,42,1,6.16
94,42,1,9.53
95,42,1,6.62
96,42,1,7.19
97,42,1,7.14
98,42,1,7.53
99,42,1,7.35
0,43,1,8.46
1,43,1,7.54
2,43,1,8.03
3,43,1,7.09
4,43,1,8.61
5,43,1,7.3
6,43,1,7.78
7,43,1,7.53
8,43,1,7.4
9,43,1,7.94
10,43,1,8.13
11,43,1,6.41
12,43,1,6.78
13,43,1,7.24
14,43,1,9.82
15,43,1,8.56
16,43,1,7.22
17,43,1,8.52
18,43,1,7.2
19,43,1,8.88
20,43,1,8.28
21,43,1,7.4
22,43,1,7.58
23,43,1,8.83
24,43,1,7.98
25,43,1,9.71
26,43,1,8.93
27,43,1,8.14
28,43,1,7.67
29,43,1,9.23
30,43,1,6.54
31,43,1,7.61
32,43,1,8.49
33,43,1,8.25
34,43,1,9.39
35,43,1,8.61
36,43,1,8.92
37,43,1,8.57
38,43,1,7.6
39,43,1,7.69
40,43,1,8.55
41,43,1,5.05
42,43,1,6.18
43,43,1,8.12
44,43,1,9.15
45,43,1,8.46
46,43,1,8.87
47,43,1,7.59
48,43,1,8.88
49,43,1,7.46
50,43,1,7.94
51,43,1,8.14
52,43,1,7.8
53,43,1,8.36
54,43,1,8.44
55,43,1,8.71
56,43,1,8.25
57,43,1,8.79
58,43,1,8.89
59,43,1,7.75
60,43,1,7.69
61,43,1,6.91
62,43,1,6.57
63,43,1,8.5
64,43,1,9.1
65,43,1,8.31
66,43,1,8.54
67,43,1,7.82
68,43,1,7.1
69,43,1,7.23
70,43,1,8.2
71,43,1,9.11
72,43,1,7.54
73,43,1,7.43
74,43,1,6.76
75,43,1,6.28
76,43,1,7.25
77,43,1,8.8
78,43,1,7.58
79,43,1,7.61
80,43,1,8.11
81,43,1,7.2
82,43,1,7.94
83,43,1,8.3
84,43,1,8.12
85,43,1,7.14
86,43,1,7.6
87,43,1,7.46
88,43,1,6.24
89,43,1,7.36
90,43,1,8.04
91,43,1,8.24
92,43,1,8.28
93,43,1,7.02
94,43,1,6.63
95,43,1,7.83
96,43,1,6.52
97,43,1,7.89
98,43,1,7.3
99,43,1,6.87
0,44,1,7.55
1,44,1,7.24
2,44,1,7.66
3,44,1,7.66
4,44,1,8.4
5,44,1,7.27
6,44,1,7.71
7,44,1,5.65
8,44,1,7.67
9,44,1,8.3
10,44,1,6.21
11,44,1,5.97
12,44,1,7.59
13,44,1,8.49
14,44,1,7.47
15,44,1,7.58
16,44,1,5.51
17,44,1,7.32
18,44,1,7.61
19,44,1,8.03
20,44,1,8.79
21,44,1,7.73
22,44,1,8.22
23,44,1,7.07
24,44,1,8.01
25,44,1,7.39
26,44,1,7.36
27,44,1,8.07
28,44,1,8.47
29,44,1,9.81
30,44,1,8.87
31,44,1,6.7
32,44,1,7.43
33,44,1,7.68
34,44,1,7.25
35,44,1,7.56
36,44,1,8.54
37,44,1,8.62
38,44,1,8.93
39,44,1,8.81
40,44,1,7.95
41,44,1,6.61
42,44,1,6.52
43,44,1,8.42
44,44,1,7.57
45,44,1,7.41
46,44,1,6.02
47,44,1,7.49
48,44,1,6.69
49,44,1,6.83
50,44,1,5.96
51,44,1,9.93
52,44,1,6.88
53,44,1,6.74
54,44,1,7.23
55,44,1,7.74
56,44,1,8.43
57,44,1,9.5
58,44,1,9.11
59,44,1,7.5
60,44,1,8.21
61,44,1,6.77
62,44,1,7.63
63,44,1,6.05
64,44,1,8.64
65,44,1,7.41
66,44,1,7.79
67,44,1,8.1
68,44,1,8.86
69,44,1,6.61
70,44,1,8.53
71,44,1,8.14
72,44,1,8.43
73,44,1,7.22
74,44,1,6.77
75,44,1,6.75
76,44,1,9.48
77,44,1,7.54
78,44,1,8.72
79,44,1,7.94
80,44,1,9.58
81,44,1,7.76
82,44,1,6.87
83,44,1,8.63
84,44,1,7.42
85,44,1,8.2
86,44,1,7.57
87,44,1,7.57
88,44,1,7.91
89,44,1,7.37
90,44,1,7.09
91,44,1,7.68
92,44,1,7.08
93,44,1,7.66
94,44,1,6.96
95,44,1,8.04
96,44,1,7.75
97,44,1,7.19
98,44,1,8.55
99,44,1,7.07
0,45,1,6.93
1,45,1,9.14
2,45,1,8.57
3,45,1,7.7
4,45,1,7.03
5,45,1,8.01
6,45,1,7.33
7,45,1,7.27
8,45,1,9.56
9,45,1,8.57
10,45,1,6.23
11,45,1,7.68
12,45,1,6.65
13,45,1,7.35
14,45,1,8.8
15,45,1,7.33
16,45,1,6.93
17,45,1,7.2
18,45,1,5.96
19,45,1,7.69
20,45,1,8.69
21,45,1,6.42
22,45,1,9.07
23,45,1,7.39
24,45,1,6.46
25,45,1,6.92
26,45,1,8.3
27,45,1,10.05
28,45,1,7.7
29,45,1,6.19
30,45,1,7.82
31,45,1,7.17
32,45,1,7.51
33,45,1,7.27
34,45,1,8.72
35,45,1,7.11
36,45,1,7.22
37,45,1,8.57
38,45,1,8.92
39,45,1,8.33
40,45,1,8.49
41,45,1,6.92
42,45,1,5.94
43,45,1,8.42
44,45,1,6.4
45,45,1,9.68
46,45,1,8.35
47,45,1,8.91
48,45,1,8.95
49,45,1,8.0
50,45,1,6.63
51,45,1,8.87
52,45,1,8.41
53,45,1,6.88
54,45,1,7.24
55,45,1,8.42
56,45,1,7.91
57,45,1,7.25
58,45,1,7.32
59,45,1,7.58
60,45,1,6.02
61,45,1,8.21
62,45,1,8.47
63,45,1,9.74
64,45,1,8.04
65,45,1,6.12
66,45,1,8.51
67,45,1,8.21
68,45,1,8.17
69,45,1,6.97
70,45,1,9.58
71,45,1,9.24
72,45,1,6.62
73,45,1,6.76
74,45,1,8.48
75,45,1,7.79
76,45,1,9.43
77,45,1,7.94
78,45,1,8.94
79,45,1,8.39
80,45,1,6.68
81,45,1,6.41
82,45,1,8.34
83,45,1,6.59
84,45,1,6.45
85,45,1,6.54
86,45,1,8.49
87,45,1,6.34
88,45,1,9.4
89,45,1,7.35
90,45,1,7.92
91,45,1,6.38
92,45,1,7.6
93,45,1,7.41
94,45,1,8.13
95,45,1,6.85
96,45,1,7.55
97,45,1,5.89
98,45,1,8.3
99,45,1,7.2
0,46,1,8.35
1,46,1,6.27
2,46,1,6.71
3,46,1,5.78
4,46,1,8.94
5,46,1,7.84
6,46,1,7.61
7,46,1,8.21
8,46,1,8.61
9,46,1,7.67
10,46,1,8.38
11,46,1,8.52
12,46,1,6.71
13,46,1,8.58
14,46,1,8.22
15,46,1,7.28
16,46,1,7.95
17,46,1,9.0
18,46,1,7.86
19,46,1,8.33
20,46,1,7.44
21,46,1,7.82
22,46,1,8.59
23,46,1,8.92
24,46,1,9.91
25,46,1,8.22
26,46,1,7.38
27,46,1,7.64
28,46,1,6.48
29,46,1,7.34
30,46,1,8.45
31,46,1,7.7
32,46,1,7.87
33,46,1,6.75
34,46,1,7.68
35,46,1,6.81
36,46,1,7.75
37,46,1,8.04
38,46,1,7.73
39,46,1,7.16
40,46,1,7.42
41,46,1,8.07
42,46,1,7.94
43,46,1,6.97
44,46,1,6.69
45,46,1,7.51
46,46,1,5.6
47,46,1,9.09
48,46,1,8.05
49,46,1,9.02
50,46,1,8.28
51,46,1,8.42
52,46,1,7.65
53,46,1,7.07
54,46,1,8.5
55,46,1,7.26
56,46,1,7.94
57,46,1,7.83
58,46,1,8.48
59,46,1,6.51
60,46,1,8.05
61,46,1,7.09
62,46,1,8.18
63,46,1,6.88
64,46,1,6.02
65,46,1,6.63
66,46,1,7.77
67,46,1,8.84
68,46,1,6.66
69,46,1,7.61
70,46,1,6.99
71,46,1,8.95
72,46,1,8.72
73,46,1,9.72
74,46,1,7.67
75,46,1,7.7
76,46,1,7.38
77,46,1,8.4
78,46,1,8.75
79,46,1,4.85
80,46,1,8.82
81,46,1,9.59
82,46,1,6.23
83,46,1,7.74
84,46,1,6.2
85,46,1,6.67
86,46,1,7.37
87,46,1,8.02
88,46,1,7.06
89,46,1,6.44
90,46,1,6.93
91,46,1,7.94
92,46,1,7.63
93,46,1,6.55
94,46,1,7.86
95,46,1,8.0
96,46,1,8.88
97,46,1,7.85
98,46,1,6.69
99,46,1,7.81
0,47,1,7.04
1,47,1,9.18
2,47,1,6.76
3,47,1,7.97
4,47,1,7.63
5,47,1,6.4
6,47,1,6.97
7,47,1,7.76
8,47,1,8.55
9,47,1,6.06
10,47,1,5.72
11,47,1,8.5
12,47,1,7.2
13,47,1,6.85
14,47,1,7.95
15,47,1,7.44
16,47,1,5.92
17,47,1,7.54
18,47,1,7.36
19,47,1,7.65
20,47,1,7.72
21,47,1,7.53
22,47,1,7.22
23,47,1,7.48
24,47,1,6.27
25,47,1,8.25
26,47,1,7.82
27,47,1,9.58
28,47,1,6.71
29,47,1,8.43
30,47,1,6.83
31,47,1,6.51
32,47,1,7.49
33,47,1,7.81
34,47,1,8.19
35,47,1,7.32
36,47,1,8.9
37,47,1,8.63
38,47,1,9.98
39,47,1,7.95
40,47,1,7.59
41,47,1,8.99
42,47,1,9.08
43,47,1,8.9
44,47,1,7.66
45,47,1,7.55
46,47,1,8.85
47,47,1,9.46
48,47,1,8.08
49,47,1,7.09
50,47,1,8.52
51,47,1,7.31
52,47,1,7.23
53,47,1,7.16
54,47,1,7.89
55,47,1,8.67
56,47,1,7.77
57,47,1,7.35
58,47,1,8.06
59,47,1,7.32
60,47,1,8.85
61,47,1,7.17
62,47,1,6.0
63,47,1,7.29
64,47,1,7.1
65,47,1,8.86
66,47,1,8.22
67,47,1,8.61
68,47,1,9.13
69,47,1,9.23
70,47,1,8.28
71,47,1,8.48
72,47,1,9.75
73,47,1,7.62
74,47,1,7.96
75,47,1,7.72
76,47,1,7.86
77,47,1,7.52
78,47,1,6.04
79,47,1,6.02
80,47,1,8.88
81,47,1,5.25
82,47,1,6.84
83,47,1,7.85
84,47,1,9.5
85,47,1,8.05
86,47,1,8.65
87,47,1,7.76
88,47,1,7.98
89,47,1,6.62
90,47,1,7.58
91,47,1,8.2
92,47,1,6.34
93,47,1,7.61
94,47,1,7.87
95,47,1,9.4
96,47,1,9.06
97,47,1,6.56
98,47,1,7.31
99,47,1,7.98
0,48,1,7.64
1,48,1,7.65
2,48,1,7.99
3,48,1,6.09
4,48,1,6.96
5,48,1,10.52
6,48,1,8.64
7,48,1,7.59
8,48,1,7.39
9,48,1,7.81
10,48,1,9.0
11,48,1,7.06
12,48,1,8.31
13,48,1,8.1
14,48,1,8.7
15,48,1,8.46
16,48,1,7.56
17,48,1,5.58
18,48,1,8.16
19,48,1,6.54
20,48,1,7.17
21,48,1,9.71
22,48,1,6.93
23,48,1,6.7
24,48,1,7.42
25,48,1,8.35
26,48,1,8.3
27,48,1,6.83
28,48,1,8.15
29,48,1,8.12
30,48,1,7.78
31,48,1,7.34
32,48,1,8.16
33,48,1,6.63
34,48,1,6.34
35,48,1,6.82
36,48,1,8.81
37,48,1,8.76
38,48,1,8.19
39,48,1,7.95
40,48,1,8.0
41,48,1,6.96
42,48,1,7.5
43,48,1,8.91
44,48,1,9.25
45,48,1,7.07
46,48,1,6.68
47,48,1,7.67
48,48,1,8.4
49,48,1,8.4
50,48,1,7.26
51,48,1,9.26
52,48,1,6.67
53,48,1,7.71
54,48,1,7.69
55,48,1,6.58
56,48,1,6.42
57,48,1,8.25
58,48,1,7.88
59,48,1,7.03
60,48,1,7.16
61,48,1,8.67
62,48,1,9.34
63,48,1,7.16
64,48,1,7.49
65,48,1,6.76
66,48,1,8.83
67,48,1,9.07
68,48,1,8.72
69,48,1,9.4
70,48,1,8.18
71,48,1,8.39
72,48,1,7.43
73,48,1,9.3
74,48,1,9.22
75,48,1,9.12
76,48,1,9.07
77,48,1,6.89
78,48,1,7.76
79,48,1,7.75
80,48,1,8.8
81,48,1,7.58
82,48,1,6.34
83,48,1,9.66
84,48,1,8.79
85,48,1,8.44
86,48,1,7.37
87,48,1,8.03
88,48,1,8.93
89,48,1,8.75
90,48,1,6.99
91,48,1,9.35
92,48,1,7.91
93,48,1,6.73
94,48,1,7.4
95,48,1,6.94
96,48,1,6.04
97,48,1,6.96
98,48,1,7.35
99,48,1,8.17
0,49,1,6.4
1,49,1,7.15
2,49,1,6.19
3,49,1,9.27
4,49,1,7.84
5,49,1,6.68
6,49,1,9.14
7,49,1,8.33
8,49,1,5.63
9,49,1,8.49
10,49,1,7.75
11,49,1,7.31
12,49,1,6.7
13,49,1,6.88
14,49,1,7.57
15,49,1,6.45
16,49,1,7.39
17,49,1,6.76
18,49,1,8.04
19,49,1,7.59
20,49,1,7.17
21,49,1,6.42
22,49,1,7.75
23,49,1,7.56
24,49,1,7.87
25,49,1,7.07
26,49,1,7.27
27,49,1,8.32
28,49,1,8.94
29,49,1,7.42
30,49,1,7.8
31,49,1,8.59
32,49,1,8.11
33,49,1,8.16
34,49,1,7.8
35,49,1,8.25
36,49,1,8.04
37,49,1,10.47
38,49,1,6.88
39,49,1,8.19
40,49,1,6.06
41,49,1,8.77
42,49,1,8.08
43,49,1,6.91
44,49,1,8.15
45,49,1,8.85
46,49,1,8.3
47,49,1,8.06
48,49,1,9.27
49,49,1,8.93
50,49,1,7.21
51,49,1,6.97
52,49,1,9.0
53,49,1,5.63
54,49,1,7.71
55,49,1,8.0
56,49,1,6.92
57,49,1,8.28
58,49,1,6.8
59,49,1,6.61
60,49,1,6.33
61,49,1,7.46
62,49,1,4.94
63,49,1,8.13
64,49,1,8.2
65,49,1,7.05
66,49,1,6.79
67,49,1,6.87
68,49,1,7.92
69,49,1,7.4
70,49,1,9.08
71,49,1,8.1
72,49,1,7.75
73,49,1,8.38
74,49,1,7.77
75,49,1,9.34
76,49,1,9.34
77,49,1,8.94
78,49,1,9.22
79,49,1,7.41
80,49,1,9.56
81,49,1,8.13
82,49,1,9.24
83,49,1,7.05
84,49,1,7.66
85,49,1,6.03
86,49,1,6.94
87,49,1,7.17
88,49,1,6.77
89,49,1,9.45
90,49,1,7.34
91,49,1,7.24
92,49,1,6.97
93,49,1,9.38
94,49,1,9.78
95,49,1,8.52
96,49,1,7.88
97,49,1,7.81
98,49,1,7.8
99,49,1,8.14
0,50,1,8.16
1,50,1,8.83
2,50,1,7.08
3,50,1,7.65
4,50,1,9.55
5,50,1,8.41
6,50,1,8.08
7,50,1,8.65
8,50,1,6.38
9,50,1,7.83
10,50,1,7.02
11,50,1,7.27
12,50,1,7.52
13,50,1,6.54
14,50,1,6.47
15,50,1,6.78
16,50,1,8.09
17,50,1,9.37
18,50,1,8.3
19,50,1,7.89
20,50,1,6.69
21,50,1,7.68
22,50,1,7.18
23,50,1,9.46
24,50,1,7.01
25,50,1,8.83
26,50,1,8.74
27,50,1,7.66
28,50,1,8.17
29,50,1,8.05
30,50,1,7.96
31,50,1,7.9
32,50,1,6.74
33,50,1,8.39
34,50,1,9.38
35,50,1,6.96
36,50,1,6.54
37,50,1,7.22
38,50,1,8.62
39,50,1,9.19
40,50,1,7.77
41,50,1,8.56
42,50,1,7.32
43,50,1,7.03
44,50,1,6.8
45,50,1,7.52
46,50,1,6.68
47,50,1,6.33
48,50,1,9.06
49,50,1,7.49
50,50,1,8.71
51,50,1,6.97
52,50,1,6.51
53,50,1,7.33
54,50,1,8.73
55,50,1,7.0
56,50,1,6.76
57,50,1,6.77
58,50,1,8.19
59,50,1,8.51
60,50,1,7.61
61,50,1,7.96
62,50,1,7.89
63,50,1,8.86
64,50,1,7.29
65,50,1,8.06
66,50,1,6.84
67,50,1,8.48
68,50,1,8.81
69,50,1,7.4
70,50,1,8.77
71,50,1,7.87
72,50,1,8.63
73,50,1,8.59
74,50,1,7.97
75,50,1,7.35
76,50,1,8.04
77,50,1,6.51
78,50,1,8.51
79,50,1,8.06
80,50,1,9.17
81,50,1,7.42
82,50,1,8.17
83,50,1,7.66
84,50,1,8.23
85,50,1,6.28
86,50,1,7.02
87,50,1,6.22
88,50,1,8.49
89,50,1,8.14
90,50,1,6.97
91,50,1,6.8
92,50,1,7.42
93,50,1,5.81
94,50,1,9.13
95,50,1,6.95
96,50,1,7.22
97,50,1,8.36
98,50,1,7.89
99,50,1,8.35
0,51,1,6.51
1,51,1,8.0
2,51,1,7.67
3,51,1,7.85
4,51,1,7.86
5,51,1,7.14
6,51,1,6.13
7,51,1,9.47
8,51,1,9.32
9,51,1,7.36
10,51,1,7.19
11,51,1,6.64
12,51,1,8.42
13,51,1,7.47
14,51,1,6.8
15,51,1,7.64
16,51,1,7.34
17,51,1,5.73
18,51,1,9.35
19,51,1,7.12
20,51,1,8.28
21,51,1,8.19
22,51,1,8.06
23,51,1,6.84
24,51,1,8.65
25,51,1,6.5
26,51,1,7.63
27,51,1,7.27
28,51,1,6.27
29,51,1,7.32
30,51,1,7.65
31,51,1,7.45
32,51,1,7.19
33,51,1,9.45
34,51,1,8.41
35,51,1,8.95
36,51,1,6.61
37,51,1,5.61
38,51,1,6.54
39,51,1,6.75
40,51,1,8.28
41,51,1,8.39
42,51,1,8.01
43,51,1,7.48
44,51,1,6.23
45,51,1,7.86
46,51,1,7.57
47,51,1,8.19
48,51,1,6.61
49,51,1,7.03
50,51,1,7.69
51,51,1,7.78
52,51,1,7.13
53,51,1,7.62
54,51,1,7.19
55,51,1,7.92
56,51,1,7.93
57,51,1,7.69
58,51,1,7.25
59,51,1,8.94
60,51,1,8.95
61,51,1,8.26
62,51,1,8.82
63,51,1,6.73
64,51,1,7.05
65,51,1,8.08
66,51,1,5.72
67,51,1,8.0
68,51,1,6.49
69,51,1,7.58
70,51,1,8.11
71,51,1,6.76
72,51,1,7.42
73,51,1,8.19
74,51,1,6.78
75,51,1,7.57
76,51,1,7.57
77,51,1,6.99
78,51,1,6.85
79,51,1,6.87
80,51,1,8.39
81,51,1,7.67
82,51,1,6.26
83,51,1,6.63
84,51,1,8.85
85,51,1,7.49
86,51,1,8.21
87,51,1,6.91
88,51,1,8.44
89,51,1,9.45
90,51,1,7.86
91,51,1,7.83
92,51,1,7.11
93,51,1,6.36
94,51,1,7.42
95,51,1,7.74
96,51,1,7.71
97,51,1,8.69
98,51,1,7.8
99,51,1,8.31
0,52,1,7.31
1,52,1,7.25
2,52,1,7.89
3,52,1,7.85
4,52,1,7.05
5,52,1,8.96
6,52,1,9.03
7,52,1,6.78
8,52,1,8.94
9,52,1,7.52
10,52,1,7.43
11,52,1,8.85
12,52,1,7.42
13,52,1,7.08
14,52,1,8.2
15,52,1,7.89
16,52,1,7.45
17,52,1,7.27
18,52,1,8.43
19,52,1,7.14
20,52,1,8.57
21,52,1,7.16
22,52,1,8.06
23,52,1,9.08
24,52,1,7.86
25,52,1,6.82
26,52,1,5.59
27,52,1,7.54
28,52,1,6.85
29,52,1,7.35
30,52,1,8.23
31,52,1,6.29
32,52,1,9.05
33,52,1,8.12
34,52,1,8.56
35,52,1,6.72
36,52,1,9.14
37,52,1,9.12
38,52,1,8.02
39,52,1,8.02
40,52,1,9.75
41,52,1,8.06
42,52,1,7.5
43,52,1,7.98
44,52,1,6.35
45,52,1,8.05
46,52,1,8.13
47,52,1,7.93
48,52,1,7.43
49,52,1,8.42
50,52,1,8.11
51,52,1,8.81
52,52,1,8.98
53,52,1,7.65
54,52,1,9.0
55,52,1,6.32
56,52,1,8.16
57,52,1,6.62
58,52,1,7.43
59,52,1,6.1
60,52,1,5.77
61,52,1,7.08
62,52,1,6.3
63,52,1,7.35
64,52,1,9.34
65,52,1,6.35
66,52,1,9.32
67,52,1,8.72
68,52,1,8.14
69,52,1,8.43
70,52,1,7.58
71,52,1,9.04
72,52,1,7.3
73,52,1,6.98
74,52,1,9.0
75,52,1,8.27
76,52,1,8.42
77,52,1,6.77
78,52,1,7.02
79,52,1,6.54
80,52,1,7.19
81,52,1,8.67
82,52,1,7.64
83,52,1,7.61
84,52,1,6.14
85,52,1,6.68
86,52,1,7.84
87,52,1,8.78
88,52,1,8.07
89,52,1,7.6
90,52,1,7.64
91,52,1,7.25
92,52,1,8.5
93,52,1,6.93
94,52,1,6.98
95,52,1,8.14
96,52,1,7.82
97,52,1,8.52
98,52,1,7.89
99,52,1,6.96
0,53,1,8.33
1,53,1,7.82
2,53,1,8.87
3,53,1,8.16
4,53,1,7.21
5,53,1,6.88
6,53,1,10.92
7,53,1,8.77
8,53,1,8.11
9,53,1,7.56
10,53,1,8.5
11,53,1,6.14
12,53,1,9.94
13,53,1,7.23
14,53,1,8.62
15,53,1,8.19
16,53,1,8.27
17,53,1,9.41
18,53,1,4.54
19,53,1,7.61
20,53,1,6.97
21,53,1,7.52
22,53,1,7.2
23,53,1,9.64
24,53,1,7.57
25,53,1,8.29
26,53,1,7.91
27,53,1,6.98
28,53,1,7.63
29,53,1,7.7
30,53,1,8.31
31,53,1,8.04
32,53,1,8.4
33,53,1,8.75
34,53,1,8.48
35,53,1,7.58
36,53,1,7.7
37,53,1,7.5
38,53,1,7.58
39,53,1,7.88
40,53,1,7.66
41,53,1,9.71
42,53,1,6.86
43,53,1,8.74
44,53,1,9.81
45,53,1,7.74
46,53,1,9.01
47,53,1,8.34
48,53,1,8.04
49,53,1,8.58
50,53,1,8.45
51,53,1,6.84
52,53,1,7.9
53,53,1,6.89
54,53,1,7.71
55,53,1,8.52
56,53,1,7.54
57,53,1,8.62
58,53,1,7.22
59,53,1,7.53
60,53,1,8.81
61,53,1,9.08
62,53,1,7.68
63,53,1,6.92
64,53,1,8.19
65,53,1,5.89
66,53,1,7.89
67,53,1,9.0
68,53,1,6.8
69,53,1,7.55
70,53,1,7.8
71,53,1,8.55
72,53,1,8.17
73,53,1,6.36
74,53,1,7.83
75,53,1,9.19
76,53,1,8.14
77,53,1,7.63
78,53,1,8.4
79,53,1,6.66
80,53,1,8.06
81,53,1,6.31
82,53,1,7.16
83,53,1,8.52
84,53,1,8.38
85,53,1,7.04
86,53,1,8.23
87,53,1,8.44
88,53,1,8.21
89,53,1,6.61
90,53,1,6.78
91,53,1,7.9
92,53,1,6.98
93,53,1,8.81
94,53,1,9.52
95,53,1,7.58
96,53,1,8.39
97,53,1,7.99
98,53,1,8.49
99,53,1,6.59
0,54,1,7.57
1,54,1,9.0
2,54,1,8.83
3,54,1,6.78
4,54,1,7.76
5,54,1,7.21
6,54,1,7.46
7,54,1,7.33
8,54,1,8.51
9,54,1,9.85
10,54,1,8.62
11,54,1,7.12
12,54,1,8.04
13,54,1,7.49
14,54,1,7.38
15,54,1,8.08
16,54,1,7.68
17,54,1,6.95
18,54,1,7.64
19,54,1,6.89
20,54,1,8.31
21,54,1,5.38
22,54,1,7.19
23,54,1,8.28
24,54,1,8.95
25,54,1,8.28
26,54,1,7.78
27,54,1,8.42
28,54,1,6.71
29,54,1,6.84
30,54,1,8.48
31,54,1,7.02
32,54,1,6.48
33,54,1,7.6
34,54,1,6.24
35,54,1,6.25
36,54,1,7.85
37,54,1,8.72
38,54,1,8.31
39,54,1,8.63
40,54,1,7.73
41,54,1,7.43
42,54,1,9.25
43,54,1,6.53
44,54,1,7.86
45,54,1,8.87
46,54,1,7.71
47,54,1,8.2
48,54,1,5.77
49,54,1,8.95
50,54,1,7.4
51,54,1,8.79
52,54,1,7.76
53,54,1,8.7
54,54,1,7.53
55,54,1,6.67
56,54,1,8.24
57,54,1,7.29
58,54,1,6.5
59,54,1,7.07
60,54,1,9.14
61,54,1,7.68
62,54,1,8.02
63,54,1,8.3
64,54,1,7.53
65,54,1,9.69
66,54,1,7.31
67,54,1,7.34
68,54,1,7.12
69,54,1,8.9
70,54,1,6.28
71,54,1,6.58
72,54,1,7.74
73,54,1,9.34
74,54,1,7.86
75,54,1,7.95
76,54,1,6.91
77,54,1,9.19
78,54,1,7.75
79,54,1,8.21
80,54,1,6.3
81,54,1,6.43
82,54,1,7.67
83,54,1,7.93
84,54,1,7.88
85,54,1,8.29
86,54,1,8.62
87,54,1,8.14
88,54,1,7.75
89,54,1,6.55
90,54,1,6.97
91,54,1,7.8
92,54,1,7.94
93,54,1,7.96
94,54,1,7.89
95,54,1,8.73
96,54,1,6.64
97,54,1,8.8
98,54,1,8.71
99,54,1,8.38
0,55,1,6.66
1,55,1,8.33
2,55,1,7.8
3,55,1,7.23
4,55,1,7.45
5,55,1,7.32
6,55,1,6.88
7,55,1,7.35
8,55,1,8.12
9,55,1,7.67
10,55,1,8.33
11,55,1,7.05
12,55,1,8.97
13,55,1,7.83
14,55,1,7.16
15,55,1,5.71
16,55,1,6.47
17,55,1,7.55
18,55,1,8.29
19,55,1,8.56
20,55,1,7.84
21,55,1,8.43
22,55,1,6.63
23,55,1,7.47
24,55,1,6.73
25,55,1,7.66
26,55,1,6.57
27,55,1,5.97
28,55,1,8.36
29,55,1,7.6
30,55,1,7.86
31,55,1,5.97
32,55,1,6.72
33,55,1,7.8
34,55,1,6.68
35,55,1,7.4
36,55,1,8.8
37,55,1,6.89
38,55,1,6.81
39,55,1,6.39
40,55,1,7.57
41,55,1,6.3
42,55,1,8.47
43,55,1,8.64
44,55,1,7.6
45,55,1,6.7
46,55,1,8.1
47,55,1,8.23
48,55,1,7.58
49,55,1,8.5
50,55,1,6.48
51,55,1,7.61
52,55,1,8.24
53,55,1,6.3
54,55,1,8.33
55,55,1,8.1
56,55,1,8.22
57,55,1,8.25
58,55,1,8.78
59,55,1,8.09
60,55,1,8.45
61,55,1,7.27
62,55,1,9.78
63,55,1,7.34
64,55,1,7.53
65,55,1,7.98
66,55,1,7.22
67,55,1,8.14
68,55,1,10.07
69,55,1,7.73
70,55,1,8.03
71,55,1,8.39
72,55,1,7.75
73,55,1,7.4
74,55,1,7.8
75,55,1,7.39
76,55,1,8.06
77,55,1,6.96
78,55,1,8.78
79,55,1,6.85
80,55,1,7.45
81,55,1,8.13
82,55,1,8.75
83,55,1,8.21
84,55,1,7.58
85,55,1,7.84
86,55,1,7.0
87,55,1,7.74
88,55,1,8.69
89,55,1,7.43
90,55,1,7.93
91,55,1,8.17
92,55,1,8.4
93,55,1,7.92
94,55,1,7.54
95,55,1,7.98
96,55,1,7.89
97,55,1,8.26
98,55,1,9.37
99,55,1,7.51
0,56,1,8.2
1,56,1,8.76
2,56,1,7.36
3,56,1,8.18
4,56,1,7.02
5,56,1,8.4
6,56,1,8.49
7,56,1,8.76
8,56,1,8.88
9,56,1,8.2
10,56,1,7.33
11,56,1,9.37
12,56,1,7.37
13,56,1,9.49
14,56,1,5.98
15,56,1,7.08
16,56,1,9.69
17,56,1,9.41
18,56,1,9.19
19,56,1,8.33
20,56,1,8.04
21,56,1,8.34
22,56,1,8.34
23,56,1,9.25
24,56,1,7.39
25,56,1,7.63
26,56,1,7.09
27,56,1,8.37
28,56,1,8.34
29,56,1,7.74
30,56,1,8.81
31,56,1,8.98
32,56,1,7.61
33,56,1,9.28
34,56,1,8.46
35,56,1,6.96
36,56,1,7.04
37,56,1,7.76
38,56,1,8.17
39,56,1,8.59
40,56,1,9.33
41,56,1,6.42
42,56,1,7.91
43,56,1,7.01
44,56,1,9.76
45,56,1,7.6
46,56,1,8.5
47,56,1,7.84
48,56,1,7.98
49,56,1,9.47
50,56,1,8.17
51,56,1,8.04
52,56,1,8.53
53,56,1,7.67
54,56,1,7.82
55,56,1,7.62
56,56,1,7.63
57,56,1,8.09
58,56,1,8.18
59,56,1,9.61
60,56,1,7.14
61,56,1,7.25
62,56,1,8.27
63,56,1,7.05
64,56,1,10.13
65,56,1,9.56
66,56,1,8.87
67,56,1,6.99
68,56,1,7.8
69,56,1,9.13
70,56,1,8.23
71,56,1,8.28
72,56,1,8.49
73,56,1,8.09
74,56,1,9.24
75,56,1,8.54
76,56,1,6.89
77,56,1,7.96
78,56,1,6.61
79,56,1,7.78
80,56,1,8.37
81,56,1,9.22
82,56,1,7.88
83,56,1,8.31
84,56,1,7.48
85,56,1,8.3
86,56,1,7.78
87,56,1,6.58
88,56,1,5.86
89,56,1,8.72
90,56,1,8.52
91,56,1,6.37
92,56,1,8.37
93,56,1,8.02
94,56,1,7.72
95,56,1,6.3
96,56,1,6.43
97,56,1,6.67
98,56,1,8.29
99,56,1,7.78
0,57,1,6.83
1,57,1,8.09
2,57,1,7.85
3,57,1,8.24
4,57,1,8.08
5,57,1,8.83
6,57,1,7.59
7,57,1,8.26
8,57,1,7.84
9,57,1,8.19
10,57,1,6.99
11,57,1,6.7
12,57,1,6.75
13,57,1,8.86
14,57,1,6.88
15,57,1,6.88
16,57,1,6.07
17,57,1,8.06
18,57,1,7.18
19,57,1,8.31
20,57,1,7.87
21,57,1,8.77
22,57,1,8.24
23,57,1,8.64
24,57,1,7.32
25,57,1,7.88
26,57,1,7.14
27,57,1,8.16
28,57,1,8.15
29,57,1,7.09
30,57,1,9.04
31,57,1,6.78
32,57,1,8.45
33,57,1,6.21
34,57,1,6.76
35,57,1,8.13
36,57,1,8.91
37,57,1,8.12
38,57,1,5.57
39,57,1,8.28
40,57,1,7.5
41,57,1,8.39
42,57,1,8.81
43,57,1,6.77
44,57,1,8.5
45,57,1,8.38
46,57,1,8.48
47,57,1,7.01
48,57,1,8.37
49,57,1,7.69
50,57,1,9.25
51,57,1,7.51
52,57,1,7.83
53,57,1,8.31
54,57,1,7.92
55,57,1,6.82
56,57,1,8.34
57,57,1,7.56
58,57,1,8.2
59,57,1,7.55
60,57,1,7.88
61,57,1,8.27
62,57,1,8.98
63,57,1,7.21
64,57,1,8.21
65,57,1,7.42
66,57,1,8.1
67,57,1,9.53
68,57,1,8.08
69,57,1,7.49
70,57,1,9.91
71,57,1,7.81
72,57,1,6.87
73,57,1,8.34
74,57,1,8.03
75,57,1,7.08
76,57,1,8.23
77,57,1,8.18
78,57,1,7.25
79,57,1,7.75
80,57,1,8.8
81,57,1,7.47
82,57,1,8.06
83,57,1,8.51
84,57,1,8.08
85,57,1,6.91
86,57,1,7.02
87,57,1,9.09
88,57,1,8.11
89,57,1,8.09
90,57,1,7.55
91,57,1,6.65
92,57,1,7.67
93,57,1,7.58
94,57,1,8.37
95,57,1,7.35
96,57,1,7.55
97,57,1,6.94
98,57,1,9.01
99,57,1,7.0
0,58,1,7.32
1,58,1,7.62
2,58,1,8.07
3,58,1,7.89
4,58,1,8.26
5,58,1,7.92
6,58,1,8.29
7,58,1,7.9
8,58,1,8.33
9,58,1,8.22
10,58,1,5.56
11,58,1,5.94
12,58,1,8.18
13,58,1,8.91
14,58,1,8.68
15,58,1,8.31
16,58,1,7.02
17,58,1,9.43
18,58,1,7.31
19,58,1,8.13
20,58,1,7.31
21,58,1,7.8
22,58,1,5.73
23,58,1,8.02
24,58,1,8.0
25,58,1,6.63
26,58,1,6.4
27,58,1,8.34
28,58,1,6.64
29,58,1,6.51
30,58,1,7.3
31,58,1,7.78
32,58,1,7.42
33,58,1,7.77
34,58,1,7.67
35,58,1,6.2
36,58,1,8.16
37,58,1,7.1
38,58,1,7.81
39,58,1,7.19
40,58,1,9.1
41,58,1,7.69
42,58,1,8.12
43,58,1,8.49
44,58,1,8.51
45,58,1,8.11
46,58,1,6.98
47,58,1,7.15
48,58,1,8.25
49,58,1,8.49
50,58,1,7.55
51,58,1,7.73
52,58,1,8.09
53,58,1,8.02
54,58,1,8.08
55,58,1,8.53
56,58,1,7.77
57,58,1,7.34
58,58,1,6.77
59,58,1,8.41
60,58,1,7.1
61,58,1,8.37
62,58,1,8.35
63,58,1,6.54
64,58,1,7.54
65,58,1,8.56
66,58,1,9.11
67,58,1,7.36
68,58,1,7.64
69,58,1,8.84
70,58,1,8.64
71,58,1,7.26
72,58,1,7.64
73,58,1,6.81
74,58,1,8.43
75,58,1,7.52
76,58,1,7.0
77,58,1,7.69
78,58,1,7.42
79,58,1,8.79
80,58,1,7.63
81,58,1,8.41
82,58,1,9.44
83,58,1,7.79
84,58,1,7.05
85,58,1,8.15
86,58,1,6.8
87,58,1,8.02
88,58,1,7.21
89,58,1,7.75
90,58,1,7.62
91,58,1,8.02
92,58,1,8.51
93,58,1,7.76
94,58,1,7.88
95,58,1,7.81
96,58,1,8.67
97,58,1,8.17
98,58,1,8.37
99,58,1,7.74
0,59,1,5.49
1,59,1,7.86
2,59,1,7.34
3,59,1,9.01
4,59,1,9.48
5,59,1,8.57
6,59,1,6.23
7,59,1,8.78
8,59,1,7.82
9,59,1,7.82
10,59,1,7.1
11,59,1,8.21
12,59,1,7.57
13,59,1,8.44
14,59,1,8.56
15,59,1,7.69
16,59,1,7.7
17,59,1,7.16
18,59,1,8.13
19,59,1,7.82
20,59,1,6.92
21,59,1,8.94
22,59,1,7.01
23,59,1,8.06
24,59,1,8.43
25,59,1,9.0
26,59,1,7.93
27,59,1,7.43
28,59,1,9.57
29,59,1,9.04
30,59,1,8.29
31,59,1,8.42
32,59,1,9.09
33,59,1,7.85
34,59,1,6.39
35,59,1,8.19
36,59,1,6.96
37,59,1,7.7
38,59,1,6.93
39,59,1,6.26
40,59,1,7.65
41,59,1,7.87
42,59,1,8.06
43,59,1,7.43
44,59,1,6.4
45,59,1,6.54
46,59,1,6.72
47,59,1,9.39
48,59,1,8.73
49,59,1,6.56
50,59,1,7.65
51,59,1,8.29
52,59,1,6.63
53,59,1,8.07
54,59,1,8.88
55,59,1,7.44
56,59,1,7.48
57,59,1,8.33
58,59,1,8.36
59,59,1,6.62
60,59,1,7.93
61,59,1,8.0
62,59,1,7.88
63,59,1,7.55
64,59,1,6.69
65,59,1,6.82
66,59,1,8.57
67,59,1,7.85
68,59,1,9.02
69,59,1,6.67
70,59,1,6.24
71,59,1,7.65
72,59,1,9.18
73,59,1,8.36
74,59,1,8.07
75,59,1,7.63
76,59,1,7.43
77,59,1,7.79
78,59,1,7.46
79,59,1,7.71
80,59,1,7.83
81,59,1,7.4
82,59,1,8.18
83,59,1,5.67
84,59,1,7.24
85,59,1,7.01
86,59,1,9.48
87,59,1,6.2
88,59,1,8.31
89,59,1,7.0
90,59,1,9.67
91,59,1,7.98
92,59,1,9.15
93,59,1,6.92
94,59,1,8.99
95,59,1,9.19
96,59,1,6.99
97,59,1,7.55
98,59,1,8.07
99,59,1,7.24
0,60,1,6.94
1,60,1,8.06
2,60,1,8.25
3,60,1,7.43
4,60,1,7.16
5,60,1,8.98
6,60,1,8.69
7,60,1,7.65
8,60,1,9.1
9,60,1,8.47
10,60,1,7.47
11,60,1,7.14
12,60,1,6.73
13,60,1,8.65
14,60,1,8.78
15,60,1,7.97
16,60,1,9.25
17,60,1,7.9
18,60,1,9.9
19,60,1,7.72
20,60,1,7.9
21,60,1,7.49
22,60,1,7.37
23,60,1,9.59
24,60,1,6.52
25,60,1,6.96
26,60,1,7.87
27,60,1,7.47
28,60,1,8.0
29,60,1,8.02
30,60,1,7.88
31,60,1,7.44
32,60,1,8.47
33,60,1,8.04
34,60,1,8.23
35,60,1,8.69
36,60,1,8.11
37,60,1,7.22
38,60,1,8.81
39,60,1,8.5
40,60,1,7.65
41,60,1,7.26
42,60,1,8.1
43,60,1,7.52
44,60,1,7.98
45,60,1,8.3
46,60,1,7.93
47,60,1,7.77
48,60,1,8.25
49,60,1,8.76
50,60,1,8.32
51,60,1,6.7
52,60,1,7.52
53,60,1,8.2
54,60,1,7.64
55,60,1,5.87
56,60,1,9.35
57,60,1,9.56
58,60,1,6.58
59,60,1,8.2
60,60,1,8.79
61,60,1,8.25
62,60,1,7.47
63,60,1,7.81
64,60,1,7.64
65,60,1,7.06
66,60,1,7.93
67,60,1,5.65
68,60,1,8.32
69,60,1,8.05
70,60,1,6.89
71,60,1,10.04
72,60,1,8.67
73,60,1,8.0
74,60,1,7.8
75,60,1,8.12
76,60,1,7.19
77,60,1,6.64
78,60,1,6.33
79,60,1,8.09
80,60,1,6.58
81,60,1,8.07
82,60,1,8.77
83,60,1,7.59
84,60,1,9.12
85,60,1,7.8
86,60,1,7.04
87,60,1,9.45
88,60,1,7.85
89,60,1,9.58
90,60,1,7.57
91,60,1,8.93
92,60,1,7.65
93,60,1,8.48
94,60,1,7.51
95,60,1,7.55
96,60,1,6.52
97,60,1,8.77
98,60,1,7.06
99,60,1,9.42
0,61,1,8.92
1,61,1,7.6
2,61,1,7.42
3,61,1,7.66
4,61,1,6.1
5,61,1,7.74
6,61,1,7.59
7,61,1,8.06
8,61,1,8.07
9,61,1,7.89
10,61,1,7.88
11,61,1,8.78
12,61,1,8.69
13,61,1,9.97
14,61,1,6.07
15,61,1,9.43
16,61,1,6.25
17,61,1,7.18
18,61,1,7.61
19,61,1,7.46
20,61,1,7.26
21,61,1,7.03
22,61,1,7.4
23,61,1,6.03
24,61,1,7.83
25,61,1,7.6
26,61,1,8.82
27,61,1,8.48
28,61,1,6.93
29,61,1,8.38
30,61,1,7.42
31,61,1,6.43
32,61,1,6.38
33,61,1,8.6
34,61,1,6.71
35,61,1,7.08
36,61,1,7.92
37,61,1,9.21
38,61,1,8.23
39,61,1,8.15
40,61,1,7.38
41,61,1,8.29
42,61,1,7.86
43,61,1,7.73
44,61,1,8.92
45,61,1,8.45
46,61,1,8.68
47,61,1,8.3
48,61,1,5.98
49,61,1,6.78
50,61,1,7.21
51,61,1,8.39
52,61,1,6.84
53,61,1,7.79
54,61,1,6.26
55,61,1,8.37
56,61,1,7.51
57,61,1,8.22
58,61,1,8.55
59,61,1,8.83
60,61,1,8.64
61,61,1,6.23
62,61,1,9.92
63,61,1,7.25
64,61,1,8.11
65,61,1,9.21
66,61,1,8.56
67,61,1,7.21
68,61,1,7.54
69,61,1,8.8
70,61,1,9.36
71,61,1,7.65
72,61,1,7.44
73,61,1,6.46
74,61,1,7.89
75,61,1,8.39
76,61,1,7.6
77,61,1,7.56
78,61,1,8.98
79,61,1,5.38
80,61,1,8.76
81,61,1,8.17
82,61,1,8.24
83,61,1,8.01
84,61,1,8.61
85,61,1,5.55
86,61,1,8.41
87,61,1,8.87
88,61,1,6.82
89,61,1,7.17
90,61,1,7.41
91,61,1,7.48
92,61,1,8.97
93,61,1,7.92
94,61,1,8.76
95,61,1,7.12
96,61,1,7.12
97,61,1,6.45
98,61,1,7.68
99,61,1,6.41
0,62,1,6.37
1,62,1,7.1
2,62,1,9.05
3,62,1,7.52
4,62,1,8.28
5,62,1,7.56
6,62,1,8.01
7,62,1,7.09
8,62,1,8.16
9,62,1,8.1
10,62,1,8.07
11,62,1,7.32
12,62,1,7.72
13,62,1,8.19
14,62,1,6.95
15,62,1,6.22
16,62,1,7.65
17,62,1,7.54
18,62,1,8.02
19,62,1,8.45
20,62,1,8.31
21,62,1,9.4
22,62,1,8.1
23,62,1,6.9
24,62,1,9.17
25,62,1,6.46
26,62,1,9.15
27,62,1,8.29
28,62,1,8.32
29,62,1,7.5
30,62,1,6.74
31,62,1,7.19
32,62,1,7.85
33,62,1,8.63
34,62,1,8.85
35,62,1,7.69
36,62,1,6.32
37,62,1,6.53
38,62,1,7.57
39,62,1,9.03
40,62,1,5.01
41,62,1,6.46
42,62,1,6.83
43,62,1,7.43
44,62,1,7.89
45,62,1,8.77
46,62,1,8.06
47,62,1,8.22
48,62,1,7.82
49,62,1,8.25
50,62,1,7.6
51,62,1,9.06
52,62,1,7.92
53,62,1,7.6
54,62,1,8.95
55,62,1,7.71
56,62,1,7.78
57,62,1,7.74
58,62,1,7.44
59,62,1,8.79
60,62,1,6.95
61,62,1,6.92
62,62,1,7.08
63,62,1,7.96
64,62,1,9.03
65,62,1,7.65
66,62,1,7.37
67,62,1,7.67
68,62,1,7.85
69,62,1,8.02
70,62,1,7.34
71,62,1,6.86
72,62,1,7.92
73,62,1,6.01
74,62,1,6.87
75,62,1,7.02
76,62,1,6.4
77,62,1,9.34
78,62,1,7.59
79,62,1,6.52
80,62,1,7.96
81,62,1,8.32
82,62,1,7.79
83,62,1,7.23
84,62,1,7.74
85,62,1,8.38
86,62,1,7.59
87,62,1,6.97
88,62,1,8.19
89,62,1,8.78
90,62,1,7.14
91,62,1,9.25
92,62,1,7.93
93,62,1,6.36
94,62,1,7.32
95,62,1,8.2
96,62,1,7.81
97,62,1,7.78
98,62,1,6.54
99,62,1,6.31
0,63,1,9.78
1,63,1,7.73
2,63,1,9.11
3,63,1,7.09
4,63,1,8.13
5,63,1,8.23
6,63,1,8.31
7,63,1,6.92
8,63,1,8.89
9,63,1,7.12
10,63,1,7.78
11,63,1,9.04
12,63,1,8.38
13,63,1,7.97
14,63,1,7.09
15,63,1,8.12
16,63,1,8.44
17,63,1,8.75
18,63,1,6.59
19,63,1,8.66
20,63,1,7.66
21,63,1,7.59
22,63,1,8.02
23,63,1,7.01
24,63,1,7.35
25,63,1,6.65
26,63,1,8.33
27,63,1,7.41
28,63,1,7.5
29,63,1,8.28
30,63,1,6.82
31,63,1,7.18
32,63,1,7.69
33,63,1,8.34
34,63,1,6.4
35,63,1,7.65
36,63,1,9.44
37,63,1,8.96
38,63,1,8.42
39,63,1,8.14
40,63,1,6.61
41,63,1,6.59
42,63,1,7.8
43,63,1,7.05
44,63,1,6.84
45,63,1,9.54
46,63,1,9.44
47,63,1,9.2
48,63,1,8.36
49,63,1,8.57
50,63,1,7.22
51,63,1,7.21
52,63,1,6.57
53,63,1,8.75
54,63,1,9.24
55,63,1,9.77
56,63,1,8.96
57,63,1,7.89
58,63,1,8.2
59,63,1,6.79
60,63,1,7.37
61,63,1,7.36
62,63,1,8.29
63,63,1,7.73
64,63,1,8.71
65,63,1,9.29
66,63,1,8.92
67,63,1,7.23
68,63,1,7.22
69,63,1,7.69
70,63,1,7.42
71,63,1,8.81
72,63,1,7.72
73,63,1,8.92
74,63,1,6.31
75,63,1,8.1
76,63,1,8.06
77,63,1,7.19
78,63,1,8.54
79,63,1,9.0
80,63,1,7.84
81,63,1,7.18
82,63,1,7.56
83,63,1,9.36
84,63,1,8.65
85,63,1,6.39
86,63,1,8.9
87,63,1,7.26
88,63,1,8.01
89,63,1,8.53
90,63,1,6.56
91,63,1,7.25
92,63,1,8.5
93,63,1,8.16
94,63,1,7.74
95,63,1,8.11
96,63,1,9.22
97,63,1,7.05
98,63,1,8.59
99,63,1,6.95
0,64,1,8.04
1,64,1,7.7
2,64,1,8.61
3,64,1,8.46
4,64,1,6.41
5,64,1,6.51
6,64,1,6.49
7,64,1,8.82
8,64,1,6.93
9,64,1,8.13
10,64,1,6.84
11,64,1,7.88
12,64,1,9.9
13,64,1,7.86
14,64,1,8.79
15,64,1,8.45
16,64,1,7.73
17,64,1,9.23
18,64,1,8.01
19,64,1,7.08
20,64,1,8.34
21,64,1,8.69
22,64,1,7.66
23,64,1,7.84
24,64,1,7.83
25,64,1,7.99
26,64,1,8.75
27,64,1,8.1
28,64,1,8.26
29,64,1,9.14
30,64,1,7.27
31,64,1,6.93
32,64,1,8.25
33,64,1,6.88
34,64,1,8.38
35,64,1,7.4
36,64,1,7.71
37,64,1,7.73
38,64,1,9.4
39,64,1,6.35
40,64,1,8.28
41,64,1,7.69
42,64,1,7.73
43,64,1,7.9
44,64,1,8.4
45,64,1,8.08
46,64,1,6.51
47,64,1,8.65
48,64,1,9.38
49,64,1,8.17
50,64,1,7.72
51,64,1,7.33
52,64,1,8.59
53,64,1,9.56
54,64,1,8.35
55,64,1,8.79
56,64,1,8.64
57,64,1,8.2
58,64,1,7.21
59,64,1,8.88
60,64,1,8.2
61,64,1,6.39
62,64,1,7.75
63,64,1,8.15
64,64,1,8.98
65,64,1,7.1
66,64,1,9.4
67,64,1,8.35
68,64,1,8.0
69,64,1,8.59
70,64,1,7.83
71,64,1,8.15
72,64,1,8.97
73,64,1,7.91
74,64,1,7.56
75,64,1,8.71
76,64,1,8.46
77,64,1,7.57
78,64,1,7.61
79,64,1,5.99
80,64,1,8.48
81,64,1,6.76
82,64,1,8.63
83,64,1,8.44
84,64,1,7.23
85,64,1,6.73
86,64,1,7.64
87,64,1,8.38
88,64,1,7.04
89,64,1,7.39
90,64,1,8.3
91,64,1,8.35
92,64,1,8.81
93,64,1,7.66
94,64,1,7.89
95,64,1,8.14
96,64,1,7.81
97,64,1,8.02
98,64,1,6.81
99,64,1,5.95
0,65,1,7.44
1,65,1,6.65
2,65,1,5.85
3,65,1,6.97
4,65,1,9.42
5,65,1,6.88
6,65,1,7.93
7,65,1,5.71
8,65,1,9.19
9,65,1,7.64
10,65,1,7.2
11,65,1,6.3
12,65,1,7.65
13,65,1,8.46
14,65,1,7.66
15,65,1,8.15
16,65,1,7.43
17,65,1,8.09
18,65,1,7.82
19,65,1,8.98
20,65,1,8.73
21,65,1,8.35
22,65,1,6.49
23,65,1,8.47
24,65,1,8.14
25,65,1,7.77
26,65,1,6.99
27,65,1,8.58
28,65,1,8.06
29,65,1,7.54
30,65,1,8.29
31,65,1,8.72
32,65,1,7.33
33,65,1,7.54
34,65,1,8.87
35,65,1,7.31
36,65,1,8.23
37,65,1,7.85
38,65,1,7.85
39,65,1,6.56
40,65,1,7.46
41,65,1,8.27
42,65,1,8.4
43,65,1,7.94
44,65,1,6.48
45,65,1,5.69
46,65,1,7.9
47,65,1,8.61
48,65,1,7.3
49,65,1,8.16
50,65,1,8.43
51,65,1,7.86
52,65,1,8.48
53,65,1,7.39
54,65,1,7.92
55,65,1,6.54
56,65,1,7.64
57,65,1,4.94
58,65,1,8.31
59,65,1,7.78
60,65,1,9.15
61,65,1,7.71
62,65,1,8.19
63,65,1,7.12
64,65,1,6.66
65,65,1,7.98
66,65,1,8.82
67,65,1,8.41
68,65,1,8.03
69,65,1,8.24
70,65,1,9.94
71,65,1,7.56
72,65,1,6.54
73,65,1,8.04
74,65,1,7.56
75,65,1,8.67
76,65,1,7.63
77,65,1,7.34
78,65,1,6.61
79,65,1,8.61
80,65,1,8.62
81,65,1,8.77
82,65,1,8.04
83,65,1,7.05
84,65,1,8.04
85,65,1,7.48
86,65,1,9.8
87,65,1,7.62
88,65,1,7.12
89,65,1,8.99
90,65,1,7.04
91,65,1,7.56
92,65,1,8.21
93,65,1,9.18
94,65,1,7.29
95,65,1,8.37
96,65,1,6.12
97,65,1,7.33
98,65,1,7.94
99,65,1,7.22
0,66,1,6.94
1,66,1,7.9
2,66,1,8.43
3,66,1,7.52
4,66,1,7.81
5,66,1,6.94
6,66,1,8.57
7,66,1,7.83
8,66,1,7.83
9,66,1,6.92
10,66,1,9.05
11,66,1,8.07
12,66,1,8.75
13,66,1,8.59
14,66,1,8.96
15,66,1,8.19
16,66,1,7.26
17,66,1,7.69
18,66,1,8.48
19,66,1,6.69
20,66,1,7.2
21,66,1,8.1
22,66,1,8.66
23,66,1,7.95
24,66,1,8.23
25,66,1,9.48
26,66,1,8.6
27,66,1,7.32
28,66,1,6.52
29,66,1,5.95
30,66,1,8.05
31,66,1,8.64
32,66,1,7.94
33,66,1,5.56
34,66,1,8.02
35,66,1,6.66
36,66,1,8.61
37,66,1,6.36
38,66,1,8.52
39,66,1,8.89
40,66,1,7.09
41,66,1,7.19
42,66,1,7.34
43,66,1,7.62
44,66,1,8.71
45,66,1,7.92
46,66,1,8.11
47,66,1,6.87
48,66,1,9.13
49,66,1,8.51
50,66,1,7.6
51,66,1,7.31
52,66,1,7.57
53,66,1,6.58
54,66,1,9.82
55,66,1,10.59
56,66,1,7.51
57,66,1,6.83
58,66,1,7.93
59,66,1,7.87
60,66,1,8.56
61,66,1,8.78
62,66,1,9.0
63,66,1,7.7
64,66,1,8.71
65,66,1,6.55
66,66,1,7.94
67,66,1,7.26
68,66,1,7.65
69,66,1,8.07
70,66,1,7.44
71,66,1,8.06
72,66,1,8.24
73,66,1,8.15
74,66,1,9.06
75,66,1,7.79
76,66,1,9.22
77,66,1,9.43
78,66,1,6.11
79,66,1,8.64
80,66,1,8.57
81,66,1,8.31
82,66,1,8.0
83,66,1,8.12
84,66,1,8.28
85,66,1,6.99
86,66,1,6.86
87,66,1,8.01
88,66,1,7.51
89,66,1,7.19
90,66,1,7.19
91,66,1,7.7
92,66,1,7.56
93,66,1,6.05
94,66,1,7.35
95,66,1,7.14
96,66,1,7.24
97,66,1,8.85
98,66,1,9.57
99,66,1,9.6
0,67,1,7.21
1,67,1,7.84
2,67,1,6.15
3,67,1,6.23
4,67,1,8.29
5,67,1,6.89
6,67,1,9.09
7,67,1,7.34
8,67,1,7.9
9,67,1,7.18
10,67,1,9.38
11,67,1,8.11
12,67,1,6.42
13,67,1,7.22
14,67,1,8.65
15,67,1,8.18
16,67,1,8.23
17,67,1,7.2
18,67,1,6.09
19,67,1,7.27
20,67,1,8.52
21,67,1,8.08
22,67,1,9.59
23,67,1,9.15
24,67,1,7.29
25,67,1,8.9
26,67,1,8.5
27,67,1,7.05
28,67,1,6.27
29,67,1,8.89
30,67,1,6.93
31,67,1,7.71
32,67,1,7.78
33,67,1,8.37
34,67,1,7.81
35,67,1,7.6
36,67,1,7.99
37,67,1,7.64
38,67,1,9.06
39,67,1,7.75
40,67,1,8.4
41,67,1,7.16
42,67,1,6.72
43,67,1,9.16
44,67,1,7.51
45,67,1,5.93
46,67,1,7.61
47,67,1,8.2
48,67,1,8.58
49,67,1,7.57
50,67,1,8.9
51,67,1,7.77
52,67,1,6.96
53,67,1,6.88
54,67,1,7.81
55,67,1,8.19
56,67,1,8.78
57,67,1,8.81
58,67,1,7.92
59,67,1,8.9
60,67,1,7.95
61,67,1,6.05
62,67,1,7.03
63,67,1,8.4
64,67,1,7.65
65,67,1,6.98
66,67,1,8.49
67,67,1,7.77
68,67,1,7.36
69,67,1,6.5
70,67,1,8.19
71,67,1,7.86
72,67,1,7.37
73,67,1,8.17
74,67,1,7.61
75,67,1,7.58
76,67,1,9.0
77,67,1,7.47
78,67,1,7.57
79,67,1,7.38
80,67,1,7.85
81,67,1,8.81
82,67,1,6.46
83,67,1,6.75
84,67,1,6.33
85,67,1,9.81
86,67,1,7.58
87,67,1,8.57
88,67,1,8.05
89,67,1,7.51
90,67,1,7.97
91,67,1,9.16
92,67,1,9.89
93,67,1,7.51
94,67,1,7.08
95,67,1,8.15
96,67,1,8.18
97,67,1,7.24
98,67,1,8.44
99,67,1,7.47
0,68,1,7.84
1,68,1,9.98
2,68,1,7.5
3,68,1,7.08
4,68,1,7.75
5,68,1,8.08
6,68,1,7.23
7,68,1,6.85
8,68,1,7.25
9,68,1,7.27
10,68,1,7.61
11,68,1,6.96
12,68,1,7.25
13,68,1,10.28
14,68,1,7.37
15,68,1,6.93
16,68,1,8.16
17,68,1,7.44
18,68,1,8.62
19,68,1,8.77
20,68,1,7.54
21,68,1,7.37
22,68,1,8.2
23,68,1,6.31
24,68,1,9.42
25,68,1,8.14
26,68,1,8.35
27,68,1,6.74
28,68,1,8.97
29,68,1,7.03
30,68,1,8.17
31,68,1,8.62
32,68,1,6.85
33,68,1,8.57
34,68,1,7.0
35,68,1,6.91
36,68,1,7.86
37,68,1,8.16
38,68,1,8.37
39,68,1,7.35
40,68,1,8.78
41,68,1,9.61
42,68,1,7.84
43,68,1,7.32
44,68,1,7.33
45,68,1,8.79
46,68,1,7.76
47,68,1,9.2
48,68,1,6.69
49,68,1,6.98
50,68,1,7.2
51,68,1,9.64
52,68,1,7.67
53,68,1,8.51
54,68,1,9.1
55,68,1,8.06
56,68,1,9.56
57,68,1,7.28
58,68,1,7.34
59,68,1,6.97
60,68,1,7.67
61,68,1,8.9
62,68,1,7.38
63,68,1,6.27
64,68,1,6.57
65,68,1,7.92
66,68,1,7.75
67,68,1,8.44
68,68,1,6.56
69,68,1,7.78
70,68,1,6.36
71,68,1,9.23
72,68,1,8.21
73,68,1,6.84
74,68,1,8.41
75,68,1,8.4
76,68,1,8.39
77,68,1,7.61
78,68,1,6.25
79,68,1,8.62
80,68,1,7.15
81,68,1,7.32
82,68,1,8.79
83,68,1,6.91
84,68,1,8.59
85,68,1,8.07
86,68,1,7.28
87,68,1,7.64
88,68,1,7.16
89,68,1,6.89
90,68,1,7.28
91,68,1,7.88
92,68,1,8.51
93,68,1,7.89
94,68,1,10.54
95,68,1,9.19
96,68,1,8.43
97,68,1,9.39
98,68,1,7.18
99,68,1,7.94
0,69,1,7.1
1,69,1,7.13
2,69,1,8.59
3,69,1,6.36
4,69,1,6.74
5,69,1,7.43
6,69,1,8.11
7,69,1,8.45
8,69,1,7.53
9,69,1,8.13
10,69,1,9.4
11,69,1,7.58
12,69,1,7.99
13,69,1,8.25
14,69,1,7.24
15,69,1,8.17
16,69,1,9.92
17,69,1,6.94
18,69,1,10.54
19,69,1,7.63
20,69,1,6.0
21,69,1,7.32
22,69,1,7.75
23,69,1,6.96
24,69,1,8.45
25,69,1,9.3
26,69,1,8.17
27,69,1,8.6
28,69,1,7.83
29,69,1,7.66
30,69,1,7.22
31,69,1,7.36
32,69,1,7.86
33,69,1,7.59
34,69,1,8.44
35,69,1,7.24
36,69,1,7.78
37,69,1,8.56
38,69,1,8.9
39,69,1,10.09
40,69,1,8.67
41,69,1,8.67
42,69,1,7.85
43,69,1,7.86
44,69,1,8.24
45,69,1,8.18
46,69,1,9.07
47,69,1,7.41
48,69,1,8.22
49,69,1,10.65
50,69,1,9.0
51,69,1,7.9
52,69,1,5.95
53,69,1,6.65
54,69,1,7.28
55,69,1,8.79
56,69,1,6.26
57,69,1,6.54
58,69,1,8.56
59,69,1,7.62
60,69,1,7.67
61,69,1,7.96
62,69,1,7.05
63,69,1,7.24
64,69,1,9.37
65,69,1,8.4
66,69,1,6.98
67,69,1,7.59
68,69,1,7.87
69,69,1,7.17
70,69,1,7.61
71,69,1,7.69
72,69,1,8.4
73,69,1,9.08
74,69,1,8.83
75,69,1,8.25
76,69,1,7.67
77,69,1,8.61
78,69,1,6.71
79,69,1,7.72
80,69,1,9.64
81,69,1,8.67
82,69,1,6.82
83,69,1,10.15
84,69,1,7.48
85,69,1,8.75
86,69,1,7.73
87,69,1,7.31
88,69,1,6.6
89,69,1,6.68
90,69,1,7.88
91,69,1,8.73
92,69,1,7.73
93,69,1,7.64
94,69,1,10.16
95,69,1,6.11
96,69,1,5.49
97,69,1,6.98
98,69,1,6.19
99,69,1,8.08
0,70,1,7.78
1,70,1,8.46
2,70,1,8.28
3,70,1,7.38
4,70,1,6.78
5,70,1,4.72
6,70,1,7.83
7,70,1,7.81
8,70,1,5.88
9,70,1,7.16
10,70,1,7.02
11,70,1,8.27
12,70,1,7.46
13,70,1,7.69
14,70,1,7.14
15,70,1,7.18
16,70,1,6.57
17,70,1,7.47
18,70,1,7.89
19,70,1,8.47
20,70,1,9.66
21,70,1,7.43
22,70,1,10.44
23,70,1,8.19
24,70,1,7.22
25,70,1,8.43
26,70,1,7.07
27,70,1,7.63
28,70,1,6.66
29,70,1,8.26
30,70,1,8.36
31,70,1,6.37
32,70,1,7.68
33,70,1,8.25
34,70,1,6.84
35,70,1,7.66
36,70,1,5.66
37,70,1,7.95
38,70,1,7.33
39,70,1,7.58
40,70,1,7.6
41,70,1,7.83
42,70,1,8.15
43,70,1,8.23
44,70,1,6.35
45,70,1,7.74
46,70,1,7.8
47,70,1,9.14
48,70,1,9.15
49,70,1,8.77
50,70,1,6.46
51,70,1,8.87
52,70,1,7.67
53,70,1,8.17
54,70,1,6.79
55,70,1,7.94
56,70,1,8.34
57,70,1,8.24
58,70,1,10.39
59,70,1,7.22
60,70,1,8.81
61,70,1,7.34
62,70,1,7.68
63,70,1,9.14
64,70,1,7.72
65,70,1,8.43
66,70,1,7.89
67,70,1,8.46
68,70,1,6.56
69,70,1,8.66
70,70,1,7.47
71,70,1,6.72
72,70,1,6.77
73,70,1,8.21
74,70,1,8.12
75,70,1,9.17
76,70,1,8.67
77,70,1,6.75
78,70,1,7.91
79,70,1,7.33
80,70,1,7.86
81,70,1,7.24
82,70,1,7.16
83,70,1,9.14
84,70,1,7.17
85,70,1,7.31
86,70,1,9.86
87,70,1,6.56
88,70,1,7.88
89,70,1,7.38
90,70,1,8.52
91,70,1,8.38
92,70,1,7.78
93,70,1,9.74
94,70,1,8.35
95,70,1,7.37
96,70,1,7.52
97,70,1,7.75
98,70,1,8.76
99,70,1,6.39
0,71,1,8.62
1,71,1,8.11
2,71,1,8.61
3,71,1,8.3
4,71,1,7.74
5,71,1,8.14
6,71,1,6.02
7,71,1,7.43
8,71,1,6.61
9,71,1,8.61
10,71,1,8.03
11,71,1,7.14
12,71,1,9.84
13,71,1,8.52
14,71,1,6.77
15,71,1,7.31
16,71,1,6.91
17,71,1,7.41
18,71,1,9.47
19,71,1,8.79
20,71,1,8.03
21,71,1,9.03
22,71,1,8.22
23,71,1,6.94
24,71,1,9.16
25,71,1,8.48
26,71,1,8.83
27,71,1,8.08
28,71,1,8.57
29,71,1,7.14
30,71,1,8.66
31,71,1,9.99
32,71,1,7.8
33,71,1,6.24
34,71,1,7.66
35,71,1,7.12
36,71,1,7.79
37,71,1,7.8
38,71,1,7.97
39,71,1,7.71
40,71,1,7.67
41,71,1,6.94
42,71,1,7.19
43,71,1,8.05
44,71,1,7.51
45,71,1,8.22
46,71,1,7.32
47,71,1,7.1
48,71,1,7.62
49,71,1,7.47
50,71,1,8.5
51,71,1,9.2
52,71,1,7.12
53,71,1,8.56
54,71,1,7.64
55,71,1,7.73
56,71,1,7.34
57,71,1,6.73
58,71,1,8.87
59,71,1,7.77
60,71,1,7.93
61,71,1,7.17
62,71,1,8.41
63,71,1,8.42
64,71,1,7.46
65,71,1,6.91
66,71,1,8.05
67,71,1,8.0
68,71,1,7.95
69,71,1,6.74
70,71,1,8.43
71,71,1,7.21
72,71,1,8.26
73,71,1,8.47
74,71,1,6.91
75,71,1,6.84
76,71,1,7.79
77,71,1,7.43
78,71,1,7.06
79,71,1,5.8
80,71,1,9.02
81,71,1,8.7
82,71,1,7.49
83,71,1,9.77
84,71,1,7.43
85,71,1,7.32
86,71,1,7.78
87,71,1,5.58
88,71,1,6.39
89,71,1,8.47
90,71,1,7.95
91,71,1,6.63
92,71,1,8.45
93,71,1,8.21
94,71,1,8.36
95,71,1,7.59
96,71,1,7.38
97,71,1,8.14
98,71,1,6.76
99,71,1,9.18
0,72,1,5.98
1,72,1,8.34
2,72,1,8.4
3,72,1,8.41
4,72,1,7.81
5,72,1,9.38
6,72,1,8.32
7,72,1,8.53
8,72,1,8.22
9,72,1,7.83
10,72,1,6.72
11,72,1,6.72
12,72,1,9.03
13,72,1,8.31
14,72,1,6.65
15,72,1,7.15
16,72,1,6.72
17,72,1,8.23
18,72,1,8.82
19,72,1,8.2
20,72,1,8.19
21,72,1,9.6
22,72,1,8.82
23,72,1,7.73
24,72,1,9.82
25,72,1,8.62
26,72,1,9.04
27,72,1,8.94
28,72,1,9.34
29,72,1,8.55
30,72,1,7.76
31,72,1,7.93
32,72,1,8.43
33,72,1,10.06
34,72,1,7.46
35,72,1,8.68
36,72,1,8.91
37,72,1,8.23
38,72,1,7.9
39,72,1,8.4
40,72,1,8.38
41,72,1,8.68
42,72,1,8.85
43,72,1,7.16
44,72,1,6.77
45,72,1,7.2
46,72,1,8.0
47,72,1,6.73
48,72,1,6.63
49,72,1,8.45
50,72,1,8.51
51,72,1,8.69
52,72,1,8.24
53,72,1,7.22
54,72,1,6.54
55,72,1,6.68
56,72,1,8.21
57,72,1,6.91
58,72,1,7.58
59,72,1,7.45
60,72,1,8.7
61,72,1,7.53
62,72,1,6.78
63,72,1,7.12
64,72,1,6.98
65,72,1,7.59
66,72,1,7.29
67,72,1,8.18
68,72,1,8.16
69,72,1,8.3
70,72,1,7.43
71,72,1,5.96
72,72,1,7.84
73,72,1,7.42
74,72,1,7.31
75,72,1,7.94
76,72,1,7.87
77,72,1,8.33
78,72,1,6.48
79,72,1,7.6
80,72,1,8.19
81,72,1,7.82
82,72,1,8.06
83,72,1,8.35
84,72,1,7.75
85,72,1,9.75
86,72,1,7.15
87,72,1,6.45
88,72,1,7.19
89,72,1,8.65
90,72,1,6.53
91,72,1,7.87
92,72,1,8.82
93,72,1,6.42
94,72,1,8.46
95,72,1,7.26
96,72,1,7.64
97,72,1,8.95
98,72,1,8.49
99,72,1,7.72
0,73,1,7.78
1,73,1,6.68
2,73,1,7.42
3,73,1,8.58
4,73,1,7.45
5,73,1,8.48
6,73,1,7.79
7,73,1,6.28
8,73,1,7.58
9,73,1,7.02
10,73,1,7.34
11,73,1,7.33
12,73,1,8.48
13,73,1,7.95
14,73,1,7.5
15,73,1,8.37
16,73,1,6.69
17,73,1,8.05
18,73,1,6.8
19,73,1,8.03
20,73,1,9.23
21,73,1,11.36
22,73,1,8.7
23,73,1,10.36
24,73,1,10.72
25,73,1,9.49
26,73,1,10.45
27,73,1,8.24
28,73,1,8.61
29,73,1,8.5
30,73,1,7.34
31,73,1,8.32
32,73,1,6.45
33,73,1,7.53
34,73,1,9.45
35,73,1,7.44
36,73,1,8.56
37,73,1,7.16
38,73,1,7.24
39,73,1,8.28
40,73,1,7.53
41,73,1,7.15
42,73,1,6.97
43,73,1,7.37
44,73,1,7.04
45,73,1,8.3
46,73,1,9.24
47,73,1,6.69
48,73,1,7.04
49,73,1,7.03
50,73,1,6.42
51,73,1,6.07
52,73,1,7.36
53,73,1,8.1
54,73,1,6.51
55,73,1,7.4
56,73,1,7.63
57,73,1,6.99
58,73,1,8.52
59,73,1,7.36
60,73,1,5.97
61,73,1,8.24
62,73,1,9.61
63,73,1,10.17
64,73,1,8.41
65,73,1,6.68
66,73,1,9.1
67,73,1,9.4
68,73,1,7.9
69,73,1,8.57
70,73,1,7.96
71,73,1,7.5
72,73,1,7.2
73,73,1,7.55
74,73,1,7.51
75,73,1,7.57
76,73,1,7.93
77,73,1,8.48
78,73,1,7.97
79,73,1,7.58
80,73,1,7.47
81,73,1,9.37
82,73,1,6.81
83,73,1,7.61
84,73,1,7.63
85,73,1,7.32
86,73,1,7.94
87,73,1,8.01
88,73,1,8.72
89,73,1,8.65
90,73,1,8.08
91,73,1,8.79
92,73,1,8.14
93,73,1,7.81
94,73,1,7.19
95,73,1,8.02
96,73,1,7.64
97,73,1,7.79
98,73,1,8.78
99,73,1,7.94
0,74,1,6.81
1,74,1,7.28
2,74,1,8.33
3,74,1,7.45
4,74,1,9.3
5,74,1,8.85
6,74,1,7.37
7,74,1,8.05
8,74,1,7.56
9,74,1,6.66
10,74,1,7.6
11,74,1,8.61
12,74,1,7.99
13,74,1,8.6
14,74,1,7.86
15,74,1,8.28
16,74,1,8.36
17,74,1,9.35
18,74,1,9.65
19,74,1,8.91
20,74,1,9.1
21,74,1,8.29
22,74,1,10.41
23,74,1,12.16
24,74,1,12.63
25,74,1,10.51
26,74,1,10.24
27,74,1,8.36
28,74,1,10.62
29,74,1,8.99
30,74,1,8.6
31,74,1,8.2
32,74,1,7.72
33,74,1,8.39
34,74,1,6.32
35,74,1,8.58
36,74,1,8.23
37,74,1,8.22
38,74,1,8.73
39,74,1,7.81
40,74,1,7.75
41,74,1,7.13
42,74,1,8.4
43,74,1,9.3
44,74,1,8.93
45,74,1,8.93
46,74,1,7.01
47,74,1,7.19
48,74,1,5.83
49,74,1,7.52
50,74,1,7.82
51,74,1,8.8
52,74,1,7.55
53,74,1,8.54
54,74,1,7.94
55,74,1,8.47
56,74,1,7.75
57,74,1,6.94
58,74,1,7.2
59,74,1,7.91
60,74,1,8.28
61,74,1,7.79
62,74,1,9.36
63,74,1,7.96
64,74,1,7.18
65,74,1,7.0
66,74,1,7.98
67,74,1,7.64
68,74,1,8.65
69,74,1,8.07
70,74,1,7.94
71,74,1,7.98
72,74,1,8.3
73,74,1,7.67
74,74,1,8.36
75,74,1,7.49
76,74,1,8.14
77,74,1,8.13
78,74,1,5.75
79,74,1,7.89
80,74,1,8.19
81,74,1,7.5
82,74,1,9.08
83,74,1,7.21
84,74,1,7.07
85,74,1,7.65
86,74,1,8.85
87,74,1,6.32
88,74,1,8.03
89,74,1,6.66
90,74,1,6.1
91,74,1,8.48
92,74,1,5.52
93,74,1,9.72
94,74,1,8.65
95,74,1,6.74
96,74,1,9.03
97,74,1,7.28
98,74,1,9.18
99,74,1,7.61
0,75,1,8.72
1,75,1,8.0
2,75,1,8.07
3,75,1,8.28
4,75,1,6.99
5,75,1,8.42
6,75,1,9.05
7,75,1,7.32
8,75,1,10.13
9,75,1,6.2
10,75,1,6.0
11,75,1,8.39
12,75,1,8.29
13,75,1,9.17
14,75,1,7.45
15,75,1,6.15
16,75,1,6.93
17,75,1,8.34
18,75,1,7.81
19,75,1,8.15
20,75,1,9.63
21,75,1,10.75
22,75,1,10.64
23,75,1,10.18
24,75,1,11.4
25,75,1,11.29
26,75,1,11.28
27,75,1,10.1
28,75,1,9.86
29,75,1,9.62
30,75,1,6.6
31,75,1,6.98
32,75,1,8.59
33,75,1,7.91
34,75,1,7.4
35,75,1,7.22
36,75,1,6.73
37,75,1,7.35
38,75,1,8.13
39,75,1,8.6
40,75,1,7.56
41,75,1,7.69
42,75,1,8.45
43,75,1,6.46
44,75,1,7.4
45,75,1,7.18
46,75,1,6.9
47,75,1,9.49
48,75,1,8.22
49,75,1,7.49
50,75,1,8.42
51,75,1,8.28
52,75,1,9.05
53,75,1,6.84
54,75,1,6.96
55,75,1,6.29
56,75,1,7.35
57,75,1,8.69
58,75,1,7.19
59,75,1,7.64
60,75,1,6.72
61,75,1,7.72
62,75,1,7.56
63,75,1,7.77
64,75,1,7.95
65,75,1,8.19
66,75,1,6.76
67,75,1,8.51
68,75,1,8.65
69,75,1,7.94
70,75,1,8.19
71,75,1,6.71
72,75,1,7.06
73,75,1,8.18
74,75,1,9.02
75,75,1,7.65
76,75,1,7.41
77,75,1,8.31
78,75,1,7.08
79,75,1,8.74
80,75,1,8.86
81,75,1,7.41
82,75,1,5.98
83,75,1,8.72
84,75,1,6.86
85,75,1,8.5
86,75,1,5.53
87,75,1,7.95
88,75,1,9.16
89,75,1,7.9
90,75,1,7.55
91,75,1,9.97
92,75,1,7.53
93,75,1,8.87
94,75,1,6.94
95,75,1,5.69
96,75,1,6.2
97,75,1,7.82
98,75,1,9.26
99,75,1,7.81
0,76,1,7.53
1,76,1,7.63
2,76,1,9.02
3,76,1,9.79
4,76,1,8.65
5,76,1,6.61
6,76,1,7.59
7,76,1,6.98
8,76,1,6.87
9,76,1,8.65
10,76,1,7.18
11,76,1,8.38
12,76,1,7.92
13,76,1,7.5
14,76,1,9.12
15,76,1,7.72
16,76,1,9.18
17,76,1,7.88
18,76,1,8.3
19,76,1,8.52
20,76,1,9.28
21,76,1,10.3
22,76,1,10.95
23,76,1,11.84
24,76,1,11.59
25,76,1,12.79
26,76,1,10.37
27,76,1,10.84
28,76,1,10.33
29,76,1,10.37
30,76,1,7.96
31,76,1,7.95
32,76,1,7.95
33,76,1,7.26
34,76,1,7.65
35,76,1,6.1
36,76,1,7.55
37,76,1,8.41
38,76,1,8.12
39,76,1,8.57
40,76,1,9.65
41,76,1,5.85
42,76,1,8.34
43,76,1,8.31
44,76,1,7.98
45,76,1,7.42
46,76,1,6.78
47,76,1,8.21
48,76,1,8.61
49,76,1,9.18
50,76,1,8.73
51,76,1,7.39
52,76,1,6.67
53,76,1,7.67
54,76,1,8.42
55,76,1,9.15
56,76,1,7.85
57,76,1,7.26
58,76,1,6.57
59,76,1,8.14
60,76,1,7.85
61,76,1,8.18
62,76,1,8.14
63,76,1,7.28
64,76,1,7.43
65,76,1,7.86
66,76,1,6.33
67,76,1,6.64
68,76,1,7.6
69,76,1,6.89
70,76,1,9.16
71,76,1,8.66
72,76,1,6.94
73,76,1,6.54
74,76,1,9.37
75,76,1,7.71
76,76,1,9.69
77,76,1,8.54
78,76,1,8.34
79,76,1,7.17
80,76,1,7.61
81,76,1,7.22
82,76,1,9.15
83,76,1,8.49
84,76,1,7.86
85,76,1,7.65
86,76,1,9.01
87,76,1,8.06
88,76,1,7.89
89,76,1,7.17
90,76,1,6.91
91,76,1,8.94
92,76,1,6.85
93,76,1,8.51
94,76,1,8.63
95,76,1,6.99
96,76,1,7.74
97,76,1,7.12
98,76,1,5.5
99,76,1,8.49
0,77,1,8.37
1,77,1,7.61
2,77,1,6.54
3,77,1,9.11
4,77,1,8.22
5,77,1,7.66
6,77,1,7.33
7,77,1,8.33
8,77,1,8.84
9,77,1,8.87
10,77,1,7.64
11,77,1,7.91
12,77,1,7.99
13,77,1,6.8
14,77,1,9.09
15,77,1,8.08
16,77,1,7.18
17,77,1,8.29
18,77,1,9.51
19,77,1,9.23
20,77,1,8.78
21,77,1,10.85
22,77,1,11.92
23,77,1,10.82
24,77,1,11.71
25,77,1,12.84
26,77,1,12.12
27,77,1,12.46
28,77,1,9.42
29,77,1,8.11
30,77,1,8.41
31,77,1,7.8
32,77,1,8.28
33,77,1,7.25
34,77,1,8.41
35,77,1,7.89
36,77,1,7.76
37,77,1,8.38
38,77,1,8.22
39,77,1,8.78
40,77,1,7.42
41,77,1,7.88
42,77,1,7.17
43,77,1,7.19
44,77,1,7.13
45,77,1,8.44
46,77,1,7.79
47,77,1,9.01
48,77,1,8.15
49,77,1,7.22
50,77,1,7.88
51,77,1,7.37
52,77,1,8.25
53,77,1,7.16
54,77,1,8.62
55,77,1,9.17
56,77,1,7.28
57,77,1,8.54
58,77,1,6.6
59,77,1,8.3
60,77,1,8.48
61,77,1,7.24
62,77,1,7.31
63,77,1,7.91
64,77,1,7.92
65,77,1,9.37
66,77,1,9.53
67,77,1,6.53
68,77,1,9.15
69,77,1,7.87
70,77,1,7.72
71,77,1,7.8
72,77,1,9.2
73,77,1,7.47
74,77,1,8.53
75,77,1,8.04
76,77,1,6.21
77,77,1,8.04
78,77,1,7.58
79,77,1,7.48
80,77,1,8.16
81,77,1,9.09
82,77,1,7.68
83,77,1,7.85
84,77,1,8.28
85,77,1,9.54
86,77,1,8.83
87,77,1,8.78
88,77,1,5.91
89,77,1,10.06
90,77,1,9.23
91,77,1,7.71
92,77,1,9.13
93,77,1,8.6
94,77,1,5.41
95,77,1,7.49
96,77,1,8.75
97,77,1,7.68
98,77,1,8.5
99,77,1,7.31
0,78,1,7.36
1,78,1,7.94
2,78,1,8.78
3,78,1,8.18
4,78,1,6.28
5,78,1,8.5
6,78,1,8.53
7,78,1,9.03
8,78,1,8.11
9,78,1,7.63
10,78,1,8.03
11,78,1,8.11
12,78,1,7.35
13,78,1,9.35
14,78,1,8.27
15,78,1,8.55
16,78,1,7.16
17,78,1,6.99
18,78,1,9.44
19,78,1,8.18
20,78,1,10.17
21,78,1,9.92
22,78,1,9.22
23,78,1,10.17
24,78,1,11.57
25,78,1,9.97
26,78,1,10.93
27,78,1,7.9
28,78,1,8.59
29,78,1,8.88
30,78,1,7.03
31,78,1,6.45
32,78,1,8.52
33,78,1,9.01
34,78,1,8.64
35,78,1,7.86
36,78,1,8.39
37,78,1,5.86
38,78,1,8.27
39,78,1,8.19
40,78,1,8.68
41,78,1,8.54
42,78,1,7.45
43,78,1,6.54
44,78,1,6.28
45,78,1,9.34
46,78,1,6.87
47,78,1,7.51
48,78,1,7.48
49,78,1,6.57
50,78,1,8.82
51,78,1,8.17
52,78,1,6.79
53,78,1,8.33
54,78,1,7.26
55,78,1,8.22
56,78,1,6.89
57,78,1,8.66
58,78,1,6.96
59,78,1,6.33
60,78,1,9.13
61,78,1,7.42
62,78,1,8.04
63,78,1,7.36
64,78,1,8.24
65,78,1,6.47
66,78,1,8.04
67,78,1,7.91
68,78,1,8.04
69,78,1,8.5
70,78,1,7.3
71,78,1,8.08
72,78,1,9.29
73,78,1,8.08
74,78,1,8.33
75,78,1,6.24
76,78,1,8.51
77,78,1,6.93
78,78,1,8.63
79,78,1,7.89
80,78,1,7.66
81,78,1,7.19
82,78,1,7.07
83,78,1,6.69
84,78,1,6.62
85,78,1,9.04
86,78,1,6.96
87,78,1,7.49
88,78,1,7.82
89,78,1,7.56
90,78,1,8.25
91,78,1,8.08
92,78,1,7.86
93,78,1,9.08
94,78,1,8.38
95,78,1,7.05
96,78,1,7.18
97,78,1,9.18
98,78,1,10.17
99,78,1,7.31
0,79,1,7.38
1,79,1,9.18
2,79,1,7.23
3,79,1,7.19
4,79,1,8.93
5,79,1,8.83
6,79,1,7.33
7,79,1,7.07
8,79,1,9.91
9,79,1,6.54
10,79,1,6.44
11,79,1,7.67
12,79,1,5.63
13,79,1,6.71
14,79,1,7.99
15,79,1,6.25
16,79,1,6.86
17,79,1,7.95
18,79,1,8.74
19,79,1,8.82
20,79,1,8.36
21,79,1,9.06
22,79,1,8.69
23,79,1,9.45
24,79,1,11.81
25,79,1,10.96
26,79,1,9.55
27,79,1,7.72
28,79,1,9.6
29,79,1,8.62
30,79,1,6.22
31,79,1,6.49
32,79,1,8.57
33,79,1,8.61
34,79,1,8.74
35,79,1,7.54
36,79,1,5.86
37,79,1,7.42
38,79,1,8.41
39,79,1,9.13
40,79,1,9.61
41,79,1,6.87
42,79,1,9.35
43,79,1,8.36
44,79,1,8.6
45,79,1,9.04
46,79,1,8.73
47,79,1,7.88
48,79,1,8.77
49,79,1,8.84
50,79,1,6.87
51,79,1,9.39
52,79,1,8.96
53,79,1,6.31
54,79,1,8.34
55,79,1,5.92
56,79,1,8.51
57,79,1,7.89
58,79,1,7.74
59,79,1,8.83
60,79,1,7.81
61,79,1,7.27
62,79,1,8.5
63,79,1,6.77
64,79,1,8.58
65,79,1,7.79
66,79,1,7.44
67,79,1,8.56
68,79,1,6.33
69,79,1,9.05
70,79,1,9.48
71,79,1,7.89
72,79,1,8.16
73,79,1,8.08
74,79,1,8.84
75,79,1,7.04
76,79,1,8.39
77,79,1,8.52
78,79,1,8.71
79,79,1,8.07
80,79,1,8.57
81,79,1,7.52
82,79,1,9.19
83,79,1,7.67
84,79,1,7.06
85,79,1,10.1
86,79,1,9.05
87,79,1,8.57
88,79,1,7.84
89,79,1,7.31
90,79,1,7.65
91,79,1,7.55
92,79,1,8.51
93,79,1,7.52
94,79,1,7.33
95,79,1,7.02
96,79,1,6.77
97,79,1,8.04
98,79,1,8.85
99,79,1,9.92
0,80,1,7.77
1,80,1,6.99
2,80,1,8.72
3,80,1,9.82
4,80,1,7.91
5,80,1,8.02
6,80,1,7.43
7,80,1,7.41
8,80,1,7.5
9,80,1,8.05
10,80,1,9.66
11,80,1,8.09
12,80,1,7.05
13,80,1,7.57
14,80,1,8.12
15,80,1,7.28
16,80,1,7.04
17,80,1,8.36
18,80,1,7.13
19,80,1,8.0
20,80,1,6.33
21,80,1,8.89
22,80,1,10.56
23,80,1,9.62
24,80,1,9.53
25,80,1,8.5
26,80,1,8.76
27,80,1,10.3
28,80,1,8.82
29,80,1,9.02
30,80,1,8.76
31,80,1,9.16
32,80,1,6.56
33,80,1,7.71
34,80,1,8.69
35,80,1,9.44
36,80,1,8.61
37,80,1,8.69
38,80,1,7.16
39,80,1,8.17
40,80,1,9.82
41,80,1,7.82
42,80,1,7.55
43,80,1,8.36
44,80,1,5.77
45,80,1,7.12
46,80,1,8.67
47,80,1,8.54
48,80,1,8.28
49,80,1,8.58
50,80,1,7.57
51,80,1,8.34
52,80,1,6.43
53,80,1,9.47
54,80,1,8.78
55,80,1,7.11
56,80,1,9.38
57,80,1,8.17
58,80,1,7.02
59,80,1,7.95
60,80,1,6.59
61,80,1,6.68
62,80,1,6.72
63,80,1,8.5
64,80,1,7.98
65,80,1,6.71
66,80,1,9.41
67,80,1,7.73
68,80,1,7.67
69,80,1,8.58
70,80,1,8.3
71,80,1,7.19
72,80,1,6.97
73,80,1,8.55
74,80,1,6.59
75,80,1,7.99
76,80,1,9.58
77,80,1,7.15
78,80,1,6.51
79,80,1,9.2
80,80,1,7.44
81,80,1,6.27
82,80,1,8.32
83,80,1,7.97
84,80,1,9.56
85,80,1,8.84
86,80,1,7.98
87,80,1,8.48
88,80,1,9.13
89,80,1,8.35
90,80,1,7.62
91,80,1,6.57
92,80,1,8.26
93,80,1,7.39
94,80,1,8.35
95,80,1,8.13
96,80,1,6.58
97,80,1,9.32
98,80,1,6.79
99,80,1,6.2
0,81,1,6.89
1,81,1,8.11
2,81,1,6.2
3,81,1,8.47
4,81,1,8.48
5,81,1,8.94
6,81,1,7.94
7,81,1,7.64
8,81,1,6.41
9,81,1,8.26
10,81,1,7.78
11,81,1,7.52
12,81,1,7.16
13,81,1,8.84
14,81,1,9.04
15,81,1,7.15
16,81,1,6.4
17,81,1,8.28
18,81,1,7.12
19,81,1,9.06
20,81,1,8.05
21,81,1,7.93
22,81,1,9.92
23,81,1,8.41
24,81,1,9.49
25,81,1,9.4
26,81,1,8.54
27,81,1,7.85
28,81,1,8.8
29,81,1,7.3
30,81,1,8.68
31,81,1,8.88
32,81,1,7.81
33,81,1,7.97
34,81,1,9.14
35,81,1,8.92
36,81,1,6.44
37,81,1,8.13
38,81,1,6.93
39,81,1,6.21
40,81,1,8.16
41,81,1,6.78
42,81,1,7.81
43,81,1,7.74
44,81,1,7.55
45,81,1,8.28
46,81,1,7.55
47,81,1,7.43
48,81,1,6.03
49,81,1,7.85
50,81,1,9.12
51,81,1,9.44
52,81,1,6.49
53,81,1,7.37
54,81,1,9.42
55,81,1,7.57
56,81,1,9.45
57,81,1,8.34
58,81,1,8.81
59,81,1,8.09
60,81,1,8.42
61,81,1,5.93
62,81,1,8.87
63,81,1,8.57
64,81,1,7.96
65,81,1,8.04
66,81,1,8.72
67,81,1,6.88
68,81,1,7.87
69,81,1,7.76
70,81,1,7.41
71,81,1,8.05
72,81,1,8.42
73,81,1,8.63
74,81,1,7.32
75,81,1,8.67
76,81,1,7.54
77,81,1,8.53
78,81,1,8.31
79,81,1,7.2
80,81,1,8.72
81,81,1,6.86
82,81,1,7.21
83,81,1,6.64
84,81,1,7.3
85,81,1,9.19
86,81,1,9.01
87,81,1,8.06
88,81,1,7.47
89,81,1,6.45
90,81,1,8.68
91,81,1,8.19
92,81,1,9.51
93,81,1,8.18
94,81,1,7.07
95,81,1,8.87
96,81,1,8.07
97,81,1,8.16
98,81,1,7.77
99,81,1,8.8
0,82,1,5.64
1,82,1,7.99
2,82,1,6.6
3,82,1,7.87
4,82,1,9.43
5,82,1,7.92
6,82,1,8.39
7,82,1,7.88
8,82,1,6.86
9,82,1,6.24
10,82,1,7.51
11,82,1,8.11
12,82,1,6.65
13,82,1,7.45
14,82,1,8.61
15,82,1,8.24
16,82,1,9.48
17,82,1,7.43
18,82,1,8.37
19,82,1,10.09
20,82,1,7.73
21,82,1,8.54
22,82,1,9.58
23,82,1,8.89
24,82,1,7.45
25,82,1,9.4
26,82,1,7.94
27,82,1,6.99
28,82,1,8.81
29,82,1,7.37
30,82,1,7.55
31,82,1,9.5
32,82,1,8.26
33,82,1,9.65
34,82,1,7.86
35,82,1,7.23
36,82,1,8.0
37,82,1,7.66
38,82,1,7.54
39,82,1,7.73
40,82,1,9.54
41,82,1,6.51
42,82,1,6.84
43,82,1,10.05
44,82,1,9.87
45,82,1,8.98
46,82,1,8.73
47,82,1,9.11
48,82,1,8.11
49,82,1,8.67
50,82,1,7.75
51,82,1,8.58
52,82,1,7.81
53,82,1,7.58
54,82,1,8.32
55,82,1,6.48
56,82,1,7.38
57,82,1,7.74
58,82,1,8.45
59,82,1,8.34
60,82,1,7.64
61,82,1,7.65
62,82,1,8.12
63,82,1,6.5
64,82,1,8.99
65,82,1,7.19
66,82,1,7.47
67,82,1,7.95
68,82,1,8.61
69,82,1,9.03
70,82,1,7.41
71,82,1,7.57
72,82,1,8.65
73,82,1,9.29
74,82,1,8.54
75,82,1,7.12
76,82,1,6.16
77,82,1,8.58
78,82,1,7.6
79,82,1,8.5
80,82,1,7.86
81,82,1,6.28
82,82,1,6.76
83,82,1,7.25
84,82,1,7.64
85,82,1,8.87
86,82,1,8.38
87,82,1,8.46
88,82,1,9.45
89,82,1,8.0
90,82,1,6.81
91,82,1,7.8
92,82,1,8.3
93,82,1,8.55
94,82,1,7.45
95,82,1,7.66
96,82,1,7.85
97,82,1,6.3
98,82,1,8.47
99,82,1,8.34
0,83,1,7.34
1,83,1,7.29
2,83,1,9.09
3,83,1,8.45
4,83,1,7.01
5,83,1,8.61
6,83,1,6.53
7,83,1,7.6
8,83,1,8.85
9,83,1,7.91
10,83,1,7.79
11,83,1,6.64
12,83,1,8.62
13,83,1,5.69
14,83,1,6.68
15,83,1,8.62
16,83,1,7.34
17,83,1,6.96
18,83,1,7.02
19,83,1,7.97
20,83,1,8.55
21,83,1,7.37
22,83,1,7.55
23,83,1,9.27
24,83,1,7.71
25,83,1,9.71
26,83,1,9.09
27,83,1,10.11
28,83,1,6.63
29,83,1,7.77
30,83,1,9.07
31,83,1,8.31
32,83,1,8.36
33,83,1,6.94
34,83,1,6.91
35,83,1,8.3
36,83,1,7.97
37,83,1,6.63
38,83,1,6.79
39,83,1,8.38
40,83,1,8.46
41,83,1,10.89
42,83,1,6.39
43,83,1,8.06
44,83,1,7.41
45,83,1,8.29
46,83,1,7.99
47,83,1,7.82
48,83,1,6.82
49,83,1,8.5
50,83,1,6.93
51,83,1,8.93
52,83,1,9.24
53,83,1,8.24
54,83,1,9.25
55,83,1,7.76
56,83,1,8.03
57,83,1,8.22
58,83,1,8.37
59,83,1,8.86
60,83,1,9.35
61,83,1,7.67
62,83,1,8.47
63,83,1,5.55
64,83,1,8.43
65,83,1,8.44
66,83,1,8.68
67,83,1,7.24
68,83,1,7.89
69,83,1,7.03
70,83,1,7.6
71,83,1,7.15
72,83,1,7.16
73,83,1,10.16
74,83,1,7.49
75,83,1,7.46
76,83,1,7.93
77,83,1,7.74
78,83,1,7.67
79,83,1,7.16
80,83,1,7.52
81,83,1,7.24
82,83,1,7.46
83,83,1,8.4
84,83,1,9.33
85,83,1,6.84
86,83,1,6.06
87,83,1,6.79
88,83,1,8.56
89,83,1,8.07
90,83,1,7.39
91,83,1,8.46
92,83,1,5.63
93,83,1,8.32
94,83,1,8.65
95,83,1,7.99
96,83,1,7.92
97,83,1,6.45
98,83,1,5.97
99,83,1,8.61
0,84,1,6.71
1,84,1,8.22
2,84,1,6.45
3,84,1,9.21
4,84,1,9.31
5,84,1,6.47
6,84,1,8.83
7,84,1,7.19
8,84,1,5.99
9,84,1,9.39
10,84,1,7.28
11,84,1,7.54
12,84,1,8.31
13,84,1,6.47
14,84,1,7.22
15,84,1,7.89
16,84,1,7.05
17,84,1,6.87
18,84,1,6.87
19,84,1,7.79
20,84,1,8.63
21,84,1,9.26
22,84,1,8.27
23,84,1,6.97
24,84,1,8.18
25,84,1,8.28
26,84,1,7.46
27,84,1,8.97
28,84,1,6.85
29,84,1,8.11
30,84,1,8.18
31,84,1,8.59
32,84,1,9.16
33,84,1,8.85
34,84,1,8.86
35,84,1,8.73
36,84,1,9.04
37,84,1,7.76
38,84,1,7.44
39,84,1,7.74
40,84,1,7.93
41,84,1,6.85
42,84,1,9.21
43,84,1,8.45
44,84,1,8.66
45,84,1,6.83
46,84,1,7.73
47,84,1,7.97
48,84,1,9.03
49,84,1,8.08
50,84,1,8.13
51,84,1,10.26
52,84,1,7.06
53,84,1,7.84
54,84,1,6.27
55,84,1,8.01
56,84,1,9.0
57,84,1,8.06
58,84,1,7.28
59,84,1,8.09
60,84,1,8.28
61,84,1,7.94
62,84,1,8.44
63,84,1,8.23
64,84,1,7.64
65,84,1,7.12
66,84,1,8.08
67,84,1,9.13
68,84,1,7.66
69,84,1,8.02
70,84,1,8.76
71,84,1,8.18
72,84,1,8.55
73,84,1,8.2
74,84,1,8.35
75,84,1,7.73
76,84,1,7.51
77,84,1,8.98
78,84,1,8.38
79,84,1,8.5
80,84,1,7.79
81,84,1,7.37
82,84,1,7.93
83,84,1,7.41
84,84,1,8.03
85,84,1,8.04
86,84,1,7.23
87,84,1,7.6
88,84,1,7.27
89,84,1,8.55
90,84,1,8.24
91,84,1,8.56
92,84,1,8.8
93,84,1,7.58
94,84,1,8.79
95,84,1,6.98
96,84,1,7.94
97,84,1,7.83
98,84,1,7.25
99,84,1,7.57
0,85,1,9.06
1,85,1,7.95
2,85,1,8.39
3,85,1,6.91
4,85,1,7.82
5,85,1,7.96
6,85,1,6.8
7,85,1,6.77
8,85,1,6.87
9,85,1,7.55
10,85,1,6.99
11,85,1,10.05
12,85,1,9.85
13,85,1,8.48
14,85,1,8.49
15,85,1,8.13
16,85,1,8.46
17,85,1,6.71
18,85,1,7.99
19,85,1,8.66
20,85,1,7.2
21,85,1,6.45
22,85,1,5.27
23,85,1,9.45
24,85,1,7.2
25,85,1,9.15
26,85,1,7.32
27,85,1,8.17
28,85,1,8.53
29,85,1,6.73
30,85,1,8.52
31,85,1,5.59
32,85,1,8.27
33,85,1,7.3
34,85,1,8.92
35,85,1,8.5
36,85,1,7.16
37,85,1,9.26
38,85,1,7.75
39,85,1,7.55
40,85,1,8.08
41,85,1,9.39
42,85,1,9.23
43,85,1,8.75
44,85,1,10.51
45,85,1,8.5
46,85,1,7.96
47,85,1,6.87
48,85,1,7.49
49,85,1,7.89
50,85,1,7.82
51,85,1,8.35
52,85,1,8.48
53,85,1,7.65
54,85,1,7.95
55,85,1,7.51
56,85,1,9.03
57,85,1,7.93
58,85,1,7.35
59,85,1,7.27
60,85,1,9.14
61,85,1,7.74
62,85,1,6.05
63,85,1,6.67
64,85,1,8.11
65,85,1,6.34
66,85,1,7.78
67,85,1,7.58
68,85,1,8.47
69,85,1,8.79
70,85,1,8.73
71,85,1,5.55
72,85,1,7.39
73,85,1,8.01
74,85,1,7.14
75,85,1,7.08
76,85,1,8.13
77,85,1,6.9
78,85,1,9.0
79,85,1,8.72
80,85,1,8.17
81,85,1,7.26
82,85,1,8.67
83,85,1,8.36
84,85,1,7.1
85,85,1,8.8
86,85,1,8.57
87,85,1,7.22
88,85,1,6.79
89,85,1,6.82
90,85,1,8.36
91,85,1,8.75
92,85,1,8.81
93,85,1,10.46
94,85,1,7.77
95,85,1,6.76
96,85,1,7.8
97,85,1,7.88
98,85,1,5.86
99,85,1,7.12
0,86,1,8.84
1,86,1,7.68
2,86,1,8.27
3,86,1,7.72
4,86,1,7.41
5,86,1,8.49
6,86,1,6.88
7,86,1,7.24
8,86,1,8.3
9,86,1,8.97
10,86,1,8.05
11,86,1,6.73
12,86,1,8.59
13,86,1,7.48
14,86,1,8.27
15,86,1,7.93
16,86,1,9.02
17,86,1,7.79
18,86,1,9.32
19,86,1,7.67
20,86,1,8.07
21,86,1,7.22
22,86,1,7.91
23,86,1,7.0
24,86,1,9.4
25,86,1,8.3
26,86,1,8.0
27,86,1,6.93
28,86,1,8.55
29,86,1,8.33
30,86,1,7.07
31,86,1,9.88
32,86,1,6.53
33,86,1,7.42
34,86,1,8.99
35,86,1,6.55
36,86,1,8.04
37,86,1,7.19
38,86,1,8.06
39,86,1,5.0
40,86,1,7.17
41,86,1,8.97
42,86,1,6.93
43,86,1,8.48
44,86,1,8.15
45,86,1,7.18
46,86,1,8.05
47,86,1,6.74
48,86,1,8.78
49,86,1,8.98
50,86,1,8.99
51,86,1,7.43
52,86,1,7.48
53,86,1,9.25
54,86,1,7.83
55,86,1,8.13
56,86,1,7.92
57,86,1,6.65
58,86,1,7.6
59,86,1,9.13
60,86,1,7.35
61,86,1,6.68
62,86,1,7.0
63,86,1,8.34
64,86,1,7.03
65,86,1,8.95
66,86,1,7.73
67,86,1,7.26
68,86,1,7.78
69,86,1,9.37
70,86,1,6.77
71,86,1,8.55
72,86,1,7.34
73,86,1,6.62
74,86,1,6.79
75,86,1,7.71
76,86,1,8.27
77,86,1,7.55
78,86,1,7.72
79,86,1,9.25
80,86,1,7.05
81,86,1,7.63
82,86,1,7.78
83,86,1,8.23
84,86,1,6.86
85,86,1,8.84
86,86,1,7.42
87,86,1,7.84
88,86,1,6.07
89,86,1,7.11
90,86,1,9.11
91,86,1,9.19
92,86,1,7.54
93,86,1,8.06
94,86,1,8.01
95,86,1,8.71
96,86,1,9.79
97,86,1,7.91
98,86,1,6.77
99,86,1,7.83
0,87,1,5.91
1,87,1,8.87
2,87,1,8.5
3,87,1,6.44
4,87,1,8.13
5,87,1,5.65
6,87,1,8.15
7,87,1,9.09
8,87,1,9.07
9,87,1,7.53
10,87,1,8.81
11,87,1,6.29
12,87,1,9.2
13,87,1,8.25
14,87,1,7.57
15,87,1,7.79
16,87,1,9.2
17,87,1,6.4
18,87,1,8.61
19,87,1,7.88
20,87,1,8.72
21,87,1,9.49
22,87,1,6.25
23,87,1,7.16
24,87,1,9.53
25,87,1,6.71
26,87,1,8.86
27,87,1,8.94
28,87,1,8.32
29,87,1,8.82
30,87,1,7.36
31,87,1,6.67
32,87,1,7.79
33,87,1,6.95
34,87,1,9.84
35,87,1,8.67
36,87,1,7.91
37,87,1,7.82
38,87,1,7.38
39,87,1,8.0
40,87,1,8.81
41,87,1,7.71
42,87,1,8.98
43,87,1,8.96
44,87,1,9.04
45,87,1,7.88
46,87,1,8.36
47,87,1,9.09
48,87,1,5.8
49,87,1,8.43
50,87,1,9.15
51,87,1,8.92
52,87,1,7.55
53,87,1,7.34
54,87,1,5.77
55,87,1,9.49
56,87,1,7.14
57,87,1,8.93
58,87,1,9.59
59,87,1,8.43
60,87,1,6.68
61,87,1,9.25
62,87,1,8.62
63,87,1,8.1
64,87,1,8.69
65,87,1,7.66
66,87,1,7.31
67,87,1,8.16
68,87,1,6.98
69,87,1,8.44
70,87,1,7.06
71,87,1,6.61
72,87,1,7.98
73,87,1,7.67
74,87,1,8.72
75,87,1,8.29
76,87,1,8.96
77,87,1,9.56
78,87,1,7.17
79,87,1,8.28
80,87,1,7.91
81,87,1,8.99
82,87,1,7.07
83,87,1,8.89
84,87,1,7.89
85,87,1,8.04
86,87,1,7.75
87,87,1,6.9
88,87,1,7.93
89,87,1,6.82
90,87,1,6.36
91,87,1,9.03
92,87,1,9.32
93,87,1,8.26
94,87,1,8.0
95,87,1,7.83
96,87,1,7.2
97,87,1,6.25
98,87,1,8.19
99,87,1,5.76
0,88,1,7.8
1,88,1,6.62
2,88,1,8.11
3,88,1,7.32
4,88,1,9.65
5,88,1,6.57
6,88,1,7.8
7,88,1,7.82
8,88,1,9.71
9,88,1,7.31
10,88,1,8.79
11,88,1,9.64
12,88,1,6.23
13,88,1,7.96
14,88,1,7.12
15,88,1,8.34
16,88,1,8.91
17,88,1,6.92
18,88,1,7.27
19,88,1,7.75
20,88,1,6.55
21,88,1,7.51
22,88,1,8.15
23,88,1,7.55
24,88,1,9.21
25,88,1,7.99
26,88,1,8.18
27,88,1,6.98
28,88,1,7.79
29,88,1,8.41
30,88,1,6.93
31,88,1,8.93
32,88,1,7.32
33,88,1,7.38
34,88,1,7.27
35,88,1,6.21
36,88,1,6.29
37,88,1,7.87
38,88,1,8.27
39,88,1,7.09
40,88,1,5.79
41,88,1,8.49
42,88,1,7.05
43,88,1,5.75
44,88,1,7.68
45,88,1,8.02
46,88,1,7.12
47,88,1,7.23
48,88,1,7.97
49,88,1,7.49
50,88,1,8.82
51,88,1,6.07
52,88,1,7.27
53,88,1,8.14
54,88,1,6.84
55,88,1,9.7
56,88,1,7.06
57,88,1,7.75
58,88,1,8.58
59,88,1,7.94
60,88,1,7.91
61,88,1,7.55
62,88,1,8.28
63,88,1,7.69
64,88,1,8.55
65,88,1,6.4
66,88,1,8.17
67,88,1,8.15
68,88,1,8.09
69,88,1,8.56
70,88,1,8.34
71,88,1,8.32
72,88,1,6.19
73,88,1,8.07
74,88,1,8.64
75,88,1,9.89
76,88,1,7.75
77,88,1,8.29
78,88,1,8.12
79,88,1,7.06
80,88,1,8.72
81,88,1,6.1
82,88,1,9.51
83,88,1,8.22
84,88,1,6.72
85,88,1,9.98
86,88,1,8.56
87,88,1,7.66
88,88,1,8.19
89,88,1,7.08
90,88,1,7.15
91,88,1,7.55
92,88,1,5.2
93,88,1,9.14
94,88,1,9.37
95,88,1,7.27
96,88,1,8.08
97,88,1,7.26
98,88,1,7.64
99,88,1,9.14
0,89,1,7.34
1,89,1,7.29
2,89,1,7.94
3,89,1,7.57
4,89,1,7.13
5,89,1,8.33
6,89,1,7.06
7,89,1,7.34
8,89,1,9.11
9,89,1,9.27
10,89,1,9.11
11,89,1,7.49
12,89,1,6.39
13,89,1,10.19
14,89,1,7.12
15,89,1,7.29
16,89,1,6.84
17,89,1,6.7
18,89,1,7.77
19,89,1,6.54
20,89,1,7.32
21,89,1,6.96
22,89,1,8.63
23,89,1,7.64
24,89,1,6.7
25,89,1,7.95
26,89,1,6.63
27,89,1,8.67
28,89,1,7.97
29,89,1,9.59
30,89,1,8.82
31,89,1,6.75
32,89,1,8.58
33,89,1,8.45
34,89,1,7.75
35,89,1,7.9
36,89,1,8.7
37,89,1,9.43
38,89,1,7.39
39,89,1,7.5
40,89,1,7.8
41,89,1,8.03
42,89,1,8.93
43,89,1,7.68
44,89,1,6.99
45,89,1,6.77
46,89,1,7.5
47,89,1,6.76
48,89,1,6.82
49,89,1,7.81
50,89,1,6.94
51,89,1,7.15
52,89,1,7.98
53,89,1,9.65
54,89,1,7.54
55,89,1,8.22
56,89,1,8.6
57,89,1,8.41
58,89,1,8.45
59,89,1,8.31
60,89,1,7.73
61,89,1,9.01
62,89,1,7.3
63,89,1,6.24
64,89,1,7.95
65,89,1,8.51
66,89,1,6.4
67,89,1,7.9
68,89,1,7.67
69,89,1,8.68
70,89,1,6.8
71,89,1,6.77
72,89,1,7.76
73,89,1,7.72
74,89,1,8.28
75,89,1,7.71
76,89,1,7.68
77,89,1,6.41
78,89,1,9.15
79,89,1,8.84
80,89,1,7.88
81,89,1,8.58
82,89,1,8.32
83,89,1,8.3
84,89,1,7.94
85,89,1,5.91
86,89,1,8.38
87,89,1,8.74
88,89,1,6.69
89,89,1,7.84
90,89,1,10.02
91,89,1,8.23
92,89,1,7.13
93,89,1,6.95
94,89,1,8.37
95,89,1,6.67
96,89,1,8.69
97,89,1,7.78
98,89,1,8.0
99,89,1,8.56
0,90,1,8.23
1,90,1,8.42
2,90,1,8.69
3,90,1,6.52
4,90,1,6.75
5,90,1,7.55
6,90,1,5.92
7,90,1,5.83
8,90,1,8.42
9,90,1,6.65
10,90,1,6.79
11,90,1,8.35
12,90,1,7.39
13,90,1,7.74
14,90,1,8.33
15,90,1,8.19
16,90,1,6.86
17,90,1,7.57
18,90,1,8.88
19,90,1,8.34
20,90,1,8.19
21,90,1,8.49
22,90,1,5.97
23,90,1,7.25
24,90,1,7.39
25,90,1,8.39
26,90,1,8.33
27,90,1,7.64
28,90,1,9.07
29,90,1,7.38
30,90,1,8.82
31,90,1,8.41
32,90,1,8.15
33,90,1,8.7
34,90,1,8.16
35,90,1,10.14
36,90,1,8.44
37,90,1,8.88
38,90,1,6.94
39,90,1,6.01
40,90,1,7.76
41,90,1,9.0
42,90,1,8.99
43,90,1,6.04
44,90,1,9.69
45,90,1,8.38
46,90,1,8.04
47,90,1,6.4
48,90,1,7.71
49,90,1,9.09
50,90,1,7.61
51,90,1,6.39
52,90,1,6.95
53,90,1,8.08
54,90,1,8.18
55,90,1,6.42
56,90,1,8.71
57,90,1,6.67
58,90,1,8.51
59,90,1,7.03
60,90,1,5.78
61,90,1,8.65
62,90,1,7.65
63,90,1,7.84
64,90,1,7.92
65,90,1,7.47
66,90,1,9.27
67,90,1,6.84
68,90,1,6.49
69,90,1,7.01
70,90,1,8.62
71,90,1,10.28
72,90,1,7.53
73,90,1,9.52
74,90,1,7.69
75,90,1,6.69
76,90,1,8.49
77,90,1,8.25
78,90,1,9.62
79,90,1,8.2
80,90,1,8.47
81,90,1,7.4
82,90,1,6.57
83,90,1,6.31
84,90,1,10.17
85,90,1,7.82
86,90,1,8.86
87,90,1,7.79
88,90,1,8.61
89,90,1,8.48
90,90,1,9.56
91,90,1,7.61
92,90,1,7.76
93,90,1,7.86
94,90,1,6.81
95,90,1,6.97
96,90,1,6.97
97,90,1,7.02
98,90,1,6.32
99,90,1,6.49
0,91,1,7.9
1,91,1,8.46
2,91,1,7.07
3,91,1,8.86
4,91,1,8.5
5,91,1,7.05
6,91,1,7.06
7,91,1,7.48
8,91,1,6.88
9,91,1,7.81
10,91,1,8.45
11,91,1,5.65
12,91,1,7.49
13,91,1,9.73
14,91,1,7.16
15,91,1,8.85
16,91,1,8.68
17,91,1,7.6
18,91,1,6.96
19,91,1,7.33
20,91,1,7.73
21,91,1,7.57
22,91,1,6.99
23,91,1,7.7
24,91,1,8.22
25,91,1,8.21
26,91,1,7.31
27,91,1,8.86
28,91,1,8.67
29,91,1,7.05
30,91,1,8.1
31,91,1,7.34
32,91,1,7.85
33,91,1,8.48
34,91,1,8.45
35,91,1,9.21
36,91,1,8.0
37,91,1,7.06
38,91,1,6.78
39,91,1,8.15
40,91,1,5.55
41,91,1,7.28
42,91,1,8.09
43,91,1,7.89
44,91,1,7.88
45,91,1,8.43
46,91,1,6.16
47,91,1,8.3
48,91,1,7.3
49,91,1,8.73
50,91,1,6.86
51,91,1,7.57
52,91,1,7.03
53,91,1,8.58
54,91,1,8.1
55,91,1,9.03
56,91,1,8.58
57,91,1,8.74
58,91,1,7.45
59,91,1,7.29
60,91,1,7.51
61,91,1,7.18
62,91,1,7.65
63,91,1,6.73
64,91,1,9.44
65,91,1,6.53
66,91,1,7.95
67,91,1,8.38
68,91,1,7.93
69,91,1,8.71
70,91,1,6.17
71,91,1,7.98
72,91,1,8.78
73,91,1,8.61
74,91,1,8.12
75,91,1,6.28
76,91,1,7.17
77,91,1,7.82
78,91,1,8.88
79,91,1,9.02
80,91,1,6.27
81,91,1,8.8
82,91,1,6.09
83,91,1,8.08
84,91,1,7.02
85,91,1,8.11
86,91,1,7.41
87,91,1,4.46
88,91,1,8.56
89,91,1,8.93
90,91,1,7.54
91,91,1,6.9
92,91,1,7.57
93,91,1,7.08
94,91,1,8.52
95,91,1,6.34
96,91,1,8.53
97,91,1,7.53
98,91,1,9.03
99,91,1,7.1
0,92,1,8.2
1,92,1,7.49
2,92,1,7.97
3,92,1,8.07
4,92,1,9.31
5,92,1,6.65
6,92,1,9.01
7,92,1,8.15
8,92,1,5.88
9,92,1,8.38
10,92,1,8.32
11,92,1,6.65
12,92,1,7.44
13,92,1,6.39
14,92,1,8.53
15,92,1,8.19
16,92,1,7.58
17,92,1,7.78
18,92,1,6.98
19,92,1,8.65
20,92,1,7.89
21,92,1,7.99
22,92,1,7.43
23,92,1,9.06
24,92,1,8.06
25,92,1,8.77
26,92,1,7.52
27,92,1,10.42
28,92,1,7.52
29,92,1,8.22
30,92,1,9.91
31,92,1,8.41
32,92,1,8.17
33,92,1,7.55
34,92,1,8.42
35,92,1,6.48
36,92,1,7.78
37,92,1,7.0
38,92,1,7.5
39,92,1,8.09
40,92,1,6.99
41,92,1,7.67
42,92,1,7.47
43,92,1,7.62
44,92,1,7.15
45,92,1,8.54
46,92,1,7.65
47,92,1,9.38
48,92,1,7.59
49,92,1,8.11
50,92,1,9.79
51,92,1,9.42
52,92,1,9.42
53,92,1,8.97
54,92,1,8.32
55,92,1,8.54
56,92,1,8.46
57,92,1,6.21
58,92,1,8.66
59,92,1,6.78
60,92,1,8.61
61,92,1,6.44
62,92,1,7.13
63,92,1,9.46
64,92,1,7.48
65,92,1,8.23
66,92,1,9.11
67,92,1,7.42
68,92,1,7.45
69,92,1,7.3
70,92,1,6.96
71,92,1,8.79
72,92,1,7.4
73,92,1,8.62
74,92,1,8.47
75,92,1,7.32
76,92,1,7.46
77,92,1,7.49
78,92,1,8.84
79,92,1,7.95
80,92,1,8.97
81,92,1,5.79
82,92,1,9.39
83,92,1,8.31
84,92,1,7.22
85,92,1,8.36
86,92,1,7.43
87,92,1,6.42
88,92,1,8.17
89,92,1,7.61
90,92,1,8.9
91,92,1,6.88
92,92,1,7.74
93,92,1,7.62
94,92,1,9.73
95,92,1,8.45
96,92,1,8.21
97,92,1,8.89
98,92,1,7.51
99,92,1,7.57
0,93,1,7.6
1,93,1,9.65
2,93,1,8.83
3,93,1,9.51
4,93,1,7.51
5,93,1,7.43
6,93,1,9.49
7,93,1,8.19
8,93,1,7.01
9,93,1,8.48
10,93,1,7.53
11,93,1,6.82
12,93,1,8.01
13,93,1,6.17
14,93,1,8.61
15,93,1,9.92
16,93,1,9.22
17,93,1,6.57
18,93,1,8.16
19,93,1,8.77
20,93,1,6.87
21,93,1,7.05
22,93,1,7.52
23,93,1,8.9
24,93,1,6.69
25,93,1,9.08
26,93,1,9.38
27,93,1,8.22
28,93,1,8.13
29,93,1,8.39
30,93,1,7.82
31,93,1,8.24
32,93,1,7.25
33,93,1,8.77
34,93,1,8.39
35,93,1,8.37
36,93,1,9.14
37,93,1,7.79
38,93,1,7.0
39,93,1,7.59
40,93,1,7.64
41,93,1,8.26
42,93,1,6.44
43,93,1,7.19
44,93,1,6.93
45,93,1,7.04
46,93,1,9.36
47,93,1,7.36
48,93,1,6.5
49,93,1,8.29
50,93,1,8.12
51,93,1,7.74
52,93,1,8.36
53,93,1,6.92
54,93,1,9.49
55,93,1,7.41
56,93,1,8.79
57,93,1,7.69
58,93,1,6.8
59,93,1,7.53
60,93,1,7.12
61,93,1,8.2
62,93,1,8.83
63,93,1,8.03
64,93,1,6.66
65,93,1,8.14
66,93,1,5.77
67,93,1,8.94
68,93,1,7.28
69,93,1,8.28
70,93,1,6.2
71,93,1,6.48
72,93,1,6.64
73,93,1,6.95
74,93,1,7.88
75,93,1,8.2
76,93,1,7.09
77,93,1,8.13
78,93,1,8.19
79,93,1,9.17
80,93,1,7.42
81,93,1,8.28
82,93,1,8.92
83,93,1,8.43
84,93,1,6.97
85,93,1,7.05
86,93,1,8.8
87,93,1,7.99
88,93,1,8.59
89,93,1,8.01
90,93,1,6.96
91,93,1,6.49
92,93,1,7.2
93,93,1,6.73
94,93,1,7.66
95,93,1,6.08
96,93,1,8.94
97,93,1,7.89
98,93,1,7.45
99,93,1,7.66
0,94,1,7.9
1,94,1,7.93
2,94,1,7.17
3,94,1,8.61
4,94,1,8.0
5,94,1,10.3
6,94,1,7.66
7,94,1,7.77
8,94,1,7.93
9,94,1,7.8
10,94,1,6.25
11,94,1,8.38
12,94,1,7.93
13,94,1,6.65
14,94,1,8.39
15,94,1,7.48
16,94,1,7.79
17,94,1,7.52
18,94,1,7.62
19,94,1,8.41
20,94,1,8.87
21,94,1,7.85
22,94,1,6.5
23,94,1,8.07
24,94,1,8.25
25,94,1,9.79
26,94,1,9.55
27,94,1,7.5
28,94,1,7.23
29,94,1,9.4
30,94,1,9.3
31,94,1,7.1
32,94,1,7.23
33,94,1,7.73
34,94,1,7.58
35,94,1,9.34
36,94,1,7.29
37,94,1,7.08
38,94,1,9.16
39,94,1,7.12
40,94,1,8.73
41,94,1,8.02
42,94,1,6.46
43,94,1,9.34
44,94,1,7.04
45,94,1,9.05
46,94,1,6.7
47,94,1,7.63
48,94,1,8.92
49,94,1,6.93
50,94,1,7.54
51,94,1,7.18
52,94,1,7.84
53,94,1,8.12
54,94,1,9.2
55,94,1,7.77
56,94,1,7.2
57,94,1,6.17
58,94,1,7.53
59,94,1,7.46
60,94,1,8.57
61,94,1,8.25
62,94,1,7.98
63,94,1,7.51
64,94,1,7.39
65,94,1,7.92
66,94,1,7.44
67,94,1,9.21
68,94,1,7.71
69,94,1,7.05
70,94,1,8.5
71,94,1,9.04
72,94,1,7.69
73,94,1,7.18
74,94,1,9.7
75,94,1,8.93
76,94,1,8.45
77,94,1,7.5
78,94,1,7.5
79,94,1,8.01
80,94,1,6.4
81,94,1,7.18
82,94,1,6.3
83,94,1,8.73
84,94,1,7.09
85,94,1,8.11
86,94,1,8.51
87,94,1,7.97
88,94,1,8.95
89,94,1,8.29
90,94,1,7.58
91,94,1,8.5
92,94,1,7.44
93,94,1,6.99
94,94,1,8.0
95,94,1,7.21
96,94,1,7.05
97,94,1,7.17
98,94,1,8.13
99,94,1,6.51
0,95,1,8.77
1,95,1,8.92
2,95,1,6.28
3,95,1,7.42
4,95,1,8.25
5,95,1,7.89
6,95,1,8.3
7,95,1,7.62
8,95,1,8.51
9,95,1,7.66
10,95,1,7.42
11,95,1,9.92
12,95,1,8.05
13,95,1,7.48
14,95,1,10.4
15,95,1,7.43
16,95,1,5.87
17,95,1,6.13
18,95,1,8.52
19,95,1,8.68
20,95,1,7.8
21,95,1,8.2
22,95,1,9.76
23,95,1,7.85
24,95,1,7.12
25,95,1,9.05
26,95,1,8.77
27,95,1,9.2
28,95,1,7.72
29,95,1,8.19
30,95,1,7.83
31,95,1,8.2
32,95,1,8.16
33,95,1,8.09
34,95,1,9.25
35,95,1,6.6
36,95,1,8.85
37,95,1,8.31
38,95,1,8.03
39,95,1,7.7
40,95,1,7.98
41,95,1,8.78
42,95,1,8.7
43,95,1,8.97
44,95,1,6.14
45,95,1,7.73
46,95,1,8.35
47,95,1,9.15
48,95,1,7.53
49,95,1,8.81
50,95,1,9.03
51,95,1,7.75
52,95,1,5.54
53,95,1,7.27
54,95,1,7.07
55,95,1,7.56
56,95,1,8.67
57,95,1,8.18
58,95,1,8.2
59,95,1,6.8
60,95,1,7.48
61,95,1,9.18
62,95,1,7.86
63,95,1,9.33
64,95,1,9.54
65,95,1,6.62
66,95,1,7.35
67,95,1,6.98
68,95,1,7.87
69,95,1,9.11
70,95,1,8.35
71,95,1,7.33
72,95,1,9.31
73,95,1,8.07
74,95,1,8.55
75,95,1,7.28
76,95,1,9.12
77,95,1,8.59
78,95,1,6.88
79,95,1,7.41
80,95,1,7.64
81,95,1,9.23
82,95,1,8.34
83,95,1,8.41
84,95,1,7.31
85,95,1,5.9
86,95,1,8.25
87,95,1,8.49
88,95,1,9.49
89,95,1,8.63
90,95,1,6.97
91,95,1,9.09
92,95,1,8.21
93,95,1,6.96
94,95,1,10.22
95,95,1,6.96
96,95,1,9.88
97,95,1,9.47
98,95,1,8.57
99,95,1,7.27
0,96,1,7.98
1,96,1,8.62
2,96,1,5.21
3,96,1,7.51
4,96,1,7.58
5,96,1,7.63
6,96,1,8.24
7,96,1,6.85
8,96,1,6.34
9,96,1,7.27
10,96,1,6.99
11,96,1,7.76
12,96,1,8.83
13,96,1,7.63
14,96,1,6.81
15,96,1,8.14
16,96,1,7.55
17,96,1,6.75
18,96,1,7.13
19,96,1,6.67
20,96,1,8.93
21,96,1,8.78
22,96,1,7.69
23,96,1,8.4
24,96,1,9.04
25,96,1,6.81
26,96,1,8.58
27,96,1,8.71
28,96,1,8.32
29,96,1,7.72
30,96,1,8.2
31,96,1,8.43
32,96,1,7.16
33,96,1,7.14
34,96,1,9.15
35,96,1,6.43
36,96,1,7.51
37,96,1,9.61
38,96,1,8.5
39,96,1,6.74
40,96,1,7.15
41,96,1,8.33
42,96,1,7.15
43,96,1,7.73
44,96,1,7.27
45,96,1,6.9
46,96,1,8.76
47,96,1,7.08
48,96,1,7.65
49,96,1,8.32
50,96,1,8.6
51,96,1,8.94
52,96,1,6.27
53,96,1,7.06
54,96,1,7.6
55,96,1,9.39
56,96,1,7.96
57,96,1,6.95
58,96,1,6.06
59,96,1,7.19
60,96,1,8.1
61,96,1,8.45
62,96,1,8.86
63,96,1,6.89
64,96,1,7.55
65,96,1,7.3
66,96,1,7.95
67,96,1,5.77
68,96,1,10.27
69,96,1,6.64
70,96,1,8.22
71,96,1,7.21
72,96,1,7.8
73,96,1,8.86
74,96,1,7.04
75,96,1,9.03
76,96,1,7.2
77,96,1,8.68
78,96,1,8.59
79,96,1,8.06
80,96,1,7.07
81,96,1,7.92
82,96,1,6.87
83,96,1,9.09
84,96,1,7.54
85,96,1,5.89
86,96,1,7.1
87,96,1,9.16
88,96,1,7.27
89,96,1,7.13
90,96,1,7.47
91,96,1,7.31
92,96,1,8.47
93,96,1,6.77
94,96,1,8.53
95,96,1,7.52
96,96,1,9.44
97,96,1,8.82
98,96,1,7.2
99,96,1,6.35
0,97,1,7.17
1,97,1,8.32
2,97,1,8.51
3,97,1,7.47
4,97,1,5.33
5,97,1,7.79
6,97,1,8.32
7,97,1,8.44
8,97,1,7.46
9,97,1,9.17
10,97,1,8.15
11,97,1,8.08
12,97,1,7.1
13,97,1,7.67
14,97,1,7.77
15,97,1,6.38
16,97,1,7.56
17,97,1,7.28
18,97,1,7.67
19,97,1,9.41
20,97,1,8.5
21,97,1,8.29
22,97,1,7.65
23,97,1,7.57
24,97,1,9.86
25,97,1,6.16
26,97,1,7.77
27,97,1,8.95
28,97,1,8.19
29,97,1,8.0
30,97,1,8.3
31,97,1,8.9
32,97,1,6.42
33,97,1,7.66
34,97,1,7.06
35,97,1,8.93
36,97,1,6.85
37,97,1,6.16
38,97,1,7.93
39,97,1,8.11
40,97,1,8.19
41,97,1,7.5
42,97,1,7.69
43,97,1,8.9
44,97,1,8.86
45,97,1,7.95
46,97,1,7.08
47,97,1,9.18
48,97,1,6.9
49,97,1,7.87
50,97,1,8.18
51,97,1,8.21
52,97,1,7.94
53,97,1,7.92
54,97,1,8.84
55,97,1,8.01
56,97,1,7.4
57,97,1,8.46
58,97,1,9.9
59,97,1,6.97
60,97,1,7.13
61,97,1,7.65
62,97,1,7.87
63,97,1,7.35
64,97,1,8.16
65,97,1,5.76
66,97,1,6.74
67,97,1,8.74
68,97,1,8.03
69,97,1,10.09
70,97,1,8.48
71,97,1,7.07
72,97,1,7.18
73,97,1,7.95
74,97,1,8.2
75,97,1,8.03
76,97,1,8.63
77,97,1,8.9
78,97,1,8.32
79,97,1,7.51
80,97,1,8.22
81,97,1,8.7
82,97,1,9.24
83,97,1,6.16
84,97,1,8.19
85,97,1,7.42
86,97,1,7.82
87,97,1,9.02
88,97,1,8.29
89,97,1,7.42
90,97,1,9.07
91,97,1,6.78
92,97,1,7.89
93,97,1,8.26
94,97,1,6.38
95,97,1,7.71
96,97,1,10.04
97,97,1,7.9
98,97,1,8.14
99,97,1,7.81
0,98,1,7.14
1,98,1,7.91
2,98,1,6.99
3,98,1,7.85
4,98,1,9.19
5,98,1,6.71
6,98,1,7.15
7,98,1,7.76
8,98,1,8.25
9,98,1,7.58
10,98,1,6.67
11,98,1,7.4
12,98,1,7.29
13,98,1,7.13
14,98,1,7.62
15,98,1,7.08
16,98,1,7.7
17,98,1,8.41
18,98,1,7.78
19,98,1,7.81
20,98,1,6.29
21,98,1,7.4
22,98,1,7.99
23,98,1,7.65
24,98,1,8.09
25,98,1,9.45
26,98,1,7.14
27,98,1,6.95
28,98,1,7.95
29,98,1,8.62
30,98,1,7.32
31,98,1,8.3
32,98,1,7.87
33,98,1,7.1
34,98,1,8.63
35,98,1,9.11
36,98,1,7.97
37,98,1,7.55
38,98,1,8.33
39,98,1,8.49
40,98,1,8.31
41,98,1,7.51
42,98,1,6.3
43,98,1,9.41
44,98,1,7.68
45,98,1,8.11
46,98,1,6.97
47,98,1,7.58
48,98,1,8.06
49,98,1,7.05
50,98,1,8.45
51,98,1,8.59
52,98,1,8.2
53,98,1,8.69
54,98,1,4.88
55,98,1,8.18
56,98,1,8.48
57,98,1,7.13
58,98,1,6.62
59,98,1,6.28
60,98,1,10.35
61,98,1,8.64
62,98,1,8.77
63,98,1,8.5
64,98,1,8.75
65,98,1,7.53
66,98,1,6.67
67,98,1,6.54
68,98,1,6.43
69,98,1,7.36
70,98,1,7.4
71,98,1,8.68
72,98,1,10.31
73,98,1,7.46
74,98,1,8.27
75,98,1,7.49
76,98,1,7.66
77,98,1,7.1
78,98,1,7.45
79,98,1,9.44
80,98,1,8.62
81,98,1,8.85
82,98,1,7.4
83,98,1,7.4
84,98,1,7.76
85,98,1,6.83
86,98,1,8.95
87,98,1,7.84
88,98,1,7.99
89,98,1,9.33
90,98,1,7.76
91,98,1,7.49
92,98,1,6.93
93,98,1,6.7
94,98,1,8.21
95,98,1,8.75
96,98,1,8.08
97,98,1,8.23
98,98,1,7.16
99,98,1,9.1
0,99,1,7.52
1,99,1,8.6
2,99,1,7.91
3,99,1,6.39
4,99,1,8.35
5,99,1,10.55
6,99,1,9.56
7,99,1,7.62
8,99,1,8.14
9,99,1,9.79
10,99,1,7.43
11,99,1,7.14
12,99,1,10.27
13,99,1,8.12
14,99,1,10.23
15,99,1,6.12
16,99,1,6.7
17,99,1,7.15
18,99,1,7.88
19,99,1,7.48
20,99,1,7.61
21,99,1,8.29
22,99,1,7.1
23,99,1,7.72
24,99,1,7.02
25,99,1,8.19
26,99,1,8.47
27,99,1,8.18
28,99,1,7.61
29,99,1,7.62
30,99,1,6.94
31,99,1,8.78
32,99,1,6.98
33,99,1,8.48
34,99,1,8.12
35,99,1,6.77
36,99,1,8.62
37,99,1,7.7
38,99,1,7.13
39,99,1,8.38
40,99,1,8.06
41,99,1,7.7
42,99,1,7.96
43,99,1,6.98
44,99,1,6.78
45,99,1,8.59
46,99,1,7.42
47,99,1,6.81
48,99,1,7.43
49,99,1,6.86
50,99,1,7.93
51,99,1,7.6
52,99,1,8.26
53,99,1,8.02
54,99,1,8.16
55,99,1,9.22
56,99,1,7.59
57,99,1,6.95
58,99,1,8.61
59,99,1,9.18
60,99,1,6.84
61,99,1,7.73
62,99,1,7.68
63,99,1,6.45
64,99,1,5.47
65,99,1,8.43
66,99,1,7.56
67,99,1,7.7
68,99,1,7.46
69,99,1,8.83
70,99,1,8.14
71,99,1,7.1
72,99,1,8.81
73,99,1,7.76
74,99,1,7.23
75,99,1,8.17
76,99,1,9.89
77,99,1,7.44
78,99,1,9.54
79,99,1,7.32
80,99,1,8.65
81,99,1,7.14
82,99,1,8.33
83,99,1,10.33
84,99,1,7.44
85,99,1,8.08
86,99,1,8.49
87,99,1,6.1
88,99,1,8.47
89,99,1,9.11
90,99,1,8.18
91,99,1,7.52
92,99,1,8.96
93,99,1,8.83
94,99,1,7.96
95,99,1,7.21
96,99,1,8.38
97,99,1,7.97
98,99,1,7.93
99,99,1,7.47
0,0,2,8.59
1,0,2,7.13
2,0,2,8.4
3,0,2,7.37
4,0,2,8.06
5,0,2,7.98
6,0,2,8.45
7,0,2,8.09
8,0,2,8.05
9,0,2,8.94
10,0,2,7.19
11,0,2,9.15
12,0,2,7.17
13,0,2,6.08
14,0,2,9.92
15,0,2,8.45
16,0,2,7.12
17,0,2,6.39
18,0,2,6.44
19,0,2,6.99
20,0,2,9.19
21,0,2,8.48
22,0,2,6.96
23,0,2,7.48
24,0,2,8.57
25,0,2,8.71
26,0,2,8.4
27,0,2,7.03
28,0,2,6.88
29,0,2,7.13
30,0,2,8.64
31,0,2,7.68
32,0,2,8.26
33,0,2,8.69
34,0,2,7.58
35,0,2,5.32
36,0,2,6.68
37,0,2,7.7
38,0,2,7.83
39,0,2,8.24
40,0,2,9.46
41,0,2,8.47
42,0,2,7.24
43,0,2,7.09
44,0,2,8.35
45,0,2,6.48
46,0,2,6.86
47,0,2,7.83
48,0,2,6.56
49,0,2,8.83
50,0,2,6.48
51,0,2,7.24
52,0,2,8.77
53,0,2,8.0
54,0,2,8.27
55,0,2,8.11
56,0,2,7.0
57,0,2,7.43
58,0,2,7.64
59,0,2,7.23
60,0,2,7.86
61,0,2,8.61
62,0,2,8.07
63,0,2,8.56
64,0,2,8.95
65,0,2,6.57
66,0,2,7.08
67,0,2,7.49
68,0,2,8.95
69,0,2,10.16
70,0,2,6.77
71,0,2,9.06
72,0,2,7.82
73,0,2,8.62
74,0,2,8.38
75,0,2,6.55
76,0,2,8.35
77,0,2,9.29
78,0,2,8.13
79,0,2,7.81
80,0,2,7.74
81,0,2,7.66
82,0,2,5.85
83,0,2,9.73
84,0,2,6.16
85,0,2,6.47
86,0,2,6.68
87,0,2,7.32
88,0,2,8.25
89,0,2,7.1
90,0,2,6.34
91,0,2,8.57
92,0,2,8.73
93,0,2,5.38
94,0,2,7.64
95,0,2,7.48
96,0,2,8.51
97,0,2,8.13
98,0,2,6.97
99,0,2,6.79
0,1,2,8.21
1,1,2,7.59
2,1,2,8.9
3,1,2,7.55
4,1,2,6.72
5,1,2,7.48
6,1,2,8.42
7,1,2,8.84
8,1,2,7.8
9,1,2,6.82
10,1,2,7.5
11,1,2,7.11
12,1,2,8.02
13,1,2,7.21
14,1,2,6.85
15,1,2,8.5
16,1,2,7.77
17,1,2,8.02
18,1,2,7.81
19,1,2,8.15
20,1,2,7.06
21,1,2,8.14
22,1,2,8.48
23,1,2,8.92
24,1,2,7.59
25,1,2,8.35
26,1,2,6.99
27,1,2,8.53
28,1,2,8.07
29,1,2,8.71
30,1,2,7.41
31,1,2,7.27
32,1,2,6.6
33,1,2,6.43
34,1,2,7.65
35,1,2,9.12
36,1,2,7.88
37,1,2,8.92
38,1,2,7.04
39,1,2,9.83
40,1,2,6.53
41,1,2,7.42
42,1,2,8.16
43,1,2,7.22
44,1,2,6.98
45,1,2,7.75
46,1,2,8.31
47,1,2,6.64
48,1,2,6.44
49,1,2,7.1
50,1,2,6.91
51,1,2,6.93
52,1,2,6.32
53,1,2,7.68
54,1,2,7.38
55,1,2,9.48
56,1,2,8.43
57,1,2,7.95
58,1,2,7.95
59,1,2,8.83
60,1,2,9.15
61,1,2,6.7
62,1,2,8.19
63,1,2,7.24
64,1,2,7.83
65,1,2,8.18
66,1,2,6.07
67,1,2,7.93
68,1,2,9.56
69,1,2,8.76
70,1,2,8.79
71,1,2,7.62
72,1,2,6.06
73,1,2,5.91
74,1,2,7.72
75,1,2,7.14
76,1,2,8.38
77,1,2,7.46
78,1,2,8.94
79,1,2,8.78
80,1,2,7.68
81,1,2,7.98
82,1,2,7.97
83,1,2,7.62
84,1,2,6.15
85,1,2,7.39
86,1,2,8.41
87,1,2,6.99
88,1,2,8.17
89,1,2,7.89
90,1,2,7.59
91,1,2,6.16
92,1,2,8.0
93,1,2,7.94
94,1,2,7.75
95,1,2,7.66
96,1,2,8.09
97,1,2,8.92
98,1,2,8.32
99,1,2,9.38
0,2,2,6.39
1,2,2,5.92
2,2,2,7.98
3,2,2,8.36
4,2,2,6.8
5,2,2,7.26
6,2,2,8.67
7,2,2,8.99
8,2,2,8.33
9,2,2,8.22
10,2,2,9.92
11,2,2,7.63
12,2,2,7.85
13,2,2,7.28
14,2,2,7.33
15,2,2,9.43
16,2,2,7.4
17,2,2,7.22
18,2,2,6.72
19,2,2,7.15
20,2,2,6.02
21,2,2,9.2
22,2,2,7.12
23,2,2,6.88
24,2,2,5.98
25,2,2,8.25
26,2,2,6.62
27,2,2,7.54
28,2,2,5.81
29,2,2,8.61
30,2,2,6.93
31,2,2,7.61
32,2,2,8.02
33,2,2,9.18
34,2,2,8.22
35,2,2,10.25
36,2,2,8.1
37,2,2,7.46
38,2,2,7.2
39,2,2,6.59
40,2,2,6.3
41,2,2,7.37
42,2,2,9.17
43,2,2,10.58
44,2,2,8.06
45,2,2,7.08
46,2,2,7.05
47,2,2,7.33
48,2,2,8.88
49,2,2,6.85
50,2,2,8.1
51,2,2,8.4
52,2,2,9.27
53,2,2,6.61
54,2,2,8.72
55,2,2,8.53
56,2,2,7.22
57,2,2,8.12
58,2,2,7.1
59,2,2,8.2
60,2,2,7.21
61,2,2,7.42
62,2,2,9.81
63,2,2,6.16
64,2,2,7.76
65,2,2,7.53
66,2,2,8.15
67,2,2,6.55
68,2,2,7.45
69,2,2,7.46
70,2,2,7.13
71,2,2,8.46
72,2,2,6.71
73,2,2,7.0
74,2,2,8.17
75,2,2,7.17
76,2,2,7.11
77,2,2,8.5
78,2,2,7.54
79,2,2,7.7
80,2,2,7.59
81,2,2,7.6
82,2,2,7.14
83,2,2,8.56
84,2,2,7.03
85,2,2,8.93
86,2,2,7.84
87,2,2,7.72
88,2,2,6.98
89,2,2,8.21
90,2,2,7.27
91,2,2,8.75
92,2,2,7.81
93,2,2,9.26
94,2,2,6.81
95,2,2,6.89
96,2,2,8.99
97,2,2,8.94
98,2,2,8.16
99,2,2,7.68
0,3,2,8.85
1,3,2,9.24
2,3,2,6.67
3,3,2,7.8
4,3,2,6.41
5,3,2,6.14
6,3,2,7.31
7,3,2,7.18
8,3,2,8.8
9,3,2,8.86
10,3,2,8.23
11,3,2,7.34
12,3,2,7.57
13,3,2,7.41
14,3,2,6.66
15,3,2,7.57
16,3,2,9.21
17,3,2,8.91
18,3,2,7.64
19,3,2,6.4
20,3,2,8.16
21,3,2,7.76
22,3,2,6.71
23,3,2,8.7
24,3,2,7.19
25,3,2,7.34
26,3,2,5.92
27,3,2,5.49
28,3,2,7.65
29,3,2,8.84
30,3,2,7.13
31,3,2,8.25
32,3,2,8.52
33,3,2,7.31
34,3,2,6.21
35,3,2,8.23
36,3,2,7.81
37,3,2,6.48
38,3,2,6.68
39,3,2,7.69
40,3,2,7.66
41,3,2,7.86
42,3,2,9.08
43,3,2,8.59
44,3,2,7.22
45,3,2,8.21
46,3,2,8.28
47,3,2,7.62
48,3,2,7.79
49,3,2,9.29
50,3,2,8.46
51,3,2,7.92
52,3,2,7.59
53,3,2,7.98
54,3,2,7.45
55,3,2,6.47
56,3,2,8.59
57,3,2,7.62
58,3,2,7.87
59,3,2,6.5
60,3,2,8.04
61,3,2,9.21
62,3,2,7.82
63,3,2,6.51
64,3,2,7.04
65,3,2,8.68
66,3,2,8.05
67,3,2,6.79
68,3,2,9.52
69,3,2,7.33
70,3,2,7.58
71,3,2,8.36
72,3,2,7.72
73,3,2,7.1
74,3,2,6.59
75,3,2,7.35
76,3,2,6.7
77,3,2,8.82
78,3,2,7.06
79,3,2,8.25
80,3,2,5.76
81,3,2,7.57
82,3,2,7.94
83,3,2,8.82
84,3,2,7.67
85,3,2,8.54
86,3,2,8.66
87,3,2,7.01
88,3,2,6.3
89,3,2,9.91
90,3,2,7.26
91,3,2,7.07
92,3,2,8.81
93,3,2,5.66
94,3,2,7.31
95,3,2,6.41
96,3,2,8.25
97,3,2,7.12
98,3,2,7.07
99,3,2,7.11
0,4,2,8.03
1,4,2,6.81
2,4,2,8.16
3,4,2,7.29
4,4,2,6.07
5,4,2,7.51
6,4,2,7.34
7,4,2,8.04
8,4,2,9.2
9,4,2,7.35
10,4,2,7.35
11,4,2,8.79
12,4,2,8.26
13,4,2,7.25
14,4,2,7.04
15,4,2,7.15
16,4,2,7.51
17,4,2,7.41
18,4,2,7.49
19,4,2,7.65
20,4,2,8.02
21,4,2,7.04
22,4,2,7.82
23,4,2,7.64
24,4,2,8.35
25,4,2,11.22
26,4,2,8.14
27,4,2,8.43
28,4,2,6.15
29,4,2,6.71
30,4,2,6.96
31,4,2,8.44
32,4,2,9.96
33,4,2,7.35
34,4,2,7.55
35,4,2,5.86
36,4,2,7.47
37,4,2,8.16
38,4,2,7.06
39,4,2,7.2
40,4,2,6.38
41,4,2,7.52
42,4,2,7.32
43,4,2,7.73
44,4,2,9.22
45,4,2,8.61
46,4,2,7.97
47,4,2,7.65
48,4,2,8.6
49,4,2,10.13
50,4,2,6.2
51,4,2,7.26
52,4,2,6.39
53,4,2,7.2
54,4,2,6.63
55,4,2,6.96
56,4,2,8.06
57,4,2,8.22
58,4,2,5.82
59,4,2,8.5
60,4,2,7.39
61,4,2,10.36
62,4,2,7.8
63,4,2,8.18
64,4,2,5.81
65,4,2,8.29
66,4,2,8.11
67,4,2,7.54
68,4,2,7.0
69,4,2,7.49
70,4,2,7.29
71,4,2,8.34
72,4,2,8.37
73,4,2,7.81
74,4,2,7.59
75,4,2,9.48
76,4,2,7.97
77,4,2,8.37
78,4,2,8.19
79,4,2,8.25
80,4,2,8.09
81,4,2,7.38
82,4,2,8.06
83,4,2,6.51
84,4,2,6.83
85,4,2,6.51
86,4,2,7.16
87,4,2,7.91
88,4,2,8.03
89,4,2,7.65
90,4,2,8.2
91,4,2,9.02
92,4,2,8.51
93,4,2,7.37
94,4,2,6.87
95,4,2,7.45
96,4,2,8.31
97,4,2,8.96
98,4,2,8.33
99,4,2,8.51
0,5,2,7.66
1,5,2,8.59
2,5,2,7.71
3,5,2,8.26
4,5,2,7.11
5,5,2,8.71
6,5,2,7.73
7,5,2,7.68
8,5,2,6.41
9,5,2,8.5
10,5,2,8.16
11,5,2,8.33
12,5,2,8.03
13,5,2,7.23
14,5,2,9.86
15,5,2,7.67
16,5,2,6.99
17,5,2,5.89
18,5,2,7.48
19,5,2,7.52
20,5,2,8.05
21,5,2,7.19
22,5,2,6.62
23,5,2,7.85
24,5,2,7.56
25,5,2,7.68
26,5,2,8.8
27,5,2,8.2
28,5,2,6.0
29,5,2,8.35
30,5,2,8.5
31,5,2,7.33
32,5,2,7.65
33,5,2,7.47
34,5,2,7.36
35,5,2,7.39
36,5,2,7.0
37,5,2,7.73
38,5,2,8.34
39,5,2,7.26
40,5,2,7.43
41,5,2,7.43
42,5,2,6.95
43,5,2,9.09
44,5,2,6.75
45,5,2,7.51
46,5,2,8.25
47,5,2,8.22
48,5,2,6.74
49,5,2,6.96
50,5,2,8.06
51,5,2,8.68
52,5,2,6.62
53,5,2,7.58
54,5,2,7.65
55,5,2,7.69
56,5,2,8.35
57,5,2,6.91
58,5,2,7.45
59,5,2,8.83
60,5,2,6.71
61,5,2,6.99
62,5,2,7.65
63,5,2,8.41
64,5,2,6.96
65,5,2,8.64
66,5,2,7.48
67,5,2,6.33
68,5,2,8.76
69,5,2,8.63
70,5,2,8.16
71,5,2,8.07
72,5,2,8.12
73,5,2,8.42
74,5,2,6.37
75,5,2,6.86
76,5,2,8.0
77,5,2,7.42
78,5,2,7.33
79,5,2,7.44
80,5,2,8.47
81,5,2,7.44
82,5,2,7.26
83,5,2,8.03
84,5,2,8.68
85,5,2,8.01
86,5,2,7.99
87,5,2,8.0
88,5,2,8.99
89,5,2,7.56
90,5,2,6.86
91,5,2,8.46
92,5,2,6.69
93,5,2,7.53
94,5,2,6.57
95,5,2,8.51
96,5,2,5.99
97,5,2,7.2
98,5,2,8.09
99,5,2,7.95
0,6,2,7.38
1,6,2,8.46
2,6,2,7.62
3,6,2,6.64
4,6,2,8.27
5,6,2,7.73
6,6,2,7.55
7,6,2,8.65
8,6,2,8.16
9,6,2,7.2
10,6,2,8.83
11,6,2,8.25
12,6,2,5.81
13,6,2,5.7
14,6,2,5.56
15,6,2,8.54
16,6,2,8.24
17,6,2,8.12
18,6,2,6.37
19,6,2,5.96
20,6,2,6.43
21,6,2,7.35
22,6,2,7.01
23,6,2,7.27
24,6,2,8.94
25,6,2,8.68
26,6,2,8.66
27,6,2,6.91
28,6,2,5.08
29,6,2,9.12
30,6,2,8.0
31,6,2,7.23
32,6,2,7.53
33,6,2,8.15
34,6,2,7.57
35,6,2,6.89
36,6,2,9.29
37,6,2,8.41
38,6,2,8.94
39,6,2,8.44
40,6,2,7.95
41,6,2,7.17
42,6,2,7.46
43,6,2,8.38
44,6,2,9.9
45,6,2,9.31
46,6,2,7.31
47,6,2,7.23
48,6,2,6.66
49,6,2,8.27
50,6,2,8.54
51,6,2,8.3
52,6,2,6.93
53,6,2,6.08
54,6,2,5.26
55,6,2,7.45
56,6,2,6.67
57,6,2,8.25
58,6,2,7.54
59,6,2,7.03
60,6,2,7.61
61,6,2,9.73
62,6,2,6.95
63,6,2,9.93
64,6,2,7.52
65,6,2,7.96
66,6,2,8.6
67,6,2,7.94
68,6,2,7.62
69,6,2,7.44
70,6,2,7.8
71,6,2,6.96
72,6,2,7.26
73,6,2,8.53
74,6,2,6.0
75,6,2,9.28
76,6,2,5.83
77,6,2,8.27
78,6,2,6.21
79,6,2,7.02
80,6,2,8.0
81,6,2,7.8
82,6,2,7.6
83,6,2,8.82
84,6,2,6.78
85,6,2,7.48
86,6,2,6.36
87,6,2,9.1
88,6,2,10.0
89,6,2,7.84
90,6,2,6.38
91,6,2,7.06
92,6,2,6.71
93,6,2,7.43
94,6,2,8.34
95,6,2,7.25
96,6,2,7.06
97,6,2,7.7
98,6,2,7.96
99,6,2,7.93
0,7,2,8.05
1,7,2,9.69
2,7,2,6.76
3,7,2,6.97
4,7,2,7.34
5,7,2,7.98
6,7,2,8.78
7,7,2,6.84
8,7,2,7.64
9,7,2,8.51
10,7,2,6.62
11,7,2,7.6
12,7,2,6.27
13,7,2,6.98
14,7,2,7.37
15,7,2,8.11
16,7,2,6.99
17,7,2,7.12
18,7,2,9.14
19,7,2,8.34
20,7,2,7.51
21,7,2,6.79
22,7,2,7.48
23,7,2,7.03
24,7,2,7.11
25,7,2,7.38
26,7,2,7.53
27,7,2,8.23
28,7,2,7.33
29,7,2,8.75
30,7,2,8.41
31,7,2,8.7
32,7,2,6.67
33,7,2,8.16
34,7,2,4.97
35,7,2,8.5
36,7,2,6.96
37,7,2,7.25
38,7,2,7.0
39,7,2,7.47
40,7,2,8.5
41,7,2,7.29
42,7,2,5.87
43,7,2,6.57
44,7,2,7.24
45,7,2,8.83
46,7,2,7.67
47,7,2,6.94
48,7,2,7.44
49,7,2,9.84
50,7,2,7.06
51,7,2,6.68
52,7,2,6.13
53,7,2,7.29
54,7,2,7.85
55,7,2,8.6
56,7,2,7.18
57,7,2,7.13
58,7,2,8.36
59,7,2,8.89
60,7,2,7.0
61,7,2,6.75
62,7,2,7.61
63,7,2,8.38
64,7,2,9.06
65,7,2,8.58
66,7,2,8.06
67,7,2,6.27
68,7,2,7.09
69,7,2,6.53
70,7,2,7.73
71,7,2,8.32
72,7,2,6.59
73,7,2,7.64
74,7,2,6.94
75,7,2,7.32
76,7,2,8.48
77,7,2,8.43
78,7,2,7.73
79,7,2,8.46
80,7,2,6.97
81,7,2,7.74
82,7,2,8.37
83,7,2,7.25
84,7,2,7.27
85,7,2,7.65
86,7,2,8.54
87,7,2,6.85
88,7,2,7.13
89,7,2,7.84
90,7,2,7.82
91,7,2,7.16
92,7,2,7.56
93,7,2,7.3
94,7,2,6.75
95,7,2,7.27
96,7,2,7.89
97,7,2,7.73
98,7,2,9.01
99,7,2,7.64
0,8,2,7.46
1,8,2,7.98
2,8,2,7.43
3,8,2,6.51
4,8,2,8.64
5,8,2,7.41
6,8,2,8.11
7,8,2,7.17
8,8,2,6.77
9,8,2,8.16
10,8,2,7.53
11,8,2,7.83
12,8,2,8.56
13,8,2,7.52
14,8,2,6.75
15,8,2,6.42
16,8,2,7.06
17,8,2,6.15
18,8,2,7.31
19,8,2,6.74
20,8,2,7.0
21,8,2,7.47
22,8,2,7.04
23,8,2,6.15
24,8,2,8.4
25,8,2,7.57
26,8,2,7.29
27,8,2,7.18
28,8,2,8.14
29,8,2,7.76
30,8,2,6.06
31,8,2,7.83
32,8,2,7.01
33,8,2,8.31
34,8,2,4.94
35,8,2,8.01
36,8,2,9.55
37,8,2,6.93
38,8,2,5.96
39,8,2,6.47
40,8,2,6.79
41,8,2,6.86
42,8,2,8.25
43,8,2,7.66
44,8,2,7.19
45,8,2,7.34
46,8,2,9.25
47,8,2,7.81
48,8,2,7.13
49,8,2,7.87
50,8,2,8.18
51,8,2,7.91
52,8,2,7.74
53,8,2,9.11
54,8,2,8.03
55,8,2,8.16
56,8,2,8.05
57,8,2,7.8
58,8,2,8.1
59,8,2,7.99
60,8,2,7.59
61,8,2,9.25
62,8,2,8.05
63,8,2,7.26
64,8,2,8.6
65,8,2,9.35
66,8,2,7.99
67,8,2,8.66
68,8,2,8.1
69,8,2,6.74
70,8,2,7.18
71,8,2,8.85
72,8,2,8.26
73,8,2,5.86
74,8,2,7.21
75,8,2,6.91
76,8,2,8.16
77,8,2,8.69
78,8,2,7.77
79,8,2,7.45
80,8,2,8.19
81,8,2,7.57
82,8,2,5.65
83,8,2,7.86
84,8,2,7.19
85,8,2,8.46
86,8,2,8.38
87,8,2,7.67
88,8,2,7.04
89,8,2,8.03
90,8,2,7.91
91,8,2,7.86
92,8,2,7.95
93,8,2,9.55
94,8,2,7.49
95,8,2,7.4
96,8,2,8.52
97,8,2,8.24
98,8,2,8.45
99,8,2,7.67
0,9,2,8.22
1,9,2,9.68
2,9,2,8.76
3,9,2,7.61
4,9,2,6.31
5,9,2,6.37
6,9,2,9.7
7,9,2,8.65
8,9,2,6.51
9,9,2,8.59
10,9,2,8.15
11,9,2,5.54
12,9,2,8.43
13,9,2,8.21
14,9,2,6.83
15,9,2,7.74
16,9,2,8.36
17,9,2,8.67
18,9,2,6.88
19,9,2,6.62
20,9,2,8.71
21,9,2,7.92
22,9,2,6.71
23,9,2,7.8
24,9,2,9.95
25,9,2,7.86
26,9,2,7.35
27,9,2,8.25
28,9,2,8.85
29,9,2,8.17
30,9,2,9.01
31,9,2,9.09
32,9,2,8.13
33,9,2,6.81
34,9,2,7.92
35,9,2,9.27
36,9,2,7.51
37,9,2,6.72
38,9,2,6.7
39,9,2,6.15
40,9,2,8.65
41,9,2,8.18
42,9,2,7.36
43,9,2,7.29
44,9,2,9.25
45,9,2,8.28
46,9,2,7.01
47,9,2,7.71
48,9,2,7.93
49,9,2,8.54
50,9,2,8.24
51,9,2,8.76
52,9,2,7.54
53,9,2,8.45
54,9,2,6.5
55,9,2,8.94
56,9,2,7.14
57,9,2,7.68
58,9,2,8.23
59,9,2,8.52
60,9,2,8.82
61,9,2,8.22
62,9,2,6.74
63,9,2,6.63
64,9,2,8.44
65,9,2,7.33
66,9,2,7.95
67,9,2,7.52
68,9,2,7.76
69,9,2,9.06
70,9,2,8.87
71,9,2,9.49
72,9,2,7.64
73,9,2,9.06
74,9,2,9.12
75,9,2,8.95
76,9,2,8.82
77,9,2,10.26
78,9,2,8.75
79,9,2,7.81
80,9,2,9.43
81,9,2,7.02
82,9,2,6.95
83,9,2,7.98
84,9,2,6.56
85,9,2,7.21
86,9,2,6.89
87,9,2,6.88
88,9,2,7.06
89,9,2,7.54
90,9,2,7.6
91,9,2,6.61
92,9,2,5.97
93,9,2,8.23
94,9,2,7.97
95,9,2,7.03
96,9,2,7.05
97,9,2,6.28
98,9,2,6.03
99,9,2,7.06
0,10,2,9.36
1,10,2,7.08
2,10,2,9.14
3,10,2,6.92
4,10,2,6.57
5,10,2,6.22
6,10,2,8.22
7,10,2,6.87
8,10,2,7.71
9,10,2,9.1
10,10,2,7.82
11,10,2,8.72
12,10,2,7.75
13,10,2,7.32
14,10,2,8.73
15,10,2,7.73
16,10,2,7.21
17,10,2,7.69
18,10,2,7.72
19,10,2,8.02
20,10,2,8.05
21,10,2,8.92
22,10,2,6.4
23,10,2,7.68
24,10,2,8.63
25,10,2,7.35
26,10,2,8.34
27,10,2,8.15
28,10,2,8.03
29,10,2,9.52
30,10,2,7.91
31,10,2,6.66
32,10,2,8.4
33,10,2,7.21
34,10,2,7.43
35,10,2,7.9
36,10,2,8.87
37,10,2,8.18
38,10,2,7.48
39,10,2,7.69
40,10,2,7.5
41,10,2,6.12
42,10,2,8.06
43,10,2,8.41
44,10,2,7.63
45,10,2,8.35
46,10,2,6.36
47,10,2,8.55
48,10,2,8.28
49,10,2,7.64
50,10,2,8.39
51,10,2,7.52
52,10,2,8.52
53,10,2,5.47
54,10,2,7.74
55,10,2,7.25
56,10,2,7.65
57,10,2,8.66
58,10,2,7.0
59,10,2,8.37
60,10,2,7.8
61,10,2,6.67
62,10,2,7.82
63,10,2,7.63
64,10,2,5.64
65,10,2,6.17
66,10,2,8.53
67,10,2,7.78
68,10,2,9.57
69,10,2,8.32
70,10,2,7.94
71,10,2,8.2
72,10,2,6.07
73,10,2,7.01
74,10,2,7.05
75,10,2,8.22
76,10,2,8.03
77,10,2,7.42
78,10,2,7.64
79,10,2,6.55
80,10,2,8.91
81,10,2,8.36
82,10,2,6.59
83,10,2,7.65
84,10,2,7.04
85,10,2,7.97
86,10,2,8.94
87,10,2,8.95
88,10,2,9.06
89,10,2,6.56
90,10,2,8.82
91,10,2,7.86
92,10,2,8.84
93,10,2,8.6
94,10,2,7.47
95,10,2,8.36
96,10,2,6.11
97,10,2,5.97
98,10,2,8.87
99,10,2,6.77
0,11,2,8.24
1,11,2,7.51
2,11,2,8.43
3,11,2,6.77
4,11,2,5.85
5,11,2,8.26
6,11,2,7.8
7,11,2,7.33
8,11,2,6.58
9,11,2,8.59
10,11,2,8.07
11,11,2,7.16
12,11,2,6.42
13,11,2,8.43
14,11,2,7.57
15,11,2,8.38
16,11,2,6.78
17,11,2,8.62
18,11,2,7.63
19,11,2,6.86
20,11,2,7.84
21,11,2,8.49
22,11,2,8.52
23,11,2,8.12
24,11,2,7.12
25,11,2,6.41
26,11,2,7.51
27,11,2,7.95
28,11,2,6.94
29,11,2,8.38
30,11,2,7.04
31,11,2,8.37
32,11,2,7.78
33,11,2,8.12
34,11,2,6.7
35,11,2,6.33
36,11,2,8.06
37,11,2,8.2
38,11,2,8.52
39,11,2,8.54
40,11,2,6.94
41,11,2,8.35
42,11,2,8.86
43,11,2,7.81
44,11,2,7.62
45,11,2,8.1
46,11,2,6.88
47,11,2,9.12
48,11,2,6.68
49,11,2,8.14
50,11,2,8.39
51,11,2,7.75
52,11,2,7.93
53,11,2,8.49
54,11,2,8.39
55,11,2,6.0
56,11,2,9.42
57,11,2,6.77
58,11,2,6.39
59,11,2,6.62
60,11,2,8.99
61,11,2,5.9
62,11,2,8.06
63,11,2,7.32
64,11,2,7.86
65,11,2,8.84
66,11,2,6.87
67,11,2,6.49
68,11,2,10.01
69,11,2,7.52
70,11,2,7.79
71,11,2,6.91
72,11,2,6.6
73,11,2,8.53
74,11,2,9.58
75,11,2,8.5
76,11,2,8.17
77,11,2,9.05
78,11,2,8.53
79,11,2,9.39
80,11,2,6.86
81,11,2,7.65
82,11,2,7.09
83,11,2,7.76
84,11,2,9.03
85,11,2,6.84
86,11,2,7.66
87,11,2,8.79
88,11,2,8.12
89,11,2,7.53
90,11,2,8.66
91,11,2,7.47
92,11,2,7.85
93,11,2,8.84
94,11,2,7.71
95,11,2,7.45
96,11,2,6.63
97,11,2,7.62
98,11,2,7.48
99,11,2,8.05
0,12,2,8.93
1,12,2,6.4
2,12,2,7.96
3,12,2,9.12
4,12,2,7.11
5,12,2,7.33
6,12,2,7.34
7,12,2,7.66
8,12,2,7.04
9,12,2,7.58
10,12,2,8.69
11,12,2,7.55
12,12,2,8.1
13,12,2,6.79
14,12,2,6.8
15,12,2,6.34
16,12,2,7.05
17,12,2,8.65
18,12,2,5.66
19,12,2,8.04
20,12,2,6.99
21,12,2,7.08
22,12,2,7.39
23,12,2,7.04
24,12,2,8.07
25,12,2,8.59
26,12,2,8.61
27,12,2,8.45
28,12,2,7.09
29,12,2,7.02
30,12,2,6.79
31,12,2,6.71
32,12,2,8.74
33,12,2,9.93
34,12,2,8.52
35,12,2,8.33
36,12,2,8.01
37,12,2,6.71
38,12,2,8.0
39,12,2,8.65
40,12,2,7.19
41,12,2,7.62
42,12,2,7.45
43,12,2,8.39
44,12,2,9.51
45,12,2,8.74
46,12,2,8.19
47,12,2,6.71
48,12,2,7.84
49,12,2,6.93
50,12,2,7.01
51,12,2,8.22
52,12,2,8.17
53,12,2,7.34
54,12,2,8.22
55,12,2,8.31
56,12,2,6.73
57,12,2,5.83
58,12,2,8.13
59,12,2,7.44
60,12,2,7.49
61,12,2,8.11
62,12,2,6.79
63,12,2,6.66
64,12,2,7.1
65,12,2,6.83
66,12,2,7.58
67,12,2,6.86
68,12,2,7.26
69,12,2,7.72
70,12,2,6.17
71,12,2,8.17
72,12,2,8.66
73,12,2,8.11
74,12,2,6.1
75,12,2,7.38
76,12,2,8.15
77,12,2,6.28
78,12,2,8.26
79,12,2,6.42
80,12,2,8.38
81,12,2,6.43
82,12,2,7.29
83,12,2,7.03
84,12,2,8.2
85,12,2,8.44
86,12,2,6.94
87,12,2,6.57
88,12,2,8.21
89,12,2,8.88
90,12,2,6.88
91,12,2,8.26
92,12,2,8.83
93,12,2,8.47
94,12,2,8.27
95,12,2,6.3
96,12,2,5.88
97,12,2,5.72
98,12,2,7.17
99,12,2,7.4
0,13,2,9.22
1,13,2,7.84
2,13,2,9.65
3,13,2,7.48
4,13,2,6.57
5,13,2,7.1
6,13,2,5.86
7,13,2,8.6
8,13,2,10.54
9,13,2,7.82
10,13,2,5.49
11,13,2,7.1
12,13,2,8.29
13,13,2,8.17
14,13,2,8.59
15,13,2,7.06
16,13,2,7.01
17,13,2,8.95
18,13,2,7.03
19,13,2,6.94
20,13,2,8.39
21,13,2,5.84
22,13,2,7.39
23,13,2,7.47
24,13,2,6.32
25,13,2,6.77
26,13,2,8.67
27,13,2,6.66
28,13,2,7.95
29,13,2,7.56
30,13,2,9.21
31,13,2,8.76
32,13,2,9.21
33,13,2,7.6
34,13,2,5.77
35,13,2,8.74
36,13,2,9.46
37,13,2,7.66
38,13,2,8.77
39,13,2,7.68
40,13,2,7.26
41,13,2,8.17
42,13,2,7.59
43,13,2,7.42
44,13,2,6.52
45,13,2,9.21
46,13,2,7.72
47,13,2,8.02
48,13,2,7.0
49,13,2,5.88
50,13,2,6.5
51,13,2,5.7
52,13,2,7.98
53,13,2,6.12
54,13,2,7.13
55,13,2,8.72
56,13,2,8.04
57,13,2,8.09
58,13,2,6.45
59,13,2,7.79
60,13,2,5.97
61,13,2,8.01
62,13,2,7.86
63,13,2,8.96
64,13,2,7.38
65,13,2,7.08
66,13,2,7.93
67,13,2,8.54
68,13,2,8.42
69,13,2,8.57
70,13,2,6.05
71,13,2,9.54
72,13,2,8.43
73,13,2,5.76
74,13,2,8.4
75,13,2,9.0
76,13,2,6.32
77,13,2,8.29
78,13,2,8.79
79,13,2,8.77
80,13,2,6.19
81,13,2,8.06
82,13,2,8.26
83,13,2,7.67
84,13,2,6.91
85,13,2,7.95
86,13,2,9.22
87,13,2,7.79
88,13,2,7.44
89,13,2,6.47
90,13,2,7.26
91,13,2,8.98
92,13,2,7.93
93,13,2,5.7
94,13,2,8.08
95,13,2,7.84
96,13,2,7.84
97,13,2,7.92
98,13,2,8.65
99,13,2,6.18
0,14,2,7.8
1,14,2,7.83
2,14,2,6.78
3,14,2,8.01
4,14,2,7.19
5,14,2,7.53
6,14,2,8.87
7,14,2,6.87
8,14,2,7.06
9,14,2,8.77
10,14,2,5.88
11,14,2,7.43
12,14,2,8.84
13,14,2,8.6
14,14,2,8.43
15,14,2,7.06
16,14,2,7.07
17,14,2,9.67
18,14,2,8.01
19,14,2,8.46
20,14,2,8.19
21,14,2,7.85
22,14,2,8.32
23,14,2,7.87
24,14,2,9.04
25,14,2,7.92
26,14,2,8.1
27,14,2,7.77
28,14,2,6.56
29,14,2,8.87
30,14,2,8.06
31,14,2,6.01
32,14,2,8.67
33,14,2,6.05
34,14,2,7.92
35,14,2,5.86
36,14,2,7.5
37,14,2,8.17
38,14,2,8.48
39,14,2,7.59
40,14,2,8.3
41,14,2,6.89
42,14,2,7.82
43,14,2,8.36
44,14,2,7.83
45,14,2,6.76
46,14,2,7.65
47,14,2,7.91
48,14,2,6.57
49,14,2,7.49
50,14,2,7.84
51,14,2,7.61
52,14,2,9.45
53,14,2,9.39
54,14,2,7.25
55,14,2,8.38
56,14,2,8.27
57,14,2,7.09
58,14,2,9.39
59,14,2,7.73
60,14,2,7.78
61,14,2,5.71
62,14,2,7.85
63,14,2,8.09
64,14,2,7.86
65,14,2,8.92
66,14,2,8.26
67,14,2,8.89
68,14,2,7.99
69,14,2,7.56
70,14,2,7.12
71,14,2,10.1
72,14,2,8.33
73,14,2,9.64
74,14,2,5.62
75,14,2,9.2
76,14,2,8.46
77,14,2,8.34
78,14,2,5.11
79,14,2,8.6
80,14,2,7.28
81,14,2,5.48
82,14,2,5.68
83,14,2,7.43
84,14,2,8.17
85,14,2,5.92
86,14,2,6.52
87,14,2,7.33
88,14,2,7.6
89,14,2,7.23
90,14,2,8.18
91,14,2,7.94
92,14,2,7.31
93,14,2,7.52
94,14,2,9.48
95,14,2,7.61
96,14,2,7.94
97,14,2,6.22
98,14,2,7.31
99,14,2,7.92
0,15,2,7.22
1,15,2,9.75
2,15,2,7.82
3,15,2,9.38
4,15,2,7.7
5,15,2,9.11
6,15,2,7.15
7,15,2,7.72
8,15,2,9.11
9,15,2,8.44
10,15,2,7.14
11,15,2,8.16
12,15,2,7.18
13,15,2,7.32
14,15,2,6.98
15,15,2,7.6
16,15,2,7.5
17,15,2,6.95
18,15,2,8.21
19,15,2,8.57
20,15,2,8.74
21,15,2,8.78
22,15,2,9.16
23,15,2,8.21
24,15,2,7.24
25,15,2,8.26
26,15,2,7.71
27,15,2,6.27
28,15,2,7.59
29,15,2,7.85
30,15,2,6.94
31,15,2,8.11
32,15,2,6.73
33,15,2,8.22
34,15,2,8.37
35,15,2,7.72
36,15,2,8.05
37,15,2,8.24
38,15,2,7.11
39,15,2,7.3
40,15,2,6.52
41,15,2,9.09
42,15,2,7.24
43,15,2,7.26
44,15,2,7.72
45,15,2,9.54
46,15,2,5.78
47,15,2,7.5
48,15,2,6.99
49,15,2,9.51
50,15,2,9.32
51,15,2,7.34
52,15,2,8.87
53,15,2,7.24
54,15,2,8.12
55,15,2,6.98
56,15,2,6.47
57,15,2,6.99
58,15,2,9.11
59,15,2,8.04
60,15,2,9.64
61,15,2,9.06
62,15,2,6.48
63,15,2,8.31
64,15,2,7.33
65,15,2,7.87
66,15,2,7.96
67,15,2,8.13
68,15,2,6.71
69,15,2,5.96
70,15,2,8.32
71,15,2,8.89
72,15,2,7.13
73,15,2,8.9
74,15,2,7.7
75,15,2,8.08
76,15,2,9.91
77,15,2,8.22
78,15,2,8.3
79,15,2,7.59
80,15,2,8.64
81,15,2,6.9
82,15,2,7.75
83,15,2,8.09
84,15,2,8.46
85,15,2,6.5
86,15,2,7.43
87,15,2,6.1
88,15,2,8.51
89,15,2,9.06
90,15,2,7.3
91,15,2,8.22
92,15,2,7.32
93,15,2,7.39
94,15,2,6.55
95,15,2,5.39
96,15,2,7.82
97,15,2,8.0
98,15,2,8.22
99,15,2,7.49
0,16,2,8.69
1,16,2,7.01
2,16,2,6.87
3,16,2,7.15
4,16,2,7.63
5,16,2,7.92
6,16,2,8.5
7,16,2,6.54
8,16,2,9.01
9,16,2,8.31
10,16,2,7.3
11,16,2,7.47
12,16,2,7.5
13,16,2,8.84
14,16,2,8.75
15,16,2,8.35
16,16,2,8.24
17,16,2,9.71
18,16,2,6.64
19,16,2,9.62
20,16,2,7.82
21,16,2,7.98
22,16,2,7.83
23,16,2,7.47
24,16,2,7.81
25,16,2,6.08
26,16,2,7.56
27,16,2,7.12
28,16,2,8.14
29,16,2,8.56
30,16,2,7.1
31,16,2,6.46
32,16,2,8.36
33,16,2,8.04
34,16,2,8.42
35,16,2,7.62
36,16,2,8.12
37,16,2,7.62
38,16,2,7.59
39,16,2,8.82
40,16,2,7.51
41,16,2,7.69
42,16,2,7.75
43,16,2,7.64
44,16,2,7.79
45,16,2,7.45
46,16,2,6.37
47,16,2,7.34
48,16,2,8.01
49,16,2,7.11
50,16,2,6.33
51,16,2,7.52
52,16,2,8.8
53,16,2,7.43
54,16,2,7.14
55,16,2,6.68
56,16,2,7.39
57,16,2,7.62
58,16,2,8.41
59,16,2,7.79
60,16,2,6.86
61,16,2,6.55
62,16,2,7.31
63,16,2,6.86
64,16,2,8.7
65,16,2,7.56
66,16,2,8.71
67,16,2,7.29
68,16,2,9.54
69,16,2,7.69
70,16,2,7.47
71,16,2,6.8
72,16,2,9.77
73,16,2,9.0
74,16,2,7.33
75,16,2,8.06
76,16,2,8.23
77,16,2,9.3
78,16,2,8.02
79,16,2,9.17
80,16,2,7.3
81,16,2,6.92
82,16,2,7.37
83,16,2,8.36
84,16,2,8.12
85,16,2,6.83
86,16,2,8.12
87,16,2,7.87
88,16,2,7.26
89,16,2,7.13
90,16,2,7.21
91,16,2,8.06
92,16,2,7.61
93,16,2,8.95
94,16,2,8.65
95,16,2,8.39
96,16,2,7.22
97,16,2,7.22
98,16,2,8.61
99,16,2,7.25
0,17,2,7.43
1,17,2,8.6
2,17,2,6.83
3,17,2,8.29
4,17,2,7.14
5,17,2,7.55
6,17,2,5.88
7,17,2,7.26
8,17,2,7.25
9,17,2,7.44
10,17,2,7.71
11,17,2,5.96
12,17,2,7.81
13,17,2,7.53
14,17,2,8.7
15,17,2,10.0
16,17,2,7.22
17,17,2,7.69
18,17,2,6.84
19,17,2,7.76
20,17,2,8.42
21,17,2,8.23
22,17,2,6.45
23,17,2,7.62
24,17,2,9.36
25,17,2,8.44
26,17,2,8.4
27,17,2,6.24
28,17,2,7.67
29,17,2,7.98
30,17,2,6.96
31,17,2,6.88
32,17,2,7.78
33,17,2,6.53
34,17,2,8.17
35,17,2,6.52
36,17,2,9.4
37,17,2,8.44
38,17,2,7.15
39,17,2,6.39
40,17,2,7.54
41,17,2,7.45
42,17,2,8.57
43,17,2,8.14
44,17,2,6.63
45,17,2,8.45
46,17,2,8.29
47,17,2,7.37
48,17,2,9.14
49,17,2,7.06
50,17,2,7.63
51,17,2,7.28
52,17,2,7.8
53,17,2,8.27
54,17,2,7.35
55,17,2,8.33
56,17,2,8.04
57,17,2,10.0
58,17,2,7.99
59,17,2,7.83
60,17,2,7.19
61,17,2,7.83
62,17,2,8.04
63,17,2,9.08
64,17,2,8.47
65,17,2,7.46
66,17,2,8.61
67,17,2,7.89
68,17,2,7.54
69,17,2,7.68
70,17,2,6.13
71,17,2,8.16
72,17,2,8.65
73,17,2,9.71
74,17,2,8.04
75,17,2,8.51
76,17,2,8.64
77,17,2,5.98
78,17,2,7.61
79,17,2,7.35
80,17,2,7.48
81,17,2,7.25
82,17,2,7.45
83,17,2,6.37
84,17,2,7.95
85,17,2,7.43
86,17,2,6.94
87,17,2,9.3
88,17,2,7.66
89,17,2,8.39
90,17,2,9.1
91,17,2,6.07
92,17,2,7.22
93,17,2,7.95
94,17,2,8.74
95,17,2,7.8
96,17,2,6.3
97,17,2,7.37
98,17,2,8.07
99,17,2,6.64
0,18,2,5.17
1,18,2,6.73
2,18,2,7.61
3,18,2,6.62
4,18,2,9.28
5,18,2,8.29
6,18,2,8.9
7,18,2,6.79
8,18,2,5.55
9,18,2,6.8
10,18,2,8.79
11,18,2,7.72
12,18,2,8.54
13,18,2,7.61
14,18,2,9.31
15,18,2,5.78
16,18,2,8.4
17,18,2,7.54
18,18,2,7.13
19,18,2,6.35
20,18,2,7.84
21,18,2,8.47
22,18,2,8.49
23,18,2,6.61
24,18,2,6.59
25,18,2,8.79
26,18,2,6.85
27,18,2,7.33
28,18,2,9.31
29,18,2,6.69
30,18,2,6.38
31,18,2,8.83
32,18,2,7.53
33,18,2,5.91
34,18,2,6.36
35,18,2,6.96
36,18,2,6.65
37,18,2,8.67
38,18,2,8.14
39,18,2,8.04
40,18,2,8.21
41,18,2,6.95
42,18,2,8.76
43,18,2,8.01
44,18,2,7.68
45,18,2,7.34
46,18,2,7.8
47,18,2,8.21
48,18,2,6.2
49,18,2,7.64
50,18,2,9.38
51,18,2,8.15
52,18,2,8.58
53,18,2,7.14
54,18,2,8.2
55,18,2,6.87
56,18,2,7.88
57,18,2,7.37
58,18,2,8.72
59,18,2,6.57
60,18,2,7.26
61,18,2,6.61
62,18,2,8.34
63,18,2,8.27
64,18,2,7.06
65,18,2,9.46
66,18,2,8.79
67,18,2,7.29
68,18,2,9.15
69,18,2,9.12
70,18,2,9.01
71,18,2,8.54
72,18,2,8.77
73,18,2,7.69
74,18,2,8.05
75,18,2,9.06
76,18,2,6.71
77,18,2,9.31
78,18,2,7.92
79,18,2,7.76
80,18,2,7.34
81,18,2,7.34
82,18,2,6.73
83,18,2,7.79
84,18,2,7.94
85,18,2,8.19
86,18,2,6.26
87,18,2,8.22
88,18,2,8.12
89,18,2,7.37
90,18,2,7.22
91,18,2,8.49
92,18,2,7.27
93,18,2,6.68
94,18,2,7.39
95,18,2,7.36
96,18,2,6.64
97,18,2,7.5
98,18,2,7.49
99,18,2,7.19
0,19,2,5.69
1,19,2,6.89
2,19,2,6.84
3,19,2,6.68
4,19,2,7.9
5,19,2,9.37
6,19,2,6.9
7,19,2,6.32
8,19,2,8.4
9,19,2,7.0
10,19,2,6.92
11,19,2,7.2
12,19,2,7.78
13,19,2,6.67
14,19,2,9.29
15,19,2,7.75
16,19,2,7.84
17,19,2,7.78
18,19,2,7.83
19,19,2,7.97
20,19,2,7.16
21,19,2,9.05
22,19,2,6.59
23,19,2,7.92
24,19,2,10.17
25,19,2,7.71
26,19,2,7.16
27,19,2,7.83
28,19,2,6.29
29,19,2,6.85
30,19,2,7.6
31,19,2,7.17
32,19,2,7.19
33,19,2,7.7
34,19,2,8.19
35,19,2,8.74
36,19,2,7.18
37,19,2,8.76
38,19,2,8.5
39,19,2,8.15
40,19,2,8.76
41,19,2,7.41
42,19,2,7.17
43,19,2,9.87
44,19,2,7.95
45,19,2,9.18
46,19,2,6.9
47,19,2,7.67
48,19,2,8.69
49,19,2,8.5
50,19,2,7.13
51,19,2,6.84
52,19,2,8.35
53,19,2,8.17
54,19,2,7.82
55,19,2,7.26
56,19,2,7.19
57,19,2,7.26
58,19,2,8.26
59,19,2,6.68
60,19,2,8.84
61,19,2,9.7
62,19,2,8.13
63,19,2,7.75
64,19,2,8.15
65,19,2,7.5
66,19,2,8.03
67,19,2,8.88
68,19,2,7.87
69,19,2,9.42
70,19,2,8.9
71,19,2,8.81
72,19,2,8.91
73,19,2,8.64
74,19,2,10.04
75,19,2,8.17
76,19,2,9.18
77,19,2,7.23
78,19,2,9.43
79,19,2,7.59
80,19,2,7.7
81,19,2,9.72
82,19,2,7.97
83,19,2,6.99
84,19,2,6.99
85,19,2,7.4
86,19,2,8.1
87,19,2,7.94
88,19,2,8.78
89,19,2,5.74
90,19,2,7.56
91,19,2,6.24
92,19,2,8.61
93,19,2,7.75
94,19,2,8.6
95,19,2,6.98
96,19,2,5.48
97,19,2,7.19
98,19,2,8.79
99,19,2,7.71
0,20,2,8.08
1,20,2,6.76
2,20,2,8.43
3,20,2,8.88
4,20,2,7.26
5,20,2,7.25
6,20,2,7.32
7,20,2,7.1
8,20,2,8.3
9,20,2,7.08
10,20,2,5.98
11,20,2,7.3
12,20,2,8.47
13,20,2,8.23
14,20,2,7.34
15,20,2,8.48
16,20,2,8.05
17,20,2,8.09
18,20,2,7.32
19,20,2,7.31
20,20,2,7.69
21,20,2,6.19
22,20,2,6.81
23,20,2,8.09
24,20,2,7.95
25,20,2,7.95
26,20,2,6.61
27,20,2,7.09
28,20,2,6.39
29,20,2,7.3
30,20,2,7.84
31,20,2,8.66
32,20,2,9.47
33,20,2,6.88
34,20,2,7.32
35,20,2,7.98
36,20,2,7.74
37,20,2,8.4
38,20,2,8.92
39,20,2,7.9
40,20,2,8.2
41,20,2,7.76
42,20,2,7.59
43,20,2,8.27
44,20,2,8.53
45,20,2,7.0
46,20,2,7.24
47,20,2,8.82
48,20,2,7.52
49,20,2,7.76
50,20,2,7.65
51,20,2,7.76
52,20,2,8.78
53,20,2,7.43
54,20,2,7.4
55,20,2,8.39
56,20,2,6.88
57,20,2,9.18
58,20,2,6.23
59,20,2,7.71
60,20,2,8.58
61,20,2,8.03
62,20,2,9.61
63,20,2,9.09
64,20,2,8.33
65,20,2,7.86
66,20,2,10.17
67,20,2,9.07
68,20,2,8.71
69,20,2,9.36
70,20,2,7.81
71,20,2,9.21
72,20,2,7.81
73,20,2,7.59
74,20,2,8.15
75,20,2,8.7
76,20,2,8.81
77,20,2,8.36
78,20,2,8.13
79,20,2,8.18
80,20,2,8.2
81,20,2,8.2
82,20,2,7.51
83,20,2,7.63
84,20,2,7.27
85,20,2,8.88
86,20,2,7.61
87,20,2,7.02
88,20,2,8.86
89,20,2,7.64
90,20,2,9.72
91,20,2,6.3
92,20,2,8.49
93,20,2,7.25
94,20,2,7.39
95,20,2,7.29
96,20,2,7.22
97,20,2,9.36
98,20,2,7.48
99,20,2,8.68
0,21,2,9.05
1,21,2,7.11
2,21,2,7.98
3,21,2,6.52
4,21,2,7.49
5,21,2,8.84
6,21,2,7.81
7,21,2,6.6
8,21,2,7.8
9,21,2,8.28
10,21,2,7.23
11,21,2,7.86
12,21,2,7.05
13,21,2,7.1
14,21,2,7.17
15,21,2,7.04
16,21,2,8.98
17,21,2,7.42
18,21,2,8.53
19,21,2,9.14
20,21,2,6.98
21,21,2,7.51
22,21,2,7.13
23,21,2,7.55
24,21,2,9.03
25,21,2,8.13
26,21,2,8.8
27,21,2,8.55
28,21,2,8.93
29,21,2,7.45
30,21,2,8.89
31,21,2,8.24
32,21,2,6.61
33,21,2,7.54
34,21,2,6.69
35,21,2,8.32
36,21,2,8.7
37,21,2,8.56
38,21,2,8.06
39,21,2,9.9
40,21,2,6.64
41,21,2,8.28
42,21,2,8.61
43,21,2,8.62
44,21,2,8.34
45,21,2,7.91
46,21,2,7.51
47,21,2,6.56
48,21,2,6.81
49,21,2,7.93
50,21,2,7.81
51,21,2,6.7
52,21,2,6.72
53,21,2,8.86
54,21,2,6.09
55,21,2,7.75
56,21,2,8.43
57,21,2,8.2
58,21,2,6.57
59,21,2,8.06
60,21,2,9.48
61,21,2,8.48
62,21,2,8.11
63,21,2,9.24
64,21,2,8.9
65,21,2,9.07
66,21,2,9.86
67,21,2,10.21
68,21,2,9.63
69,21,2,8.35
70,21,2,10.44
71,21,2,11.62
72,21,2,10.09
73,21,2,8.77
74,21,2,8.73
75,21,2,7.8
76,21,2,9.82
77,21,2,8.93
78,21,2,8.92
79,21,2,8.48
80,21,2,8.79
81,21,2,6.94
82,21,2,7.38
83,21,2,9.81
84,21,2,9.01
85,21,2,6.94
86,21,2,8.74
87,21,2,8.93
88,21,2,6.62
89,21,2,7.19
90,21,2,7.54
91,21,2,8.22
92,21,2,8.93
93,21,2,8.19
94,21,2,6.61
95,21,2,8.49
96,21,2,8.59
97,21,2,6.79
98,21,2,9.05
99,21,2,7.57
0,22,2,7.6
1,22,2,8.86
2,22,2,9.08
3,22,2,7.24
4,22,2,8.02
5,22,2,8.45
6,22,2,8.25
7,22,2,8.35
8,22,2,6.88
9,22,2,7.6
10,22,2,9.24
11,22,2,6.52
12,22,2,7.8
13,22,2,8.09
14,22,2,7.05
15,22,2,7.68
16,22,2,8.2
17,22,2,6.17
18,22,2,5.76
19,22,2,7.91
20,22,2,8.34
21,22,2,7.9
22,22,2,7.33
23,22,2,8.88
24,22,2,8.24
25,22,2,7.14
26,22,2,7.46
27,22,2,7.62
28,22,2,7.58
29,22,2,8.49
30,22,2,8.44
31,22,2,8.37
32,22,2,8.21
33,22,2,8.03
34,22,2,7.14
35,22,2,9.33
36,22,2,8.57
37,22,2,9.81
38,22,2,7.23
39,22,2,8.16
40,22,2,9.04
41,22,2,6.83
42,22,2,8.47
43,22,2,6.4
44,22,2,7.57
45,22,2,7.53
46,22,2,6.98
47,22,2,7.96
48,22,2,9.25
49,22,2,8.36
50,22,2,8.03
51,22,2,8.46
52,22,2,6.62
53,22,2,6.41
54,22,2,8.46
55,22,2,7.2
56,22,2,7.21
57,22,2,7.18
58,22,2,9.35
59,22,2,7.83
60,22,2,6.94
61,22,2,7.28
62,22,2,8.94
63,22,2,9.89
64,22,2,8.74
65,22,2,8.83
66,22,2,9.92
67,22,2,9.85
68,22,2,9.69
69,22,2,7.75
70,22,2,9.9
71,22,2,11.2
72,22,2,8.78
73,22,2,9.96
74,22,2,10.44
75,22,2,8.82
76,22,2,10.12
77,22,2,9.4
78,22,2,9.13
79,22,2,8.61
80,22,2,8.12
81,22,2,7.3
82,22,2,9.08
83,22,2,9.23
84,22,2,9.25
85,22,2,7.14
86,22,2,8.78
87,22,2,8.81
88,22,2,7.35
89,22,2,7.49
90,22,2,6.83
91,22,2,6.72
92,22,2,6.99
93,22,2,7.88
94,22,2,7.87
95,22,2,7.95
96,22,2,7.56
97,22,2,7.4
98,22,2,7.82
99,22,2,7.17
0,23,2,7.25
1,23,2,7.17
2,23,2,6.43
3,23,2,7.03
4,23,2,7.23
5,23,2,7.65
6,23,2,6.6
7,23,2,7.39
8,23,2,5.23
9,23,2,9.52
10,23,2,8.69
11,23,2,6.11
12,23,2,8.55
13,23,2,9.04
14,23,2,7.84
15,23,2,7.58
16,23,2,7.71
17,23,2,6.91
18,23,2,6.0
19,23,2,7.71
20,23,2,9.09
21,23,2,8.19
22,23,2,7.01
23,23,2,7.9
24,23,2,8.11
25,23,2,7.08
26,23,2,7.28
27,23,2,8.52
28,23,2,8.84
29,23,2,8.47
30,23,2,9.47
31,23,2,7.21
32,23,2,7.01
33,23,2,7.07
34,23,2,7.35
35,23,2,6.8
36,23,2,8.61
37,23,2,7.68
38,23,2,7.78
39,23,2,6.41
40,23,2,7.23
41,23,2,7.63
42,23,2,8.87
43,23,2,8.01
44,23,2,7.69
45,23,2,6.07
46,23,2,7.38
47,23,2,8.63
48,23,2,7.88
49,23,2,8.0
50,23,2,7.51
51,23,2,8.71
52,23,2,7.2
53,23,2,8.68
54,23,2,7.92
55,23,2,9.09
56,23,2,6.83
57,23,2,6.82
58,23,2,9.53
59,23,2,9.36
60,23,2,8.91
61,23,2,8.36
62,23,2,8.98
63,23,2,9.61
64,23,2,9.25
65,23,2,8.26
66,23,2,10.43
67,23,2,9.57
68,23,2,10.37
69,23,2,11.39
70,23,2,10.01
71,23,2,11.13
72,23,2,10.76
73,23,2,10.42
74,23,2,9.13
75,23,2,7.36
76,23,2,9.26
77,23,2,9.33
78,23,2,8.62
79,23,2,8.67
80,23,2,7.69
81,23,2,8.83
82,23,2,9.19
83,23,2,9.01
84,23,2,9.14
85,23,2,8.42
86,23,2,7.07
87,23,2,8.27
88,23,2,8.34
89,23,2,7.21
90,23,2,8.32
91,23,2,8.12
92,23,2,8.14
93,23,2,6.95
94,23,2,7.65
95,23,2,7.36
96,23,2,8.4
97,23,2,7.3
98,23,2,6.99
99,23,2,8.32
0,24,2,8.7
1,24,2,7.15
2,24,2,8.51
3,24,2,7.37
4,24,2,8.65
5,24,2,7.22
6,24,2,6.79
7,24,2,8.2
8,24,2,8.83
9,24,2,6.24
10,24,2,8.3
11,24,2,8.21
12,24,2,6.75
13,24,2,7.23
14,24,2,6.5
15,24,2,9.1
16,24,2,8.99
17,24,2,7.23
18,24,2,8.95
19,24,2,8.83
20,24,2,7.28
21,24,2,7.51
22,24,2,5.91
23,24,2,8.39
24,24,2,6.84
25,24,2,8.22
26,24,2,8.73
27,24,2,8.21
28,24,2,9.61
29,24,2,5.84
30,24,2,6.37
31,24,2,8.18
32,24,2,6.51
33,24,2,6.32
34,24,2,8.68
35,24,2,7.86
36,24,2,8.86
37,24,2,7.31
38,24,2,7.59
39,24,2,8.4
40,24,2,8.17
41,24,2,8.22
42,24,2,7.45
43,24,2,7.51
44,24,2,7.94
45,24,2,8.97
46,24,2,8.0
47,24,2,7.92
48,24,2,8.26
49,24,2,6.72
50,24,2,7.45
51,24,2,6.32
52,24,2,7.9
53,24,2,7.78
54,24,2,7.97
55,24,2,8.5
56,24,2,7.55
57,24,2,8.77
58,24,2,7.65
59,24,2,8.3
60,24,2,9.34
61,24,2,9.07
62,24,2,9.79
63,24,2,10.46
64,24,2,8.59
65,24,2,11.33
66,24,2,10.26
67,24,2,10.36
68,24,2,11.41
69,24,2,11.35
70,24,2,11.9
71,24,2,11.48
72,24,2,10.89
73,24,2,10.65
74,24,2,8.44
75,24,2,11.62
76,24,2,11.83
77,24,2,10.01
78,24,2,9.61
79,24,2,10.06
80,24,2,9.28
81,24,2,7.2
82,24,2,10.03
83,24,2,8.61
84,24,2,8.21
85,24,2,8.41
86,24,2,8.29
87,24,2,8.99
88,24,2,6.79
89,24,2,8.66
90,24,2,9.18
91,24,2,8.15
92,24,2,7.94
93,24,2,8.87
94,24,2,8.32
95,24,2,7.5
96,24,2,7.48
97,24,2,7.41
98,24,2,7.41
99,24,2,8.9
0,25,2,5.39
1,25,2,7.12
2,25,2,7.79
3,25,2,6.16
4,25,2,8.61
5,25,2,8.19
6,25,2,10.01
7,25,2,9.22
8,25,2,9.22
9,25,2,7.72
10,25,2,8.31
11,25,2,8.72
12,25,2,9.06
13,25,2,7.06
14,25,2,8.3
15,25,2,9.22
16,25,2,8.66
17,25,2,9.37
18,25,2,7.82
19,25,2,9.3
20,25,2,6.52
21,25,2,8.6
22,25,2,8.81
23,25,2,6.69
24,25,2,7.85
25,25,2,8.93
26,25,2,7.19
27,25,2,7.51
28,25,2,7.69
29,25,2,7.85
30,25,2,7.96
31,25,2,6.83
32,25,2,8.34
33,25,2,7.45
34,25,2,8.24
35,25,2,7.69
36,25,2,7.13
37,25,2,9.31
38,25,2,7.98
39,25,2,8.19
40,25,2,8.48
41,25,2,8.29
42,25,2,7.84
43,25,2,7.75
44,25,2,6.19
45,25,2,5.51
46,25,2,8.56
47,25,2,7.87
48,25,2,8.55
49,25,2,9.95
50,25,2,10.11
51,25,2,6.93
52,25,2,7.38
53,25,2,8.28
54,25,2,8.88
55,25,2,8.52
56,25,2,7.96
57,25,2,8.1
58,25,2,7.73
59,25,2,8.31
60,25,2,8.62
61,25,2,8.78
62,25,2,9.87
63,25,2,10.63
64,25,2,9.92
65,25,2,11.99
66,25,2,11.79
67,25,2,11.44
68,25,2,10.79
69,25,2,10.01
70,25,2,10.81
71,25,2,11.87
72,25,2,10.89
73,25,2,10.52
74,25,2,11.3
75,25,2,10.73
76,25,2,8.88
77,25,2,10.5
78,25,2,9.38
79,25,2,8.78
80,25,2,9.87
81,25,2,7.88
82,25,2,8.08
83,25,2,7.1
84,25,2,8.35
85,25,2,4.63
86,25,2,7.49
87,25,2,7.38
88,25,2,7.82
89,25,2,7.18
90,25,2,8.1
91,25,2,6.34
92,25,2,7.41
93,25,2,6.27
94,25,2,7.17
95,25,2,7.66
96,25,2,8.19
97,25,2,7.91
98,25,2,7.63
99,25,2,8.57
0,26,2,6.93
1,26,2,6.18
2,26,2,7.23
3,26,2,6.08
4,26,2,6.59
5,26,2,8.41
6,26,2,7.99
7,26,2,7.87
8,26,2,7.42
9,26,2,7.91
10,26,2,9.19
11,26,2,8.12
12,26,2,7.78
13,26,2,7.01
14,26,2,6.08
15,26,2,6.49
16,26,2,8.97
17,26,2,7.03
18,26,2,8.68
19,26,2,7.03
20,26,2,6.56
21,26,2,6.44
22,26,2,7.9
23,26,2,6.64
24,26,2,9.96
25,26,2,8.75
26,26,2,7.29
27,26,2,7.82
28,26,2,7.58
29,26,2,7.46
30,26,2,7.08
31,26,2,7.34
32,26,2,9.14
33,26,2,7.59
34,26,2,7.57
35,26,2,7.83
36,26,2,7.1
37,26,2,8.12
38,26,2,8.59
39,26,2,6.55
40,26,2,8.25
41,26,2,8.4
42,26,2,7.93
43,26,2,7.44
44,26,2,8.31
45,26,2,6.56
46,26,2,8.77
47,26,2,8.87
48,26,2,6.96
49,26,2,7.92
50,26,2,6.95
51,26,2,8.38
52,26,2,7.67
53,26,2,5.83
54,26,2,6.46
55,26,2,8.46
56,26,2,7.26
57,26,2,7.83
58,26,2,9.72
59,26,2,9.56
60,26,2,11.77
61,26,2,9.31
62,26,2,8.68
63,26,2,10.11
64,26,2,11.87
65,26,2,10.47
66,26,2,8.98
67,26,2,11.62
68,26,2,10.76
69,26,2,9.83
70,26,2,12.73
71,26,2,10.86
72,26,2,10.28
73,26,2,9.44
74,26,2,10.53
75,26,2,11.58
76,26,2,9.72
77,26,2,10.66
78,26,2,8.82
79,26,2,9.8
80,26,2,10.77
81,26,2,7.38
82,26,2,9.84
83,26,2,10.39
84,26,2,7.2
85,26,2,6.73
86,26,2,7.19
87,26,2,7.87
88,26,2,7.56
89,26,2,8.54
90,26,2,5.91
91,26,2,7.65
92,26,2,5.95
93,26,2,8.15
94,26,2,7.2
95,26,2,7.65
96,26,2,7.92
97,26,2,7.88
98,26,2,9.11
99,26,2,6.63
0,27,2,7.98
1,27,2,8.83
2,27,2,8.28
3,27,2,8.07
4,27,2,8.07
5,27,2,8.0
6,27,2,6.64
7,27,2,8.14
8,27,2,8.54
9,27,2,8.11
10,27,2,5.95
11,27,2,7.18
12,27,2,6.75
13,27,2,9.05
14,27,2,5.67
15,27,2,7.5
16,27,2,8.04
17,27,2,7.35
18,27,2,8.47
19,27,2,8.3
20,27,2,7.56
21,27,2,6.22
22,27,2,8.54
23,27,2,6.66
24,27,2,8.14
25,27,2,7.79
26,27,2,8.35
27,27,2,7.15
28,27,2,7.66
29,27,2,7.87
30,27,2,6.36
31,27,2,7.55
32,27,2,7.86
33,27,2,7.59
34,27,2,8.24
35,27,2,8.24
36,27,2,7.97
37,27,2,6.86
38,27,2,8.2
39,27,2,8.24
40,27,2,8.83
41,27,2,7.72
42,27,2,8.0
43,27,2,6.95
44,27,2,5.35
45,27,2,6.38
46,27,2,6.49
47,27,2,7.88
48,27,2,7.61
49,27,2,8.27
50,27,2,9.28
51,27,2,7.75
52,27,2,7.41
53,27,2,8.55
54,27,2,8.93
55,27,2,8.03
56,27,2,7.81
57,27,2,9.48
58,27,2,7.79
59,27,2,9.13
60,27,2,8.66
61,27,2,9.19
62,27,2,9.74
63,27,2,9.19
64,27,2,10.64
65,27,2,11.84
66,27,2,12.05
67,27,2,10.23
68,27,2,12.04
69,27,2,9.92
70,27,2,10.89
71,27,2,10.33
72,27,2,8.94
73,27,2,10.25
74,27,2,9.94
75,27,2,11.55
76,27,2,9.5
77,27,2,9.16
78,27,2,9.34
79,27,2,10.14
80,27,2,8.82
81,27,2,9.21
82,27,2,8.9
83,27,2,7.66
84,27,2,8.33
85,27,2,8.19
86,27,2,6.7
87,27,2,9.54
88,27,2,7.02
89,27,2,7.45
90,27,2,7.78
91,27,2,7.72
92,27,2,8.09
93,27,2,8.41
94,27,2,6.77
95,27,2,6.05
96,27,2,6.84
97,27,2,8.48
98,27,2,8.16
99,27,2,6.36
0,28,2,6.69
1,28,2,7.96
2,28,2,7.82
3,28,2,8.88
4,28,2,6.92
5,28,2,7.62
6,28,2,5.91
7,28,2,7.14
8,28,2,9.78
9,28,2,5.91
10,28,2,7.03
11,28,2,7.33
12,28,2,5.8
13,28,2,10.51
14,28,2,7.58
15,28,2,7.18
16,28,2,7.22
17,28,2,6.02
18,28,2,8.9
19,28,2,6.77
20,28,2,8.44
21,28,2,9.93
22,28,2,8.0
23,28,2,6.34
24,28,2,7.34
25,28,2,6.74
26,28,2,7.25
27,28,2,7.26
28,28,2,6.01
29,28,2,8.02
30,28,2,6.52
31,28,2,8.05
32,28,2,6.97
33,28,2,8.12
34,28,2,8.57
35,28,2,6.43
36,28,2,8.76
37,28,2,7.89
38,28,2,5.69
39,28,2,7.29
40,28,2,8.08
41,28,2,7.8
42,28,2,8.07
43,28,2,8.32
44,28,2,6.83
45,28,2,8.23
46,28,2,7.61
47,28,2,7.59
48,28,2,7.18
49,28,2,8.07
50,28,2,8.06
51,28,2,7.32
52,28,2,7.07
53,28,2,7.75
54,28,2,7.91
55,28,2,7.0
56,28,2,7.8
57,28,2,9.65
58,28,2,9.27
59,28,2,9.96
60,28,2,10.18
61,28,2,10.32
62,28,2,8.87
63,28,2,11.34
64,28,2,9.05
65,28,2,9.9
66,28,2,10.71
67,28,2,8.84
68,28,2,10.19
69,28,2,11.09
70,28,2,13.11
71,28,2,11.27
72,28,2,11.32
73,28,2,10.51
74,28,2,9.81
75,28,2,9.85
76,28,2,8.95
77,28,2,9.1
78,28,2,10.78
79,28,2,9.35
80,28,2,9.88
81,28,2,11.12
82,28,2,7.53
83,28,2,8.6
84,28,2,8.03
85,28,2,7.67
86,28,2,7.57
87,28,2,7.16
88,28,2,8.94
89,28,2,8.93
90,28,2,9.4
91,28,2,7.04
92,28,2,8.64
93,28,2,7.72
94,28,2,7.66
95,28,2,8.1
96,28,2,9.77
97,28,2,7.18
98,28,2,6.58
99,28,2,8.33
0,29,2,6.21
1,29,2,8.07
2,29,2,7.07
3,29,2,7.81
4,29,2,8.69
5,29,2,6.45
6,29,2,8.06
7,29,2,7.76
8,29,2,8.61
9,29,2,7.21
10,29,2,7.24
11,29,2,6.58
12,29,2,10.27
13,29,2,8.71
14,29,2,8.88
15,29,2,6.56
16,29,2,6.77
17,29,2,8.08
18,29,2,7.83
19,29,2,6.79
20,29,2,7.45
21,29,2,7.29
22,29,2,6.98
23,29,2,6.8
24,29,2,5.05
25,29,2,7.47
26,29,2,7.31
27,29,2,9.36
28,29,2,7.41
29,29,2,7.67
30,29,2,8.55
31,29,2,6.36
32,29,2,6.74
33,29,2,8.82
34,29,2,7.58
35,29,2,7.12
36,29,2,7.15
37,29,2,9.55
38,29,2,6.42
39,29,2,7.15
40,29,2,7.32
41,29,2,6.85
42,29,2,6.59
43,29,2,9.07
44,29,2,8.51
45,29,2,7.01
46,29,2,9.41
47,29,2,7.64
48,29,2,7.74
49,29,2,7.61
50,29,2,7.57
51,29,2,7.98
52,29,2,8.4
53,29,2,7.97
54,29,2,7.39
55,29,2,7.95
56,29,2,7.32
57,29,2,7.41
58,29,2,8.97
59,29,2,9.47
60,29,2,10.07
61,29,2,8.73
62,29,2,10.2
63,29,2,8.6
64,29,2,9.19
65,29,2,10.54
66,29,2,10.53
67,29,2,10.37
68,29,2,11.46
69,29,2,9.93
70,29,2,10.54
71,29,2,11.88
72,29,2,11.04
73,29,2,11.02
74,29,2,11.78
75,29,2,10.69
76,29,2,11.48
77,29,2,11.51
78,29,2,9.33
79,29,2,9.18
80,29,2,9.6
81,29,2,10.32
82,29,2,8.97
83,29,2,7.01
84,29,2,8.88
85,29,2,8.39
86,29,2,6.87
87,29,2,9.46
88,29,2,8.49
89,29,2,7.08
90,29,2,7.21
91,29,2,7.67
92,29,2,6.58
93,29,2,6.63
94,29,2,7.59
95,29,2,8.32
96,29,2,8.23
97,29,2,8.04
98,29,2,9.56
99,29,2,6.89
0,30,2,8.05
1,30,2,7.44
2,30,2,7.74
3,30,2,7.37
4,30,2,6.59
5,30,2,8.62
6,30,2,7.54
7,30,2,8.26
8,30,2,9.0
9,30,2,7.16
10,30,2,9.84
11,30,2,6.46
12,30,2,7.01
13,30,2,7.73
14,30,2,9.62
15,30,2,8.0
16,30,2,7.08
17,30,2,7.63
18,30,2,8.61
19,30,2,8.47
20,30,2,8.59
21,30,2,5.75
22,30,2,6.28
23,30,2,7.43
24,30,2,7.49
25,30,2,7.26
26,30,2,7.2
27,30,2,8.35
28,30,2,5.93
29,30,2,7.89
30,30,2,8.49
31,30,2,8.85
32,30,2,8.64
33,30,2,8.09
34,30,2,7.67
35,30,2,9.03
36,30,2,7.33
37,30,2,6.83
38,30,2,9.01
39,30,2,5.65
40,30,2,8.55
41,30,2,9.03
42,30,2,9.52
43,30,2,8.3
44,30,2,7.56
45,30,2,8.11
46,30,2,7.61
47,30,2,7.86
48,30,2,7.81
49,30,2,6.65
50,30,2,9.13
51,30,2,9.34
52,30,2,8.67
53,30,2,7.33
54,30,2,7.74
55,30,2,8.0
56,30,2,7.72
57,30,2,8.02
58,30,2,8.45
59,30,2,8.23
60,30,2,9.79
61,30,2,10.38
62,30,2,8.95
63,30,2,10.46
64,30,2,10.09
65,30,2,11.01
66,30,2,10.38
67,30,2,10.31
68,30,2,10.82
69,30,2,10.75
70,30,2,10.68
71,30,2,10.54
72,30,2,10.73
73,30,2,12.69
74,30,2,10.78
75,30,2,10.73
76,30,2,10.05
77,30,2,11.33
78,30,2,8.95
79,30,2,9.89
80,30,2,8.59
81,30,2,7.3
82,30,2,9.25
83,30,2,7.52
84,30,2,8.08
85,30,2,6.28
86,30,2,7.71
87,30,2,7.74
88,30,2,7.27
89,30,2,9.32
90,30,2,8.26
91,30,2,8.59
92,30,2,6.93
93,30,2,6.54
94,30,2,5.53
95,30,2,8.81
96,30,2,8.86
97,30,2,7.01
98,30,2,7.8
99,30,2,7.87
0,31,2,7.51
1,31,2,8.98
2,31,2,6.99
3,31,2,6.13
4,31,2,7.21
5,31,2,6.26
6,31,2,6.79
7,31,2,8.04
8,31,2,8.95
9,31,2,7.38
10,31,2,7.11
11,31,2,8.32
12,31,2,8.97
13,31,2,8.02
14,31,2,5.83
15,31,2,8.14
16,31,2,8.62
17,31,2,6.89
18,31,2,8.25
19,31,2,7.86
20,31,2,6.81
21,31,2,7.48
22,31,2,6.96
23,31,2,7.32
24,31,2,7.3
25,31,2,9.44
26,31,2,7.39
27,31,2,7.83
28,31,2,6.35
29,31,2,6.45
30,31,2,7.02
31,31,2,7.22
32,31,2,8.25
33,31,2,8.07
34,31,2,8.28
35,31,2,8.29
36,31,2,7.44
37,31,2,7.96
38,31,2,8.9
39,31,2,8.46
40,31,2,8.84
41,31,2,7.72
42,31,2,8.39
43,31,2,7.89
44,31,2,8.23
45,31,2,5.78
46,31,2,8.4
47,31,2,5.58
48,31,2,7.99
49,31,2,7.22
50,31,2,7.04
51,31,2,9.74
52,31,2,7.47
53,31,2,8.43
54,31,2,8.75
55,31,2,8.36
56,31,2,8.16
57,31,2,7.9
58,31,2,7.14
59,31,2,8.78
60,31,2,8.6
61,31,2,10.05
62,31,2,9.22
63,31,2,9.97
64,31,2,9.72
65,31,2,10.17
66,31,2,9.63
67,31,2,11.49
68,31,2,9.45
69,31,2,12.69
70,31,2,10.96
71,31,2,11.8
72,31,2,10.34
73,31,2,10.58
74,31,2,11.77
75,31,2,10.14
76,31,2,9.67
77,31,2,9.5
78,31,2,7.96
79,31,2,10.39
80,31,2,8.18
81,31,2,8.02
82,31,2,7.92
83,31,2,6.64
84,31,2,7.26
85,31,2,8.45
86,31,2,6.75
87,31,2,8.55
88,31,2,6.43
89,31,2,7.31
90,31,2,7.1
91,31,2,7.52
92,31,2,6.43
93,31,2,8.64
94,31,2,7.13
95,31,2,9.51
96,31,2,7.01
97,31,2,7.7
98,31,2,7.61
99,31,2,7.72
0,32,2,7.44
1,32,2,6.45
2,32,2,8.09
3,32,2,7.26
4,32,2,8.78
5,32,2,7.32
6,32,2,7.11
7,32,2,8.97
8,32,2,8.04
9,32,2,5.98
10,32,2,8.28
11,32,2,7.4
12,32,2,6.59
13,32,2,5.42
14,32,2,8.37
15,32,2,5.68
16,32,2,8.53
17,32,2,7.31
18,32,2,7.99
19,32,2,6.52
20,32,2,8.13
21,32,2,6.95
22,32,2,8.48
23,32,2,6.88
24,32,2,8.72
25,32,2,9.13
26,32,2,7.5
27,32,2,7.27
28,32,2,7.99
29,32,2,8.81
30,32,2,8.35
31,32,2,7.94
32,32,2,9.29
33,32,2,6.83
34,32,2,8.42
35,32,2,6.75
36,32,2,6.29
37,32,2,8.91
38,32,2,7.82
39,32,2,7.43
40,32,2,9.08
41,32,2,5.71
42,32,2,8.32
43,32,2,6.7
44,32,2,7.3
45,32,2,6.99
46,32,2,6.23
47,32,2,8.27
48,32,2,7.46
49,32,2,9.06
50,32,2,9.2
51,32,2,8.15
52,32,2,9.52
53,32,2,8.27
54,32,2,8.26
55,32,2,6.98
56,32,2,8.09
57,32,2,7.58
58,32,2,9.34
59,32,2,9.49
60,32,2,9.45
61,32,2,8.69
62,32,2,11.2
63,32,2,9.35
64,32,2,9.07
65,32,2,10.09
66,32,2,11.11
67,32,2,11.21
68,32,2,10.58
69,32,2,10.54
70,32,2,10.25
71,32,2,10.67
72,32,2,11.06
73,32,2,12.1
74,32,2,11.86
75,32,2,11.59
76,32,2,11.48
77,32,2,11.44
78,32,2,9.91
79,32,2,8.21
80,32,2,10.01
81,32,2,8.26
82,32,2,8.22
83,32,2,7.68
84,32,2,7.36
85,32,2,7.22
86,32,2,8.12
87,32,2,9.27
88,32,2,9.17
89,32,2,7.31
90,32,2,7.93
91,32,2,6.29
92,32,2,8.24
93,32,2,7.27
94,32,2,8.0
95,32,2,8.32
96,32,2,7.21
97,32,2,7.78
98,32,2,8.55
99,32,2,7.45
0,33,2,8.74
1,33,2,7.35
2,33,2,6.26
3,33,2,7.72
4,33,2,7.19
5,33,2,7.57
6,33,2,7.89
7,33,2,9.05
8,33,2,8.79
9,33,2,8.16
10,33,2,7.66
11,33,2,6.54
12,33,2,5.84
13,33,2,9.09
14,33,2,5.83
15,33,2,6.24
16,33,2,8.18
17,33,2,8.46
18,33,2,8.99
19,33,2,7.61
20,33,2,6.96
21,33,2,8.36
22,33,2,6.03
23,33,2,8.82
24,33,2,7.37
25,33,2,8.2
26,33,2,7.6
27,33,2,8.29
28,33,2,7.1
29,33,2,7.84
30,33,2,7.43
31,33,2,7.37
32,33,2,6.81
33,33,2,8.71
34,33,2,8.92
35,33,2,7.48
36,33,2,9.1
37,33,2,8.4
38,33,2,9.22
39,33,2,6.72
40,33,2,7.04
41,33,2,8.17
42,33,2,7.39
43,33,2,7.61
44,33,2,8.55
45,33,2,8.61
46,33,2,8.14
47,33,2,7.9
48,33,2,7.6
49,33,2,6.44
50,33,2,8.01
51,33,2,9.18
52,33,2,8.06
53,33,2,9.35
54,33,2,9.89
55,33,2,7.44
56,33,2,6.44
57,33,2,9.41
58,33,2,9.8
59,33,2,8.01
60,33,2,8.04
61,33,2,11.3
62,33,2,9.89
63,33,2,9.26
64,33,2,9.33
65,33,2,9.28
66,33,2,11.74
67,33,2,11.78
68,33,2,11.69
69,33,2,9.36
70,33,2,10.74
71,33,2,11.0
72,33,2,10.21
73,33,2,9.59
74,33,2,10.96
75,33,2,10.58
76,33,2,9.26
77,33,2,10.54
78,33,2,8.75
79,33,2,9.61
80,33,2,9.29
81,33,2,8.28
82,33,2,7.85
83,33,2,8.96
84,33,2,7.28
85,33,2,7.98
86,33,2,7.88
87,33,2,8.17
88,33,2,9.45
89,33,2,8.24
90,33,2,7.24
91,33,2,7.44
92,33,2,8.48
93,33,2,8.83
94,33,2,6.49
95,33,2,8.33
96,33,2,7.02
97,33,2,8.0
98,33,2,8.14
99,33,2,8.79
0,34,2,7.32
1,34,2,9.08
2,34,2,9.45
3,34,2,9.01
4,34,2,7.64
5,34,2,7.88
6,34,2,8.28
7,34,2,7.82
8,34,2,8.83
9,34,2,8.15
10,34,2,7.61
11,34,2,7.65
12,34,2,9.54
13,34,2,8.43
14,34,2,7.84
15,34,2,9.18
16,34,2,7.16
17,34,2,7.97
18,34,2,7.65
19,34,2,7.8
20,34,2,7.16
21,34,2,7.98
22,34,2,7.44
23,34,2,6.72
24,34,2,8.13
25,34,2,7.35
26,34,2,7.93
27,34,2,7.42
28,34,2,9.07
29,34,2,6.52
30,34,2,7.54
31,34,2,7.81
32,34,2,6.87
33,34,2,7.34
34,34,2,8.95
35,34,2,7.92
36,34,2,8.57
37,34,2,8.35
38,34,2,7.1
39,34,2,8.5
40,34,2,6.63
41,34,2,7.9
42,34,2,7.64
43,34,2,7.93
44,34,2,8.1
45,34,2,7.24
46,34,2,7.38
47,34,2,7.79
48,34,2,6.83
49,34,2,8.02
50,34,2,7.08
51,34,2,7.71
52,34,2,6.65
53,34,2,7.63
54,34,2,7.14
55,34,2,7.94
56,34,2,8.65
57,34,2,8.8
58,34,2,9.14
59,34,2,9.2
60,34,2,6.59
61,34,2,10.08
62,34,2,10.19
63,34,2,10.38
64,34,2,11.44
65,34,2,11.32
66,34,2,10.92
67,34,2,12.48
68,34,2,11.32
69,34,2,10.37
70,34,2,9.27
71,34,2,10.45
72,34,2,10.62
73,34,2,10.74
74,34,2,9.45
75,34,2,10.63
76,34,2,10.0
77,34,2,11.05
78,34,2,10.51
79,34,2,10.11
80,34,2,8.7
81,34,2,8.9
82,34,2,7.79
83,34,2,7.96
84,34,2,7.6
85,34,2,8.24
86,34,2,8.09
87,34,2,5.91
88,34,2,7.16
89,34,2,5.32
90,34,2,8.59
91,34,2,7.74
92,34,2,8.94
93,34,2,8.62
94,34,2,5.6
95,34,2,6.4
96,34,2,7.52
97,34,2,6.8
98,34,2,7.96
99,34,2,7.48
0,35,2,8.07
1,35,2,7.81
2,35,2,7.89
3,35,2,9.43
4,35,2,8.91
5,35,2,9.84
6,35,2,7.74
7,35,2,9.21
8,35,2,7.48
9,35,2,8.23
10,35,2,7.74
11,35,2,8.98
12,35,2,8.3
13,35,2,8.07
14,35,2,8.62
15,35,2,8.11
16,35,2,5.8
17,35,2,8.44
18,35,2,8.34
19,35,2,9.34
20,35,2,7.68
21,35,2,5.79
22,35,2,7.01
23,35,2,8.53
24,35,2,9.01
25,35,2,8.45
26,35,2,6.21
27,35,2,8.36
28,35,2,7.07
29,35,2,6.63
30,35,2,7.16
31,35,2,8.15
32,35,2,7.62
33,35,2,8.87
34,35,2,7.76
35,35,2,5.95
36,35,2,6.98
37,35,2,7.24
38,35,2,7.57
39,35,2,8.1
40,35,2,5.97
41,35,2,7.94
42,35,2,8.73
43,35,2,7.86
44,35,2,9.23
45,35,2,8.32
46,35,2,7.96
47,35,2,6.98
48,35,2,7.84
49,35,2,8.96
50,35,2,7.64
51,35,2,8.19
52,35,2,7.73
53,35,2,7.28
54,35,2,7.89
55,35,2,8.03
56,35,2,8.51
57,35,2,7.28
58,35,2,7.8
59,35,2,8.18
60,35,2,8.38
61,35,2,9.61
62,35,2,8.89
63,35,2,10.2
64,35,2,9.25
65,35,2,11.68
66,35,2,11.17
67,35,2,11.4
68,35,2,10.17
69,35,2,11.29
70,35,2,9.0
71,35,2,11.33
72,35,2,10.15
73,35,2,10.26
74,35,2,10.63
75,35,2,9.13
76,35,2,9.01
77,35,2,9.44
78,35,2,8.76
79,35,2,9.55
80,35,2,8.81
81,35,2,8.2
82,35,2,7.55
83,35,2,8.9
84,35,2,7.59
85,35,2,9.15
86,35,2,6.57
87,35,2,8.22
88,35,2,8.3
89,35,2,6.67
90,35,2,7.89
91,35,2,7.67
92,35,2,8.28
93,35,2,7.94
94,35,2,6.19
95,35,2,7.5
96,35,2,7.73
97,35,2,8.77
98,35,2,8.13
99,35,2,8.86
0,36,2,8.91
1,36,2,7.78
2,36,2,8.37
3,36,2,8.06
4,36,2,8.02
5,36,2,8.29
6,36,2,7.81
7,36,2,7.78
8,36,2,8.26
9,36,2,7.95
10,36,2,7.91
11,36,2,6.88
12,36,2,8.17
13,36,2,7.37
14,36,2,7.06
15,36,2,7.62
16,36,2,7.88
17,36,2,7.76
18,36,2,7.52
19,36,2,6.89
20,36,2,8.03
21,36,2,8.3
22,36,2,8.16
23,36,2,8.99
24,36,2,8.19
25,36,2,7.54
26,36,2,8.71
27,36,2,8.29
28,36,2,8.96
29,36,2,8.75
30,36,2,6.39
31,36,2,8.3
32,36,2,7.86
33,36,2,6.37
34,36,2,7.6
35,36,2,7.62
36,36,2,8.58
37,36,2,8.08
38,36,2,5.85
39,36,2,8.12
40,36,2,8.1
41,36,2,7.98
42,36,2,7.46
43,36,2,7.01
44,36,2,7.27
45,36,2,9.28
46,36,2,6.31
47,36,2,7.76
48,36,2,7.17
49,36,2,6.56
50,36,2,7.52
51,36,2,7.22
52,36,2,9.27
53,36,2,7.18
54,36,2,8.96
55,36,2,7.36
56,36,2,7.86
57,36,2,6.98
58,36,2,8.39
59,36,2,8.98
60,36,2,7.84
61,36,2,8.95
62,36,2,9.11
63,36,2,9.75
64,36,2,8.11
65,36,2,11.29
66,36,2,9.49
67,36,2,10.69
68,36,2,10.01
69,36,2,9.56
70,36,2,11.65
71,36,2,10.37
72,36,2,10.42
73,36,2,9.19
74,36,2,10.02
75,36,2,10.38
76,36,2,9.75
77,36,2,10.93
78,36,2,9.41
79,36,2,7.16
80,36,2,9.22
81,36,2,8.16
82,36,2,8.18
83,36,2,8.04
84,36,2,8.05
85,36,2,8.57
86,36,2,7.13
87,36,2,8.04
88,36,2,8.88
89,36,2,7.53
90,36,2,7.99
91,36,2,9.89
92,36,2,8.25
93,36,2,9.83
94,36,2,7.39
95,36,2,6.03
96,36,2,6.74
97,36,2,6.37
98,36,2,7.93
99,36,2,8.73
0,37,2,5.9
1,37,2,7.74
2,37,2,7.26
3,37,2,6.86
4,37,2,6.52
5,37,2,6.72
6,37,2,6.5
7,37,2,8.32
8,37,2,7.27
9,37,2,8.29
10,37,2,8.61
11,37,2,7.01
12,37,2,6.89
13,37,2,7.82
14,37,2,9.24
15,37,2,7.72
16,37,2,7.13
17,37,2,8.45
18,37,2,7.45
19,37,2,9.0
20,37,2,8.32
21,37,2,6.35
22,37,2,8.74
23,37,2,6.78
24,37,2,8.0
25,37,2,5.03
26,37,2,8.39
27,37,2,8.61
28,37,2,8.6
29,37,2,6.99
30,37,2,6.99
31,37,2,7.04
32,37,2,8.84
33,37,2,8.39
34,37,2,8.21
35,37,2,7.67
36,37,2,7.5
37,37,2,6.59
38,37,2,7.99
39,37,2,8.11
40,37,2,7.56
41,37,2,8.26
42,37,2,7.53
43,37,2,7.08
44,37,2,7.77
45,37,2,7.84
46,37,2,7.18
47,37,2,6.18
48,37,2,8.99
49,37,2,8.27
50,37,2,8.8
51,37,2,7.09
52,37,2,8.25
53,37,2,7.17
54,37,2,7.84
55,37,2,7.44
56,37,2,6.51
57,37,2,9.82
58,37,2,7.98
59,37,2,9.9
60,37,2,6.5
61,37,2,9.6
62,37,2,9.39
63,37,2,9.42
64,37,2,9.7
65,37,2,11.1
66,37,2,12.3
67,37,2,11.04
68,37,2,9.9
69,37,2,10.18
70,37,2,9.93
71,37,2,10.97
72,37,2,10.47
73,37,2,8.56
74,37,2,9.95
75,37,2,8.92
76,37,2,8.93
77,37,2,10.72
78,37,2,9.19
79,37,2,7.69
80,37,2,9.48
81,37,2,8.46
82,37,2,8.41
83,37,2,8.23
84,37,2,6.43
85,37,2,8.93
86,37,2,6.52
87,37,2,7.05
88,37,2,6.66
89,37,2,9.27
90,37,2,9.6
91,37,2,8.49
92,37,2,7.02
93,37,2,7.81
94,37,2,6.6
95,37,2,7.5
96,37,2,7.49
97,37,2,8.26
98,37,2,9.26
99,37,2,8.06
0,38,2,6.95
1,38,2,6.73
2,38,2,9.15
3,38,2,7.54
4,38,2,7.19
5,38,2,10.02
6,38,2,6.95
7,38,2,9.13
8,38,2,8.74
9,38,2,7.79
10,38,2,10.36
11,38,2,7.17
12,38,2,8.06
13,38,2,8.84
14,38,2,7.89
15,38,2,8.52
16,38,2,7.47
17,38,2,7.96
18,38,2,7.62
19,38,2,7.54
20,38,2,7.63
21,38,2,6.04
22,38,2,7.73
23,38,2,8.37
24,38,2,9.78
25,38,2,7.61
26,38,2,7.82
27,38,2,8.5
28,38,2,7.73
29,38,2,6.66
30,38,2,7.03
31,38,2,9.13
32,38,2,7.91
33,38,2,5.66
34,38,2,7.57
35,38,2,7.52
36,38,2,7.98
37,38,2,9.22
38,38,2,8.45
39,38,2,6.7
40,38,2,8.05
41,38,2,9.38
42,38,2,8.47
43,38,2,8.37
44,38,2,8.51
45,38,2,6.17
46,38,2,8.24
47,38,2,8.62
48,38,2,6.78
49,38,2,7.95
50,38,2,5.88
51,38,2,6.81
52,38,2,8.8
53,38,2,7.81
54,38,2,7.92
55,38,2,6.9
56,38,2,7.38
57,38,2,8.01
58,38,2,7.61
59,38,2,8.52
60,38,2,7.96
61,38,2,7.54
62,38,2,8.19
63,38,2,9.5
64,38,2,8.85
65,38,2,7.49
66,38,2,10.2
67,38,2,9.27
68,38,2,10.71
69,38,2,10.51
70,38,2,8.93
71,38,2,9.86
72,38,2,8.33
73,38,2,9.9
74,38,2,11.2
75,38,2,9.65
76,38,2,10.11
77,38,2,10.36
78,38,2,10.82
79,38,2,8.73
80,38,2,7.72
81,38,2,8.12
82,38,2,7.54
83,38,2,8.0
84,38,2,7.55
85,38,2,7.38
86,38,2,7.23
87,38,2,6.45
88,38,2,7.02
89,38,2,7.15
90,38,2,8.95
91,38,2,8.51
92,38,2,8.63
93,38,2,7.66
94,38,2,6.87
95,38,2,8.12
96,38,2,6.64
97,38,2,8.18
98,38,2,8.77
99,38,2,6.39
0,39,2,7.86
1,39,2,7.71
2,39,2,6.58
3,39,2,6.36
4,39,2,8.13
5,39,2,7.51
6,39,2,7.5
7,39,2,8.38
8,39,2,6.65
9,39,2,8.26
10,39,2,7.12
11,39,2,8.03
12,39,2,7.33
13,39,2,8.18
14,39,2,8.19
15,39,2,9.89
16,39,2,8.53
17,39,2,8.16
18,39,2,8.15
19,39,2,7.36
20,39,2,8.87
21,39,2,7.7
22,39,2,9.14
23,39,2,8.88
24,39,2,8.2
25,39,2,6.71
26,39,2,6.8
27,39,2,9.58
28,39,2,8.48
29,39,2,6.83
30,39,2,6.93
31,39,2,7.14
32,39,2,6.79
33,39,2,8.85
34,39,2,8.97
35,39,2,7.3
36,39,2,6.87
37,39,2,7.14
38,39,2,7.99
39,39,2,7.12
40,39,2,8.01
41,39,2,8.12
42,39,2,9.35
43,39,2,5.61
44,39,2,8.54
45,39,2,9.45
46,39,2,7.44
47,39,2,6.88
48,39,2,6.63
49,39,2,6.39
50,39,2,9.07
51,39,2,8.39
52,39,2,8.49
53,39,2,7.79
54,39,2,8.15
55,39,2,8.37
56,39,2,7.57
57,39,2,8.75
58,39,2,7.32
59,39,2,9.56
60,39,2,8.97
61,39,2,8.59
62,39,2,9.39
63,39,2,9.37
64,39,2,8.48
65,39,2,8.08
66,39,2,10.73
67,39,2,8.44
68,39,2,9.39
69,39,2,9.18
70,39,2,9.85
71,39,2,10.57
72,39,2,9.72
73,39,2,8.19
74,39,2,8.46
75,39,2,9.41
76,39,2,7.75
77,39,2,10.82
78,39,2,8.63
79,39,2,7.38
80,39,2,8.41
81,39,2,8.94
82,39,2,8.93
83,39,2,9.02
84,39,2,7.06
85,39,2,7.72
86,39,2,7.77
87,39,2,7.32
88,39,2,7.7
89,39,2,7.58
90,39,2,7.25
91,39,2,8.15
92,39,2,8.5
93,39,2,8.3
94,39,2,7.89
95,39,2,8.71
96,39,2,6.37
97,39,2,7.08
98,39,2,7.17
99,39,2,8.34
0,40,2,8.18
1,40,2,9.28
2,40,2,7.86
3,40,2,8.93
4,40,2,7.7
5,40,2,7.92
6,40,2,8.3
7,40,2,7.64
8,40,2,8.28
9,40,2,6.8
10,40,2,7.03
11,40,2,8.63
12,40,2,7.56
13,40,2,6.45
14,40,2,7.23
15,40,2,7.3
16,40,2,7.96
17,40,2,8.13
18,40,2,7.97
19,40,2,6.29
20,40,2,7.27
21,40,2,5.96
22,40,2,9.66
23,40,2,7.22
24,40,2,8.59
25,40,2,7.2
26,40,2,8.06
27,40,2,5.73
28,40,2,8.28
29,40,2,8.05
30,40,2,6.36
31,40,2,8.53
32,40,2,7.62
33,40,2,7.77
34,40,2,6.82
35,40,2,8.95
36,40,2,8.19
37,40,2,6.08
38,40,2,9.44
39,40,2,8.04
40,40,2,6.84
41,40,2,7.04
42,40,2,7.29
43,40,2,8.35
44,40,2,7.31
45,40,2,8.47
46,40,2,7.34
47,40,2,8.62
48,40,2,7.31
49,40,2,8.63
50,40,2,6.68
51,40,2,8.83
52,40,2,8.24
53,40,2,7.63
54,40,2,8.39
55,40,2,7.85
56,40,2,9.88
57,40,2,8.7
58,40,2,7.27
59,40,2,8.99
60,40,2,7.56
61,40,2,9.02
62,40,2,8.32
63,40,2,9.88
64,40,2,10.15
65,40,2,10.08
66,40,2,8.08
67,40,2,8.32
68,40,2,8.78
69,40,2,9.43
70,40,2,8.72
71,40,2,10.49
72,40,2,9.06
73,40,2,7.96
74,40,2,9.76
75,40,2,8.95
76,40,2,6.63
77,40,2,8.72
78,40,2,8.92
79,40,2,9.36
80,40,2,8.86
81,40,2,8.31
82,40,2,8.53
83,40,2,7.79
84,40,2,8.17
85,40,2,6.09
86,40,2,7.64
87,40,2,7.53
88,40,2,7.08
89,40,2,7.38
90,40,2,7.82
91,40,2,6.23
92,40,2,6.45
93,40,2,8.91
94,40,2,5.94
95,40,2,8.36
96,40,2,6.72
97,40,2,6.47
98,40,2,8.34
99,40,2,7.93
0,41,2,6.96
1,41,2,7.18
2,41,2,5.99
3,41,2,8.08
4,41,2,7.67
5,41,2,8.87
6,41,2,6.02
7,41,2,8.68
8,41,2,7.33
9,41,2,6.93
10,41,2,7.66
11,41,2,7.25
12,41,2,9.15
13,41,2,9.01
14,41,2,9.06
15,41,2,8.94
16,41,2,9.53
17,41,2,8.03
18,41,2,7.92
19,41,2,9.28
20,41,2,7.84
21,41,2,7.17
22,41,2,7.16
23,41,2,8.13
24,41,2,9.27
25,41,2,9.62
26,41,2,6.48
27,41,2,7.99
28,41,2,9.0
29,41,2,8.67
30,41,2,5.75
31,41,2,6.98
32,41,2,8.18
33,41,2,7.57
34,41,2,6.19
35,41,2,7.31
36,41,2,7.0
37,41,2,7.92
38,41,2,6.24
39,41,2,7.04
40,41,2,6.58
41,41,2,7.13
42,41,2,6.32
43,41,2,7.83
44,41,2,6.64
45,41,2,6.66
46,41,2,8.64
47,41,2,7.37
48,41,2,7.21
49,41,2,7.18
50,41,2,7.27
51,41,2,6.12
52,41,2,7.68
53,41,2,8.6
54,41,2,7.78
55,41,2,7.38
56,41,2,6.45
57,41,2,7.5
58,41,2,9.28
59,41,2,10.0
60,41,2,8.33
61,41,2,7.1
62,41,2,7.34
63,41,2,7.67
64,41,2,8.04
65,41,2,9.1
66,41,2,8.87
67,41,2,7.36
68,41,2,9.5
69,41,2,10.54
70,41,2,8.45
71,41,2,8.59
72,41,2,9.24
73,41,2,8.89
74,41,2,9.67
75,41,2,7.62
76,41,2,7.07
77,41,2,9.51
78,41,2,7.85
79,41,2,7.66
80,41,2,10.97
81,41,2,8.16
82,41,2,7.43
83,41,2,6.41
84,41,2,7.48
85,41,2,7.21
86,41,2,8.16
87,41,2,9.16
88,41,2,7.54
89,41,2,8.3
90,41,2,8.62
91,41,2,8.64
92,41,2,8.83
93,41,2,7.58
94,41,2,8.5
95,41,2,6.58
96,41,2,7.72
97,41,2,6.38
98,41,2,8.28
99,41,2,8.83
0,42,2,9.04
1,42,2,8.74
2,42,2,7.67
3,42,2,7.4
4,42,2,8.98
5,42,2,8.15
6,42,2,6.31
7,42,2,8.11
8,42,2,9.77
9,42,2,6.4
10,42,2,7.36
11,42,2,7.4
12,42,2,7.22
13,42,2,8.57
14,42,2,7.87
15,42,2,8.35
16,42,2,7.91
17,42,2,6.42
18,42,2,5.74
19,42,2,7.37
20,42,2,8.01
21,42,2,8.58
22,42,2,8.23
23,42,2,6.58
24,42,2,6.34
25,42,2,8.36
26,42,2,6.3
27,42,2,7.22
28,42,2,7.78
29,42,2,8.41
30,42,2,8.78
31,42,2,8.04
32,42,2,7.79
33,42,2,7.18
34,42,2,7.97
35,42,2,9.21
36,42,2,5.86
37,42,2,8.55
38,42,2,8.71
39,42,2,7.04
40,42,2,9.04
41,42,2,7.49
42,42,2,8.15
43,42,2,6.82
44,42,2,8.47
45,42,2,8.6
46,42,2,6.64
47,42,2,8.75
48,42,2,8.38
49,42,2,9.46
50,42,2,7.32
51,42,2,5.96
52,42,2,7.51
53,42,2,6.98
54,42,2,7.62
55,42,2,7.55
56,42,2,8.28
57,42,2,7.45
58,42,2,8.3
59,42,2,8.12
60,42,2,9.11
61,42,2,6.86
62,42,2,10.4
63,42,2,8.37
64,42,2,8.42
65,42,2,8.84
66,42,2,9.31
67,42,2,7.74
68,42,2,9.78
69,42,2,10.39
70,42,2,8.1
71,42,2,8.05
72,42,2,8.26
73,42,2,8.37
74,42,2,6.89
75,42,2,7.4
76,42,2,7.82
77,42,2,9.21
78,42,2,7.93
79,42,2,8.98
80,42,2,7.56
81,42,2,9.71
82,42,2,5.61
83,42,2,10.08
84,42,2,7.89
85,42,2,7.33
86,42,2,6.46
87,42,2,8.19
88,42,2,8.33
89,42,2,6.46
90,42,2,8.9
91,42,2,8.71
92,42,2,8.11
93,42,2,8.32
94,42,2,8.03
95,42,2,7.37
96,42,2,7.89
97,42,2,8.23
98,42,2,8.46
99,42,2,7.64
0,43,2,8.75
1,43,2,8.97
2,43,2,8.17
3,43,2,9.62
4,43,2,7.31
5,43,2,8.2
6,43,2,8.37
7,43,2,8.02
8,43,2,6.68
9,43,2,7.93
10,43,2,7.08
11,43,2,8.44
12,43,2,6.92
13,43,2,8.8
14,43,2,7.16
15,43,2,7.1
16,43,2,6.98
17,43,2,6.91
18,43,2,7.78
19,43,2,6.82
20,43,2,6.53
21,43,2,8.41
22,43,2,8.42
23,43,2,7.37
24,43,2,7.31
25,43,2,8.12
26,43,2,7.84
27,43,2,6.4
28,43,2,9.13
29,43,2,9.96
30,43,2,7.77
31,43,2,7.28
32,43,2,7.83
33,43,2,7.75
34,43,2,8.45
35,43,2,8.12
36,43,2,6.02
37,43,2,7.89
38,43,2,8.8
39,43,2,7.42
40,43,2,6.57
41,43,2,7.47
42,43,2,7.58
43,43,2,7.57
44,43,2,7.03
45,43,2,8.87
46,43,2,5.75
47,43,2,7.23
48,43,2,7.88
49,43,2,8.07
50,43,2,7.84
51,43,2,8.48
52,43,2,5.83
53,43,2,6.81
54,43,2,9.78
55,43,2,7.42
56,43,2,7.03
57,43,2,8.61
58,43,2,7.28
59,43,2,6.61
60,43,2,7.13
61,43,2,8.16
62,43,2,8.29
63,43,2,8.49
64,43,2,6.81
65,43,2,7.7
66,43,2,8.72
67,43,2,8.14
68,43,2,9.24
69,43,2,8.77
70,43,2,6.54
71,43,2,8.66
72,43,2,7.46
73,43,2,8.05
74,43,2,8.93
75,43,2,8.54
76,43,2,8.92
77,43,2,9.82
78,43,2,7.49
79,43,2,6.91
80,43,2,8.01
81,43,2,7.23
82,43,2,7.49
83,43,2,8.23
84,43,2,7.43
85,43,2,8.18
86,43,2,9.16
87,43,2,7.36
88,43,2,9.14
89,43,2,8.99
90,43,2,7.55
91,43,2,7.41
92,43,2,7.58
93,43,2,8.69
94,43,2,8.01
95,43,2,7.66
96,43,2,7.61
97,43,2,7.09
98,43,2,8.55
99,43,2,7.15
0,44,2,6.39
1,44,2,7.66
2,44,2,8.37
3,44,2,8.36
4,44,2,6.72
5,44,2,8.11
6,44,2,7.09
7,44,2,7.63
8,44,2,7.32
9,44,2,8.96
10,44,2,8.61
11,44,2,7.27
12,44,2,7.32
13,44,2,7.11
14,44,2,6.8
15,44,2,8.25
16,44,2,6.08
17,44,2,7.52
18,44,2,9.18
19,44,2,7.89
20,44,2,7.84
21,44,2,8.77
22,44,2,6.28
23,44,2,7.41
24,44,2,7.72
25,44,2,6.27
26,44,2,7.23
27,44,2,7.65
28,44,2,7.38
29,44,2,7.56
30,44,2,6.27
31,44,2,6.73
32,44,2,6.9
33,44,2,8.0
34,44,2,6.86
35,44,2,8.84
36,44,2,8.91
37,44,2,7.42
38,44,2,7.14
39,44,2,8.07
40,44,2,7.87
41,44,2,10.21
42,44,2,7.56
43,44,2,9.97
44,44,2,7.32
45,44,2,7.73
46,44,2,8.02
47,44,2,8.89
48,44,2,7.63
49,44,2,7.53
50,44,2,8.43
51,44,2,9.69
52,44,2,7.38
53,44,2,8.88
54,44,2,7.24
55,44,2,8.35
56,44,2,7.59
57,44,2,8.44
58,44,2,8.05
59,44,2,7.69
60,44,2,8.85
61,44,2,7.96
62,44,2,7.84
63,44,2,8.5
64,44,2,9.35
65,44,2,8.93
66,44,2,7.71
67,44,2,7.76
68,44,2,6.63
69,44,2,6.59
70,44,2,8.59
71,44,2,7.8
72,44,2,7.68
73,44,2,7.17
74,44,2,7.31
75,44,2,8.19
76,44,2,8.02
77,44,2,8.59
78,44,2,9.78
79,44,2,8.72
80,44,2,8.43
81,44,2,7.76
82,44,2,7.98
83,44,2,8.2
84,44,2,7.82
85,44,2,7.29
86,44,2,8.07
87,44,2,7.94
88,44,2,6.92
89,44,2,8.67
90,44,2,8.76
91,44,2,9.13
92,44,2,7.65
93,44,2,6.6
94,44,2,7.19
95,44,2,7.91
96,44,2,7.67
97,44,2,8.9
98,44,2,7.86
99,44,2,5.49
0,45,2,7.72
1,45,2,7.25
2,45,2,8.07
3,45,2,7.19
4,45,2,8.06
5,45,2,6.37
6,45,2,6.9
7,45,2,8.13
8,45,2,7.25
9,45,2,7.78
10,45,2,7.78
11,45,2,8.5
12,45,2,8.34
13,45,2,8.66
14,45,2,7.85
15,45,2,8.03
16,45,2,7.08
17,45,2,8.1
18,45,2,7.64
19,45,2,8.7
20,45,2,8.18
21,45,2,7.52
22,45,2,7.22
23,45,2,8.0
24,45,2,9.38
25,45,2,7.29
26,45,2,8.39
27,45,2,7.73
28,45,2,9.2
29,45,2,7.35
30,45,2,7.31
31,45,2,8.33
32,45,2,9.12
33,45,2,6.67
34,45,2,7.97
35,45,2,6.98
36,45,2,8.19
37,45,2,7.32
38,45,2,7.46
39,45,2,8.88
40,45,2,7.19
41,45,2,7.37
42,45,2,8.63
43,45,2,8.41
44,45,2,7.55
45,45,2,8.77
46,45,2,8.65
47,45,2,8.66
48,45,2,6.69
49,45,2,6.55
50,45,2,9.24
51,45,2,7.34
52,45,2,8.83
53,45,2,7.12
54,45,2,8.01
55,45,2,6.41
56,45,2,6.45
57,45,2,8.22
58,45,2,8.07
59,45,2,6.45
60,45,2,8.44
61,45,2,6.12
62,45,2,6.6
63,45,2,8.27
64,45,2,8.56
65,45,2,7.06
66,45,2,8.46
67,45,2,7.94
68,45,2,6.68
69,45,2,8.65
70,45,2,9.98
71,45,2,8.98
72,45,2,8.11
73,45,2,10.09
74,45,2,10.1
75,45,2,7.63
76,45,2,8.4
77,45,2,8.5
78,45,2,6.88
79,45,2,7.25
80,45,2,7.72
81,45,2,7.61
82,45,2,7.42
83,45,2,8.65
84,45,2,7.53
85,45,2,8.73
86,45,2,7.75
87,45,2,6.61
88,45,2,7.44
89,45,2,6.74
90,45,2,8.85
91,45,2,8.6
92,45,2,7.35
93,45,2,8.49
94,45,2,7.6
95,45,2,7.3
96,45,2,8.89
97,45,2,7.87
98,45,2,7.71
99,45,2,8.21
0,46,2,8.24
1,46,2,5.93
2,46,2,8.51
3,46,2,8.02
4,46,2,8.59
5,46,2,8.68
6,46,2,8.05
7,46,2,8.36
8,46,2,7.97
9,46,2,8.92
10,46,2,7.0
11,46,2,6.1
12,46,2,7.29
13,46,2,8.8
14,46,2,9.07
15,46,2,7.85
16,46,2,7.84
17,46,2,5.55
18,46,2,7.17
19,46,2,8.41
20,46,2,5.81
21,46,2,9.19
22,46,2,10.26
23,46,2,7.66
24,46,2,8.35
25,46,2,8.41
26,46,2,7.21
27,46,2,6.74
28,46,2,7.5
29,46,2,7.56
30,46,2,7.78
31,46,2,6.75
32,46,2,8.26
33,46,2,6.62
34,46,2,7.89
35,46,2,8.01
36,46,2,7.62
37,46,2,7.12
38,46,2,6.68
39,46,2,6.69
40,46,2,8.07
41,46,2,7.48
42,46,2,8.38
43,46,2,7.81
44,46,2,7.91
45,46,2,8.2
46,46,2,8.92
47,46,2,8.35
48,46,2,8.32
49,46,2,8.68
50,46,2,7.62
51,46,2,8.6
52,46,2,7.47
53,46,2,6.32
54,46,2,9.31
55,46,2,8.04
56,46,2,8.32
57,46,2,8.09
58,46,2,8.66
59,46,2,8.0
60,46,2,9.74
61,46,2,7.81
62,46,2,8.92
63,46,2,6.8
64,46,2,7.37
65,46,2,8.04
66,46,2,8.15
67,46,2,8.05
68,46,2,7.84
69,46,2,6.99
70,46,2,8.67
71,46,2,8.09
72,46,2,9.49
73,46,2,8.97
74,46,2,9.25
75,46,2,7.61
76,46,2,7.81
77,46,2,8.59
78,46,2,7.04
79,46,2,7.89
80,46,2,7.44
81,46,2,7.75
82,46,2,7.3
83,46,2,9.25
84,46,2,7.12
85,46,2,6.86
86,46,2,9.4
87,46,2,6.58
88,46,2,7.95
89,46,2,8.37
90,46,2,8.1
91,46,2,7.06
92,46,2,7.59
93,46,2,6.15
94,46,2,9.16
95,46,2,8.88
96,46,2,7.63
97,46,2,7.93
98,46,2,7.9
99,46,2,7.4
0,47,2,7.64
1,47,2,7.69
2,47,2,9.45
3,47,2,8.24
4,47,2,7.2
5,47,2,7.7
6,47,2,7.19
7,47,2,8.59
8,47,2,9.94
9,47,2,6.68
10,47,2,7.08
11,47,2,8.25
12,47,2,7.89
13,47,2,8.02
14,47,2,6.44
15,47,2,8.15
16,47,2,8.97
17,47,2,9.54
18,47,2,6.72
19,47,2,9.0
20,47,2,8.39
21,47,2,7.51
22,47,2,7.43
23,47,2,5.39
24,47,2,7.64
25,47,2,7.43
26,47,2,8.19
27,47,2,8.58
28,47,2,6.87
29,47,2,7.51
30,47,2,9.1
31,47,2,6.74
32,47,2,7.65
33,47,2,7.63
34,47,2,7.41
35,47,2,6.77
36,47,2,9.38
37,47,2,8.43
38,47,2,8.18
39,47,2,9.14
40,47,2,6.93
41,47,2,7.81
42,47,2,7.65
43,47,2,8.46
44,47,2,6.73
45,47,2,7.14
46,47,2,7.43
47,47,2,8.36
48,47,2,6.09
49,47,2,8.95
50,47,2,7.49
51,47,2,6.43
52,47,2,7.96
53,47,2,6.43
54,47,2,7.29
55,47,2,7.64
56,47,2,7.39
57,47,2,7.54
58,47,2,7.53
59,47,2,8.72
60,47,2,6.66
61,47,2,6.63
62,47,2,6.23
63,47,2,7.04
64,47,2,9.36
65,47,2,9.02
66,47,2,9.26
67,47,2,8.02
68,47,2,8.07
69,47,2,7.52
70,47,2,7.11
71,47,2,7.42
72,47,2,7.77
73,47,2,9.56
74,47,2,7.91
75,47,2,6.89
76,47,2,7.39
77,47,2,8.28
78,47,2,6.94
79,47,2,8.99
80,47,2,9.39
81,47,2,6.08
82,47,2,7.22
83,47,2,7.81
84,47,2,8.39
85,47,2,7.76
86,47,2,5.81
87,47,2,9.57
88,47,2,9.71
89,47,2,7.46
90,47,2,8.03
91,47,2,9.9
92,47,2,7.62
93,47,2,7.91
94,47,2,7.2
95,47,2,7.93
96,47,2,6.95
97,47,2,8.02
98,47,2,8.22
99,47,2,8.98
0,48,2,7.3
1,48,2,7.46
2,48,2,7.63
3,48,2,7.16
4,48,2,6.23
5,48,2,9.21
6,48,2,8.97
7,48,2,7.48
8,48,2,8.07
9,48,2,8.24
10,48,2,8.04
11,48,2,7.61
12,48,2,7.48
13,48,2,9.67
14,48,2,8.14
15,48,2,7.59
16,48,2,7.21
17,48,2,7.81
18,48,2,8.04
19,48,2,8.59
20,48,2,8.45
21,48,2,7.62
22,48,2,6.78
23,48,2,8.34
24,48,2,7.15
25,48,2,7.58
26,48,2,6.86
27,48,2,8.14
28,48,2,9.37
29,48,2,8.54
30,48,2,7.1
31,48,2,7.23
32,48,2,7.77
33,48,2,8.92
34,48,2,8.73
35,48,2,8.59
36,48,2,8.66
37,48,2,6.08
38,48,2,6.06
39,48,2,8.19
40,48,2,7.25
41,48,2,9.23
42,48,2,6.87
43,48,2,6.84
44,48,2,8.41
45,48,2,9.31
46,48,2,6.39
47,48,2,5.12
48,48,2,7.99
49,48,2,7.12
50,48,2,6.71
51,48,2,7.9
52,48,2,8.74
53,48,2,7.64
54,48,2,8.53
55,48,2,8.36
56,48,2,5.82
57,48,2,7.97
58,48,2,7.91
59,48,2,7.83
60,48,2,9.34
61,48,2,8.08
62,48,2,8.3
63,48,2,7.91
64,48,2,5.9
65,48,2,7.81
66,48,2,6.48
67,48,2,7.06
68,48,2,9.02
69,48,2,7.62
70,48,2,7.42
71,48,2,7.76
72,48,2,7.59
73,48,2,5.76
74,48,2,7.08
75,48,2,7.89
76,48,2,8.21
77,48,2,7.14
78,48,2,7.88
79,48,2,8.88
80,48,2,5.93
81,48,2,6.88
82,48,2,7.24
83,48,2,8.22
84,48,2,8.46
85,48,2,8.64
86,48,2,8.3
87,48,2,7.39
88,48,2,8.17
89,48,2,8.72
90,48,2,7.57
91,48,2,6.29
92,48,2,7.06
93,48,2,6.81
94,48,2,8.76
95,48,2,7.71
96,48,2,8.17
97,48,2,6.11
98,48,2,8.04
99,48,2,8.41
0,49,2,7.84
1,49,2,7.12
2,49,2,7.87
3,49,2,7.55
4,49,2,6.67
5,49,2,8.9
6,49,2,8.58
7,49,2,7.66
8,49,2,8.3
9,49,2,6.91
10,49,2,7.98
11,49,2,8.88
12,49,2,7.63
13,49,2,7.63
14,49,2,6.9
15,49,2,9.14
16,49,2,8.87
17,49,2,8.28
18,49,2,7.5
19,49,2,8.3
20,49,2,7.92
21,49,2,8.12
22,49,2,7.46
23,49,2,9.72
24,49,2,7.46
25,49,2,8.53
26,49,2,6.44
27,49,2,6.22
28,49,2,8.0
29,49,2,7.42
30,49,2,6.51
31,49,2,8.72
32,49,2,7.99
33,49,2,8.7
34,49,2,9.29
35,49,2,5.96
36,49,2,7.16
37,49,2,8.44
38,49,2,7.77
39,49,2,8.41
40,49,2,7.6
41,49,2,8.73
42,49,2,7.85
43,49,2,7.85
44,49,2,7.19
45,49,2,9.75
46,49,2,7.93
47,49,2,7.01
48,49,2,7.14
49,49,2,8.4
50,49,2,8.59
51,49,2,8.75
52,49,2,7.97
53,49,2,9.31
54,49,2,7.91
55,49,2,7.67
56,49,2,7.99
57,49,2,7.72
58,49,2,7.71
59,49,2,6.14
60,49,2,8.16
61,49,2,6.94
62,49,2,7.54
63,49,2,8.34
64,49,2,6.7
65,49,2,7.65
66,49,2,7.63
67,49,2,7.29
68,49,2,7.26
69,49,2,7.5
70,49,2,8.99
71,49,2,7.37
72,49,2,8.24
73,49,2,6.55
74,49,2,7.03
75,49,2,7.93
76,49,2,7.61
77,49,2,8.85
78,49,2,7.04
79,49,2,7.68
80,49,2,7.25
81,49,2,8.15
82,49,2,7.53
83,49,2,8.24
84,49,2,6.95
85,49,2,6.97
86,49,2,7.41
87,49,2,6.85
88,49,2,7.17
89,49,2,7.49
90,49,2,7.43
91,49,2,7.41
92,49,2,6.83
93,49,2,7.42
94,49,2,8.43
95,49,2,6.69
96,49,2,6.3
97,49,2,6.68
98,49,2,7.67
99,49,2,8.68
0,50,2,7.36
1,50,2,7.92
2,50,2,6.88
3,50,2,7.42
4,50,2,7.0
5,50,2,9.76
6,50,2,8.46
7,50,2,8.7
8,50,2,7.39
9,50,2,6.79
10,50,2,6.58
11,50,2,8.11
12,50,2,7.35
13,50,2,9.01
14,50,2,7.53
15,50,2,6.94
16,50,2,5.61
17,50,2,7.72
18,50,2,5.86
19,50,2,6.86
20,50,2,8.18
21,50,2,7.99
22,50,2,9.28
23,50,2,8.09
24,50,2,7.87
25,50,2,8.59
26,50,2,9.48
27,50,2,7.88
28,50,2,8.07
29,50,2,7.97
30,50,2,7.46
31,50,2,7.73
32,50,2,8.21
33,50,2,7.04
34,50,2,7.38
35,50,2,6.19
36,50,2,6.91
37,50,2,8.34
38,50,2,7.99
39,50,2,7.81
40,50,2,7.85
41,50,2,8.13
42,50,2,7.02
43,50,2,7.58
44,50,2,7.69
45,50,2,8.83
46,50,2,9.03
47,50,2,7.54
48,50,2,7.18
49,50,2,9.67
50,50,2,7.37
51,50,2,8.52
52,50,2,5.99
53,50,2,7.49
54,50,2,8.61
55,50,2,6.26
56,50,2,7.56
57,50,2,7.98
58,50,2,8.21
59,50,2,7.68
60,50,2,8.88
61,50,2,7.78
62,50,2,8.29
63,50,2,9.13
64,50,2,7.51
65,50,2,8.87
66,50,2,6.54
67,50,2,8.32
68,50,2,6.65
69,50,2,7.92
70,50,2,9.34
71,50,2,8.89
72,50,2,7.84
73,50,2,9.08
74,50,2,8.12
75,50,2,7.43
76,50,2,7.16
77,50,2,5.86
78,50,2,9.48
79,50,2,8.24
80,50,2,8.08
81,50,2,7.35
82,50,2,8.05
83,50,2,7.53
84,50,2,7.69
85,50,2,7.93
86,50,2,7.33
87,50,2,9.19
88,50,2,7.75
89,50,2,7.44
90,50,2,7.13
91,50,2,5.91
92,50,2,7.63
93,50,2,9.52
94,50,2,8.28
95,50,2,8.71
96,50,2,8.32
97,50,2,6.72
98,50,2,8.13
99,50,2,5.62
0,51,2,9.31
1,51,2,10.67
2,51,2,7.61
3,51,2,7.12
4,51,2,7.54
5,51,2,5.81
6,51,2,7.25
7,51,2,8.74
8,51,2,7.04
9,51,2,7.1
10,51,2,7.65
11,51,2,5.5
12,51,2,7.1
13,51,2,7.79
14,51,2,8.96
15,51,2,7.26
16,51,2,7.78
17,51,2,7.61
18,51,2,6.9
19,51,2,7.01
20,51,2,9.22
21,51,2,7.92
22,51,2,8.58
23,51,2,8.48
24,51,2,8.07
25,51,2,6.27
26,51,2,7.73
27,51,2,8.14
28,51,2,8.79
29,51,2,7.28
30,51,2,8.25
31,51,2,7.87
32,51,2,6.68
33,51,2,8.87
34,51,2,7.4
35,51,2,8.18
36,51,2,6.25
37,51,2,8.57
38,51,2,7.77
39,51,2,6.94
40,51,2,6.58
41,51,2,7.73
42,51,2,8.06
43,51,2,8.5
44,51,2,6.94
45,51,2,6.38
46,51,2,6.81
47,51,2,8.2
48,51,2,8.65
49,51,2,8.77
50,51,2,8.55
51,51,2,7.26
52,51,2,7.99
53,51,2,7.75
54,51,2,7.03
55,51,2,9.54
56,51,2,8.37
57,51,2,8.98
58,51,2,6.06
59,51,2,8.36
60,51,2,8.29
61,51,2,5.98
62,51,2,7.59
63,51,2,7.49
64,51,2,7.18
65,51,2,6.67
66,51,2,8.28
67,51,2,7.47
68,51,2,8.27
69,51,2,6.63
70,51,2,6.45
71,51,2,6.75
72,51,2,7.27
73,51,2,7.02
74,51,2,8.37
75,51,2,8.46
76,51,2,6.4
77,51,2,8.16
78,51,2,8.85
79,51,2,7.53
80,51,2,8.13
81,51,2,7.12
82,51,2,8.14
83,51,2,9.68
84,51,2,6.94
85,51,2,6.16
86,51,2,6.43
87,51,2,8.53
88,51,2,8.82
89,51,2,7.81
90,51,2,6.23
91,51,2,9.11
92,51,2,7.79
93,51,2,8.39
94,51,2,7.29
95,51,2,6.78
96,51,2,7.87
97,51,2,7.0
98,51,2,7.59
99,51,2,7.52
0,52,2,6.93
1,52,2,8.73
2,52,2,8.49
3,52,2,5.91
4,52,2,6.8
5,52,2,8.44
6,52,2,8.84
7,52,2,7.16
8,52,2,8.29
9,52,2,7.84
10,52,2,8.84
11,52,2,8.21
12,52,2,6.86
13,52,2,7.15
14,52,2,7.72
15,52,2,8.71
16,52,2,6.12
17,52,2,6.68
18,52,2,7.02
19,52,2,8.09
20,52,2,6.61
21,52,2,7.63
22,52,2,7.23
23,52,2,7.7
24,52,2,6.52
25,52,2,6.93
26,52,2,9.1
27,52,2,5.84
28,52,2,7.88
29,52,2,9.0
30,52,2,7.83
31,52,2,8.03
32,52,2,7.35
33,52,2,6.96
34,52,2,9.03
35,52,2,7.17
36,52,2,7.88
37,52,2,7.87
38,52,2,7.1
39,52,2,7.61
40,52,2,7.56
41,52,2,7.53
42,52,2,7.41
43,52,2,8.86
44,52,2,8.45
45,52,2,8.08
46,52,2,9.13
47,52,2,7.24
48,52,2,6.11
49,52,2,7.52
50,52,2,5.35
51,52,2,8.48
52,52,2,8.64
53,52,2,7.18
54,52,2,7.68
55,52,2,7.45
56,52,2,7.5
57,52,2,5.55
58,52,2,7.26
59,52,2,8.6
60,52,2,8.4
61,52,2,8.35
62,52,2,8.45
63,52,2,6.99
64,52,2,8.1
65,52,2,8.37
66,52,2,8.15
67,52,2,8.28
68,52,2,7.69
69,52,2,8.91
70,52,2,7.37
71,52,2,8.9
72,52,2,6.99
73,52,2,6.97
74,52,2,8.14
75,52,2,8.3
76,52,2,8.45
77,52,2,8.3
78,52,2,6.77
79,52,2,6.81
80,52,2,7.39
81,52,2,8.79
82,52,2,8.26
83,52,2,7.04
84,52,2,6.91
85,52,2,7.16
86,52,2,7.42
87,52,2,6.34
88,52,2,9.8
89,52,2,8.83
90,52,2,8.33
91,52,2,9.88
92,52,2,7.33
93,52,2,7.17
94,52,2,6.74
95,52,2,6.63
96,52,2,7.62
97,52,2,5.17
98,52,2,8.78
99,52,2,9.17
0,53,2,8.4
1,53,2,8.06
2,53,2,7.25
3,53,2,8.35
4,53,2,6.98
5,53,2,7.27
6,53,2,7.6
7,53,2,7.99
8,53,2,8.37
9,53,2,8.06
10,53,2,9.04
11,53,2,8.33
12,53,2,8.01
13,53,2,8.51
14,53,2,10.07
15,53,2,8.4
16,53,2,8.72
17,53,2,8.35
18,53,2,8.09
19,53,2,8.24
20,53,2,8.2
21,53,2,8.06
22,53,2,7.62
23,53,2,6.57
24,53,2,6.86
25,53,2,8.21
26,53,2,6.5
27,53,2,6.46
28,53,2,9.21
29,53,2,5.58
30,53,2,7.69
31,53,2,9.03
32,53,2,7.69
33,53,2,9.08
34,53,2,8.46
35,53,2,7.63
36,53,2,7.99
37,53,2,6.42
38,53,2,7.32
39,53,2,6.89
40,53,2,8.94
41,53,2,7.89
42,53,2,7.68
43,53,2,7.14
44,53,2,8.2
45,53,2,8.46
46,53,2,7.63
47,53,2,8.66
48,53,2,8.55
49,53,2,8.12
50,53,2,7.75
51,53,2,6.96
52,53,2,8.06
53,53,2,8.72
54,53,2,7.03
55,53,2,9.04
56,53,2,8.3
57,53,2,9.89
58,53,2,8.45
59,53,2,8.14
60,53,2,7.87
61,53,2,6.71
62,53,2,7.2
63,53,2,8.55
64,53,2,7.0
65,53,2,8.05
66,53,2,8.38
67,53,2,8.9
68,53,2,7.53
69,53,2,7.29
70,53,2,7.35
71,53,2,9.09
72,53,2,6.71
73,53,2,8.18
74,53,2,5.86
75,53,2,6.43
76,53,2,8.14
77,53,2,6.93
78,53,2,8.72
79,53,2,9.76
80,53,2,7.53
81,53,2,7.59
82,53,2,7.28
83,53,2,7.61
84,53,2,8.52
85,53,2,7.39
86,53,2,7.28
87,53,2,6.75
88,53,2,8.26
89,53,2,8.0
90,53,2,7.83
91,53,2,6.74
92,53,2,7.02
93,53,2,8.19
94,53,2,9.9
95,53,2,8.25
96,53,2,7.61
97,53,2,9.28
98,53,2,7.28
99,53,2,8.04
0,54,2,8.67
1,54,2,7.66
2,54,2,7.08
3,54,2,6.16
4,54,2,8.41
5,54,2,5.7
6,54,2,7.52
7,54,2,7.91
8,54,2,8.8
9,54,2,8.25
10,54,2,9.07
11,54,2,9.06
12,54,2,8.29
13,54,2,6.17
14,54,2,8.04
15,54,2,7.31
16,54,2,6.08
17,54,2,6.03
18,54,2,7.88
19,54,2,8.04
20,54,2,8.04
21,54,2,8.59
22,54,2,6.92
23,54,2,8.23
24,54,2,7.26
25,54,2,8.85
26,54,2,5.54
27,54,2,8.16
28,54,2,9.01
29,54,2,7.8
30,54,2,7.65
31,54,2,8.6
32,54,2,7.74
33,54,2,8.22
34,54,2,7.34
35,54,2,6.89
36,54,2,6.69
37,54,2,9.27
38,54,2,6.58
39,54,2,7.07
40,54,2,7.28
41,54,2,7.41
42,54,2,9.76
43,54,2,7.95
44,54,2,7.95
45,54,2,7.41
46,54,2,8.27
47,54,2,7.71
48,54,2,7.74
49,54,2,6.85
50,54,2,8.82
51,54,2,6.29
52,54,2,6.71
53,54,2,6.98
54,54,2,6.75
55,54,2,9.82
56,54,2,8.2
57,54,2,7.87
58,54,2,6.8
59,54,2,6.62
60,54,2,8.41
61,54,2,7.88
62,54,2,7.85
63,54,2,8.72
64,54,2,7.0
65,54,2,7.71
66,54,2,7.31
67,54,2,7.95
68,54,2,8.18
69,54,2,7.51
70,54,2,9.78
71,54,2,7.69
72,54,2,7.17
73,54,2,8.59
74,54,2,7.42
75,54,2,9.31
76,54,2,6.82
77,54,2,7.42
78,54,2,7.14
79,54,2,7.97
80,54,2,7.72
81,54,2,7.3
82,54,2,8.77
83,54,2,8.68
84,54,2,9.24
85,54,2,8.99
86,54,2,5.87
87,54,2,8.78
88,54,2,8.38
89,54,2,8.06
90,54,2,9.37
91,54,2,6.57
92,54,2,7.39
93,54,2,8.04
94,54,2,7.79
95,54,2,7.4
96,54,2,8.5
97,54,2,8.17
98,54,2,7.59
99,54,2,8.7
0,55,2,6.97
1,55,2,8.82
2,55,2,6.85
3,55,2,8.8
4,55,2,7.95
5,55,2,7.84
6,55,2,9.18
7,55,2,6.95
8,55,2,7.62
9,55,2,6.6
10,55,2,8.22
11,55,2,8.77
12,55,2,8.0
13,55,2,9.38
14,55,2,10.1
15,55,2,7.48
16,55,2,8.89
17,55,2,8.78
18,55,2,8.17
19,55,2,9.44
20,55,2,8.67
21,55,2,8.76
22,55,2,7.17
23,55,2,7.28
24,55,2,7.15
25,55,2,7.71
26,55,2,8.76
27,55,2,8.14
28,55,2,7.56
29,55,2,8.15
30,55,2,7.09
31,55,2,9.02
32,55,2,9.51
33,55,2,7.8
34,55,2,8.59
35,55,2,7.85
36,55,2,7.45
37,55,2,7.74
38,55,2,7.8
39,55,2,8.12
40,55,2,7.53
41,55,2,7.51
42,55,2,7.0
43,55,2,6.55
44,55,2,6.91
45,55,2,8.0
46,55,2,7.52
47,55,2,8.65
48,55,2,6.86
49,55,2,8.07
50,55,2,7.15
51,55,2,8.2
52,55,2,7.59
53,55,2,7.82
54,55,2,6.65
55,55,2,7.65
56,55,2,10.06
57,55,2,7.6
58,55,2,8.48
59,55,2,7.91
60,55,2,7.0
61,55,2,8.2
62,55,2,8.24
63,55,2,8.3
64,55,2,7.06
65,55,2,7.56
66,55,2,8.24
67,55,2,8.33
68,55,2,6.44
69,55,2,7.62
70,55,2,8.28
71,55,2,7.19
72,55,2,8.96
73,55,2,6.74
74,55,2,7.83
75,55,2,6.33
76,55,2,7.77
77,55,2,7.12
78,55,2,7.83
79,55,2,6.89
80,55,2,9.44
81,55,2,9.25
82,55,2,6.94
83,55,2,8.69
84,55,2,9.01
85,55,2,7.4
86,55,2,9.14
87,55,2,7.65
88,55,2,7.66
89,55,2,6.55
90,55,2,7.3
91,55,2,6.38
92,55,2,9.08
93,55,2,6.88
94,55,2,8.79
95,55,2,8.33
96,55,2,7.87
97,55,2,8.31
98,55,2,6.72
99,55,2,6.25
0,56,2,8.55
1,56,2,6.7
2,56,2,6.46
3,56,2,8.41
4,56,2,8.6
5,56,2,8.96
6,56,2,7.71
7,56,2,7.79
8,56,2,8.47
9,56,2,6.63
10,56,2,7.84
11,56,2,8.97
12,56,2,7.29
13,56,2,8.45
14,56,2,7.66
15,56,2,6.84
16,56,2,9.03
17,56,2,8.55
18,56,2,7.11
19,56,2,8.37
20,56,2,6.96
21,56,2,7.16
22,56,2,8.11
23,56,2,7.58
24,56,2,9.33
25,56,2,8.52
26,56,2,9.12
27,56,2,7.2
28,56,2,8.19
29,56,2,7.26
30,56,2,7.16
31,56,2,6.26
32,56,2,6.76
33,56,2,7.16
34,56,2,7.21
35,56,2,7.32
36,56,2,8.23
37,56,2,7.49
38,56,2,7.98
39,56,2,8.82
40,56,2,7.45
41,56,2,5.61
42,56,2,7.58
43,56,2,7.09
44,56,2,7.37
45,56,2,7.61
46,56,2,7.52
47,56,2,8.02
48,56,2,5.84
49,56,2,6.4
50,56,2,6.44
51,56,2,7.62
52,56,2,8.59
53,56,2,7.76
54,56,2,6.57
55,56,2,7.45
56,56,2,8.27
57,56,2,8.56
58,56,2,8.22
59,56,2,6.37
60,56,2,9.46
61,56,2,9.4
62,56,2,8.64
63,56,2,6.85
64,56,2,8.19
65,56,2,6.74
66,56,2,6.45
67,56,2,7.66
68,56,2,6.86
69,56,2,7.66
70,56,2,5.49
71,56,2,9.49
72,56,2,6.71
73,56,2,7.34
74,56,2,6.69
75,56,2,7.36
76,56,2,9.26
77,56,2,8.32
78,56,2,6.23
79,56,2,7.8
80,56,2,7.63
81,56,2,7.22
82,56,2,8.4
83,56,2,7.83
84,56,2,7.08
85,56,2,6.93
86,56,2,9.33
87,56,2,8.09
88,56,2,6.06
89,56,2,7.06
90,56,2,7.21
91,56,2,8.93
92,56,2,8.16
93,56,2,7.02
94,56,2,6.66
95,56,2,8.73
96,56,2,7.42
97,56,2,8.32
98,56,2,7.81
99,56,2,8.07
0,57,2,8.14
1,57,2,8.48
2,57,2,8.01
3,57,2,7.33
4,57,2,8.56
5,57,2,7.86
6,57,2,7.21
7,57,2,7.7
8,57,2,6.46
9,57,2,8.04
10,57,2,7.26
11,57,2,7.82
12,57,2,4.63
13,57,2,8.35
14,57,2,8.3
15,57,2,8.16
16,57,2,6.95
17,57,2,10.1
18,57,2,6.59
19,57,2,9.01
20,57,2,8.59
21,57,2,7.44
22,57,2,8.72
23,57,2,8.41
24,57,2,6.84
25,57,2,7.54
26,57,2,8.22
27,57,2,7.97
28,57,2,9.07
29,57,2,7.7
30,57,2,8.73
31,57,2,7.26
32,57,2,6.82
33,57,2,9.8
34,57,2,7.37
35,57,2,6.73
36,57,2,9.91
37,57,2,6.84
38,57,2,8.62
39,57,2,7.69
40,57,2,8.21
41,57,2,8.44
42,57,2,8.74
43,57,2,7.4
44,57,2,9.49
45,57,2,6.55
46,57,2,7.67
47,57,2,8.02
48,57,2,7.73
49,57,2,9.24
50,57,2,8.5
51,57,2,8.74
52,57,2,8.3
53,57,2,6.5
54,57,2,7.98
55,57,2,6.42
56,57,2,7.84
57,57,2,7.48
58,57,2,9.01
59,57,2,7.61
60,57,2,7.17
61,57,2,9.18
62,57,2,8.19
63,57,2,8.09
64,57,2,8.43
65,57,2,9.04
66,57,2,9.11
67,57,2,7.06
68,57,2,8.34
69,57,2,7.94
70,57,2,8.12
71,57,2,7.88
72,57,2,7.84
73,57,2,8.19
74,57,2,8.11
75,57,2,8.08
76,57,2,7.31
77,57,2,7.06
78,57,2,6.54
79,57,2,9.28
80,57,2,9.23
81,57,2,8.31
82,57,2,8.23
83,57,2,8.17
84,57,2,6.89
85,57,2,9.02
86,57,2,6.6
87,57,2,9.07
88,57,2,7.46
89,57,2,7.2
90,57,2,8.08
91,57,2,8.78
92,57,2,7.17
93,57,2,9.06
94,57,2,7.64
95,57,2,7.61
96,57,2,6.66
97,57,2,8.57
98,57,2,8.44
99,57,2,8.09
0,58,2,8.33
1,58,2,7.97
2,58,2,7.66
3,58,2,8.76
4,58,2,7.05
5,58,2,7.36
6,58,2,6.58
7,58,2,9.23
8,58,2,7.19
9,58,2,6.72
10,58,2,6.38
11,58,2,7.29
12,58,2,7.57
13,58,2,6.56
14,58,2,6.9
15,58,2,6.14
16,58,2,8.14
17,58,2,8.03
18,58,2,9.63
19,58,2,8.69
20,58,2,8.5
21,58,2,6.45
22,58,2,8.52
23,58,2,7.55
24,58,2,6.77
25,58,2,5.26
26,58,2,8.83
27,58,2,7.11
28,58,2,9.3
29,58,2,7.55
30,58,2,7.96
31,58,2,6.95
32,58,2,7.45
33,58,2,7.87
34,58,2,8.77
35,58,2,8.52
36,58,2,7.61
37,58,2,7.57
38,58,2,6.88
39,58,2,8.69
40,58,2,7.22
41,58,2,7.21
42,58,2,6.8
43,58,2,8.78
44,58,2,6.97
45,58,2,10.32
46,58,2,6.88
47,58,2,8.23
48,58,2,9.16
49,58,2,7.1
50,58,2,7.37
51,58,2,8.72
52,58,2,8.24
53,58,2,6.41
54,58,2,8.34
55,58,2,8.75
56,58,2,7.91
57,58,2,8.3
58,58,2,6.82
59,58,2,8.59
60,58,2,7.52
61,58,2,6.5
62,58,2,7.17
63,58,2,7.6
64,58,2,6.34
65,58,2,8.66
66,58,2,8.07
67,58,2,7.93
68,58,2,6.79
69,58,2,7.55
70,58,2,8.32
71,58,2,7.7
72,58,2,7.22
73,58,2,7.48
74,58,2,6.92
75,58,2,7.58
76,58,2,7.03
77,58,2,7.91
78,58,2,8.13
79,58,2,7.15
80,58,2,8.27
81,58,2,7.46
82,58,2,6.22
83,58,2,7.65
84,58,2,7.53
85,58,2,8.7
86,58,2,6.91
87,58,2,8.73
88,58,2,8.43
89,58,2,6.77
90,58,2,6.78
91,58,2,7.08
92,58,2,8.06
93,58,2,6.52
94,58,2,7.19
95,58,2,5.52
96,58,2,6.66
97,58,2,8.11
98,58,2,6.5
99,58,2,7.29
0,59,2,8.44
1,59,2,8.27
2,59,2,7.73
3,59,2,9.36
4,59,2,7.48
5,59,2,5.24
6,59,2,7.3
7,59,2,7.77
8,59,2,7.06
9,59,2,7.89
10,59,2,6.26
11,59,2,9.39
12,59,2,7.61
13,59,2,7.15
14,59,2,9.32
15,59,2,8.95
16,59,2,8.43
17,59,2,6.84
18,59,2,9.09
19,59,2,8.35
20,59,2,9.0
21,59,2,6.97
22,59,2,6.63
23,59,2,8.37
24,59,2,8.79
25,59,2,7.88
26,59,2,7.69
27,59,2,8.27
28,59,2,7.4
29,59,2,8.0
30,59,2,7.75
31,59,2,7.63
32,59,2,7.71
33,59,2,6.23
34,59,2,5.29
35,59,2,7.6
36,59,2,8.44
37,59,2,8.21
38,59,2,8.12
39,59,2,8.03
40,59,2,8.83
41,59,2,8.4
42,59,2,7.47
43,59,2,6.34
44,59,2,7.62
45,59,2,6.9
46,59,2,7.07
47,59,2,7.96
48,59,2,9.34
49,59,2,7.58
50,59,2,9.16
51,59,2,7.94
52,59,2,7.42
53,59,2,7.16
54,59,2,9.76
55,59,2,6.59
56,59,2,7.69
57,59,2,7.13
58,59,2,7.53
59,59,2,7.48
60,59,2,8.56
61,59,2,8.59
62,59,2,7.02
63,59,2,7.01
64,59,2,8.41
65,59,2,9.39
66,59,2,8.54
67,59,2,8.12
68,59,2,5.92
69,59,2,8.02
70,59,2,7.72
71,59,2,5.82
72,59,2,7.46
73,59,2,8.48
74,59,2,8.15
75,59,2,7.27
76,59,2,7.36
77,59,2,6.15
78,59,2,7.51
79,59,2,7.28
80,59,2,7.3
81,59,2,8.26
82,59,2,8.7
83,59,2,7.25
84,59,2,8.24
85,59,2,7.78
86,59,2,6.61
87,59,2,7.26
88,59,2,6.65
89,59,2,8.29
90,59,2,8.23
91,59,2,6.7
92,59,2,7.65
93,59,2,8.72
94,59,2,8.33
95,59,2,7.99
96,59,2,8.47
97,59,2,7.45
98,59,2,7.6
99,59,2,9.63
0,60,2,7.73
1,60,2,6.45
2,60,2,7.44
3,60,2,6.45
4,60,2,6.59
5,60,2,6.45
6,60,2,7.16
7,60,2,8.38
8,60,2,6.55
9,60,2,8.73
10,60,2,7.28
11,60,2,7.63
12,60,2,6.97
13,60,2,7.61
14,60,2,6.42
15,60,2,6.74
16,60,2,7.43
17,60,2,7.47
18,60,2,8.76
19,60,2,9.49
20,60,2,8.07
21,60,2,9.28
22,60,2,8.58
23,60,2,7.99
24,60,2,6.89
25,60,2,8.22
26,60,2,8.47
27,60,2,8.28
28,60,2,8.59
29,60,2,7.12
30,60,2,7.87
31,60,2,9.49
32,60,2,8.76
33,60,2,7.49
34,60,2,9.43
35,60,2,7.5
36,60,2,8.31
37,60,2,8.64
38,60,2,6.14
39,60,2,7.62
40,60,2,6.14
41,60,2,8.27
42,60,2,7.46
43,60,2,6.94
44,60,2,7.47
45,60,2,7.54
46,60,2,8.91
47,60,2,7.47
48,60,2,9.58
49,60,2,9.68
50,60,2,8.35
51,60,2,7.26
52,60,2,8.05
53,60,2,8.8
54,60,2,9.28
55,60,2,8.29
56,60,2,8.76
57,60,2,8.03
58,60,2,6.26
59,60,2,7.64
60,60,2,7.67
61,60,2,7.96
62,60,2,9.28
63,60,2,6.46
64,60,2,9.45
65,60,2,6.74
66,60,2,6.81
67,60,2,7.38
68,60,2,8.34
69,60,2,7.09
70,60,2,8.31
71,60,2,6.99
72,60,2,9.53
73,60,2,6.51
74,60,2,7.39
75,60,2,8.66
76,60,2,8.01
77,60,2,7.04
78,60,2,8.03
79,60,2,8.33
80,60,2,8.14
81,60,2,7.85
82,60,2,9.55
83,60,2,7.65
84,60,2,8.89
85,60,2,6.98
86,60,2,7.07
87,60,2,7.02
88,60,2,7.6
89,60,2,7.03
90,60,2,6.62
91,60,2,6.48
92,60,2,8.04
93,60,2,6.56
94,60,2,7.91
95,60,2,8.68
96,60,2,9.99
97,60,2,7.36
98,60,2,9.11
99,60,2,8.96
0,61,2,6.02
1,61,2,8.07
2,61,2,7.53
3,61,2,9.38
4,61,2,8.36
5,61,2,7.31
6,61,2,8.18
7,61,2,7.41
8,61,2,8.12
9,61,2,7.36
10,61,2,8.15
11,61,2,8.51
12,61,2,7.45
13,61,2,8.51
14,61,2,8.09
15,61,2,8.24
16,61,2,7.72
17,61,2,7.71
18,61,2,9.7
19,61,2,7.85
20,61,2,6.75
21,61,2,8.71
22,61,2,6.92
23,61,2,6.2
24,61,2,6.05
25,61,2,8.35
26,61,2,7.22
27,61,2,7.76
28,61,2,7.13
29,61,2,6.38
30,61,2,6.14
31,61,2,6.65
32,61,2,7.39
33,61,2,8.5
34,61,2,8.21
35,61,2,6.81
36,61,2,7.73
37,61,2,8.89
38,61,2,7.03
39,61,2,7.0
40,61,2,8.3
41,61,2,8.82
42,61,2,8.37
43,61,2,5.8
44,61,2,7.67
45,61,2,8.03
46,61,2,8.45
47,61,2,8.86
48,61,2,6.22
49,61,2,7.36
50,61,2,7.38
51,61,2,7.45
52,61,2,7.26
53,61,2,8.54
54,61,2,8.83
55,61,2,7.64
56,61,2,7.19
57,61,2,8.93
58,61,2,6.91
59,61,2,7.27
60,61,2,8.01
61,61,2,7.78
62,61,2,8.63
63,61,2,8.48
64,61,2,6.9
65,61,2,8.36
66,61,2,7.6
67,61,2,8.18
68,61,2,5.25
69,61,2,6.39
70,61,2,8.17
71,61,2,6.97
72,61,2,7.73
73,61,2,7.8
74,61,2,7.68
75,61,2,6.88
76,61,2,5.88
77,61,2,8.15
78,61,2,7.79
79,61,2,9.41
80,61,2,8.82
81,61,2,7.89
82,61,2,9.01
83,61,2,7.04
84,61,2,7.14
85,61,2,9.47
86,61,2,8.86
87,61,2,8.79
88,61,2,8.59
89,61,2,8.38
90,61,2,7.03
91,61,2,8.44
92,61,2,8.15
93,61,2,7.42
94,61,2,6.04
95,61,2,7.09
96,61,2,9.13
97,61,2,8.27
98,61,2,7.68
99,61,2,7.14
0,62,2,8.09
1,62,2,8.5
2,62,2,8.1
3,62,2,7.31
4,62,2,8.88
5,62,2,8.51
6,62,2,8.14
7,62,2,7.62
8,62,2,8.43
9,62,2,7.62
10,62,2,7.67
11,62,2,7.49
12,62,2,8.3
13,62,2,8.24
14,62,2,7.79
15,62,2,7.31
16,62,2,7.79
17,62,2,5.9
18,62,2,7.75
19,62,2,7.59
20,62,2,8.37
21,62,2,7.88
22,62,2,7.09
23,62,2,7.25
24,62,2,8.18
25,62,2,9.17
26,62,2,7.75
27,62,2,7.58
28,62,2,8.24
29,62,2,8.02
30,62,2,7.92
31,62,2,6.97
32,62,2,7.05
33,62,2,7.55
34,62,2,7.58
35,62,2,8.61
36,62,2,9.32
37,62,2,8.38
38,62,2,6.5
39,62,2,7.33
40,62,2,8.39
41,62,2,8.25
42,62,2,7.4
43,62,2,7.66
44,62,2,7.56
45,62,2,7.75
46,62,2,7.85
47,62,2,8.59
48,62,2,8.92
49,62,2,8.22
50,62,2,8.02
51,62,2,8.11
52,62,2,7.89
53,62,2,7.88
54,62,2,8.16
55,62,2,6.49
56,62,2,8.89
57,62,2,7.71
58,62,2,9.4
59,62,2,8.4
60,62,2,7.99
61,62,2,7.56
62,62,2,6.94
63,62,2,9.24
64,62,2,7.27
65,62,2,7.54
66,62,2,9.14
67,62,2,7.67
68,62,2,6.54
69,62,2,7.22
70,62,2,8.19
71,62,2,8.02
72,62,2,7.8
73,62,2,8.07
74,62,2,7.88
75,62,2,8.05
76,62,2,8.35
77,62,2,7.67
78,62,2,7.98
79,62,2,8.2
80,62,2,5.59
81,62,2,8.76
82,62,2,7.94
83,62,2,6.34
84,62,2,7.49
85,62,2,8.93
86,62,2,8.05
87,62,2,7.26
88,62,2,7.62
89,62,2,6.23
90,62,2,6.65
91,62,2,7.45
92,62,2,7.3
93,62,2,7.53
94,62,2,8.87
95,62,2,7.04
96,62,2,8.74
97,62,2,6.72
98,62,2,7.99
99,62,2,6.47
0,63,2,7.17
1,63,2,7.73
2,63,2,8.69
3,63,2,6.75
4,63,2,9.23
5,63,2,8.37
6,63,2,7.27
7,63,2,8.31
8,63,2,7.77
9,63,2,7.26
10,63,2,7.15
11,63,2,7.42
12,63,2,7.95
13,63,2,7.86
14,63,2,9.4
15,63,2,6.52
16,63,2,5.86
17,63,2,7.47
18,63,2,7.91
19,63,2,5.97
20,63,2,8.64
21,63,2,7.7
22,63,2,7.19
23,63,2,8.77
24,63,2,8.13
25,63,2,7.91
26,63,2,7.75
27,63,2,8.67
28,63,2,6.97
29,63,2,7.95
30,63,2,6.01
31,63,2,7.98
32,63,2,8.55
33,63,2,7.39
34,63,2,8.25
35,63,2,8.72
36,63,2,6.73
37,63,2,8.07
38,63,2,6.42
39,63,2,6.47
40,63,2,8.89
41,63,2,7.28
42,63,2,8.33
43,63,2,7.64
44,63,2,7.56
45,63,2,7.85
46,63,2,7.6
47,63,2,8.46
48,63,2,9.47
49,63,2,8.0
50,63,2,7.53
51,63,2,8.97
52,63,2,7.56
53,63,2,6.49
54,63,2,8.06
55,63,2,7.18
56,63,2,10.17
57,63,2,8.35
58,63,2,7.51
59,63,2,6.87
60,63,2,7.05
61,63,2,8.72
62,63,2,7.81
63,63,2,5.42
64,63,2,6.87
65,63,2,8.57
66,63,2,9.61
67,63,2,6.65
68,63,2,7.37
69,63,2,8.5
70,63,2,7.48
71,63,2,6.23
72,63,2,7.95
73,63,2,8.32
74,63,2,7.74
75,63,2,8.28
76,63,2,7.7
77,63,2,8.36
78,63,2,8.53
79,63,2,8.04
80,63,2,8.11
81,63,2,6.86
82,63,2,7.95
83,63,2,7.25
84,63,2,7.54
85,63,2,8.2
86,63,2,7.49
87,63,2,6.77
88,63,2,6.7
89,63,2,6.79
90,63,2,7.8
91,63,2,6.99
92,63,2,6.87
93,63,2,6.39
94,63,2,8.7
95,63,2,7.58
96,63,2,8.74
97,63,2,8.58
98,63,2,7.54
99,63,2,7.18
0,64,2,8.1
1,64,2,8.0
2,64,2,7.49
3,64,2,6.87
4,64,2,6.96
5,64,2,7.43
6,64,2,7.27
7,64,2,7.28
8,64,2,8.13
9,64,2,8.25
10,64,2,10.01
11,64,2,7.32
12,64,2,7.52
13,64,2,6.79
14,64,2,6.94
15,64,2,6.69
16,64,2,7.18
17,64,2,7.49
18,64,2,7.9
19,64,2,7.84
20,64,2,6.69
21,64,2,6.03
22,64,2,9.17
23,64,2,7.17
24,64,2,9.65
25,64,2,7.82
26,64,2,8.78
27,64,2,8.58
28,64,2,7.05
29,64,2,7.03
30,64,2,7.2
31,64,2,6.49
32,64,2,9.22
33,64,2,8.22
34,64,2,8.17
35,64,2,7.16
36,64,2,7.85
37,64,2,7.11
38,64,2,7.96
39,64,2,5.8
40,64,2,8.03
41,64,2,7.33
42,64,2,7.05
43,64,2,8.83
44,64,2,7.11
45,64,2,7.3
46,64,2,7.73
47,64,2,8.51
48,64,2,7.86
49,64,2,7.72
50,64,2,8.57
51,64,2,7.09
52,64,2,6.22
53,64,2,9.41
54,64,2,6.49
55,64,2,7.47
56,64,2,7.54
57,64,2,8.37
58,64,2,6.48
59,64,2,8.53
60,64,2,6.66
61,64,2,8.8
62,64,2,8.22
63,64,2,7.32
64,64,2,8.74
65,64,2,7.17
66,64,2,7.38
67,64,2,7.27
68,64,2,7.37
69,64,2,8.22
70,64,2,9.25
71,64,2,6.91
72,64,2,7.02
73,64,2,7.64
74,64,2,9.05
75,64,2,7.82
76,64,2,8.59
77,64,2,8.22
78,64,2,6.82
79,64,2,7.7
80,64,2,6.68
81,64,2,7.74
82,64,2,8.19
83,64,2,9.08
84,64,2,8.59
85,64,2,7.21
86,64,2,9.98
87,64,2,8.99
88,64,2,6.27
89,64,2,8.17
90,64,2,7.16
91,64,2,6.06
92,64,2,6.77
93,64,2,7.27
94,64,2,7.93
95,64,2,6.78
96,64,2,7.83
97,64,2,6.59
98,64,2,7.6
99,64,2,7.83
0,65,2,8.01
1,65,2,8.93
2,65,2,7.48
3,65,2,6.47
4,65,2,9.37
5,65,2,8.73
6,65,2,5.74
7,65,2,6.04
8,65,2,8.66
9,65,2,6.62
10,65,2,8.48
11,65,2,7.31
12,65,2,8.66
13,65,2,6.89
14,65,2,9.24
15,65,2,7.91
16,65,2,7.82
17,65,2,8.29
18,65,2,7.51
19,65,2,8.07
20,65,2,7.56
21,65,2,7.19
22,65,2,7.49
23,65,2,8.43
24,65,2,8.66
25,65,2,7.05
26,65,2,6.89
27,65,2,9.59
28,65,2,7.11
29,65,2,7.1
30,65,2,9.22
31,65,2,8.81
32,65,2,6.56
33,65,2,8.06
34,65,2,7.6
35,65,2,8.64
36,65,2,7.49
37,65,2,6.82
38,65,2,7.99
39,65,2,8.69
40,65,2,7.79
41,65,2,6.76
42,65,2,8.51
43,65,2,6.87
44,65,2,8.81
45,65,2,7.5
46,65,2,6.54
47,65,2,7.8
48,65,2,7.22
49,65,2,7.6
50,65,2,7.57
51,65,2,7.64
52,65,2,6.12
53,65,2,7.73
54,65,2,8.07
55,65,2,7.48
56,65,2,8.05
57,65,2,8.4
58,65,2,7.25
59,65,2,8.72
60,65,2,7.56
61,65,2,8.43
62,65,2,8.21
63,65,2,7.87
64,65,2,8.56
65,65,2,7.92
66,65,2,5.86
67,65,2,7.0
68,65,2,7.41
69,65,2,7.86
70,65,2,7.8
71,65,2,7.82
72,65,2,8.27
73,65,2,6.79
74,65,2,6.56
75,65,2,7.91
76,65,2,7.3
77,65,2,7.7
78,65,2,9.15
79,65,2,8.27
80,65,2,7.06
81,65,2,9.57
82,65,2,8.59
83,65,2,7.05
84,65,2,8.54
85,65,2,7.7
86,65,2,6.3
87,65,2,7.06
88,65,2,9.02
89,65,2,6.82
90,65,2,7.16
91,65,2,8.05
92,65,2,7.62
93,65,2,8.57
94,65,2,7.85
95,65,2,9.95
96,65,2,8.51
97,65,2,6.65
98,65,2,8.37
99,65,2,8.43
0,66,2,9.89
1,66,2,9.19
2,66,2,6.87
3,66,2,8.72
4,66,2,7.53
5,66,2,8.58
6,66,2,7.12
7,66,2,9.45
8,66,2,7.97
9,66,2,6.62
10,66,2,6.82
11,66,2,6.61
12,66,2,8.48
13,66,2,7.89
14,66,2,8.23
15,66,2,7.75
16,66,2,8.29
17,66,2,9.0
18,66,2,10.28
19,66,2,6.72
20,66,2,7.36
21,66,2,7.31
22,66,2,6.72
23,66,2,8.57
24,66,2,6.95
25,66,2,8.54
26,66,2,8.91
27,66,2,8.47
28,66,2,7.71
29,66,2,9.63
30,66,2,6.12
31,66,2,8.13
32,66,2,6.06
33,66,2,6.26
34,66,2,8.26
35,66,2,8.47
36,66,2,7.98
37,66,2,6.98
38,66,2,10.13
39,66,2,6.54
40,66,2,8.17
41,66,2,7.79
42,66,2,8.65
43,66,2,7.81
44,66,2,8.78
45,66,2,8.14
46,66,2,6.31
47,66,2,6.53
48,66,2,6.96
49,66,2,8.79
50,66,2,7.12
51,66,2,7.23
52,66,2,7.24
53,66,2,7.1
54,66,2,7.08
55,66,2,8.27
56,66,2,7.63
57,66,2,7.34
58,66,2,6.38
59,66,2,7.39
60,66,2,7.59
61,66,2,9.77
62,66,2,9.44
63,66,2,7.52
64,66,2,8.33
65,66,2,7.53
66,66,2,8.36
67,66,2,6.64
68,66,2,7.98
69,66,2,8.45
70,66,2,8.64
71,66,2,8.03
72,66,2,7.1
73,66,2,7.56
74,66,2,8.04
75,66,2,6.93
76,66,2,6.94
77,66,2,8.15
78,66,2,7.16
79,66,2,8.22
80,66,2,6.69
81,66,2,9.22
82,66,2,8.13
83,66,2,7.59
84,66,2,7.42
85,66,2,7.78
86,66,2,5.63
87,66,2,7.59
88,66,2,7.22
89,66,2,8.47
90,66,2,7.22
91,66,2,8.07
92,66,2,7.46
93,66,2,7.13
94,66,2,6.29
95,66,2,6.45
96,66,2,8.43
97,66,2,8.12
98,66,2,8.72
99,66,2,7.65
0,67,2,8.27
1,67,2,6.93
2,67,2,7.76
3,67,2,9.22
4,67,2,7.54
5,67,2,7.6
6,67,2,5.86
7,67,2,7.04
8,67,2,5.34
9,67,2,9.36
10,67,2,6.83
11,67,2,7.84
12,67,2,6.39
13,67,2,8.71
14,67,2,8.25
15,67,2,7.22
16,67,2,8.33
17,67,2,10.0
18,67,2,7.3
19,67,2,7.78
20,67,2,6.38
21,67,2,7.96
22,67,2,6.53
23,67,2,8.18
24,67,2,8.28
25,67,2,7.82
26,67,2,7.47
27,67,2,7.72
28,67,2,9.19
29,67,2,8.3
30,67,2,6.58
31,67,2,7.85
32,67,2,7.44
33,67,2,7.46
34,67,2,9.02
35,67,2,7.57
36,67,2,7.41
37,67,2,8.58
38,67,2,7.17
39,67,2,7.15
40,67,2,7.2
41,67,2,8.16
42,67,2,7.55
43,67,2,8.0
44,67,2,9.38
45,67,2,7.38
46,67,2,8.69
47,67,2,8.46
48,67,2,8.0
49,67,2,8.33
50,67,2,9.43
51,67,2,8.51
52,67,2,7.08
53,67,2,7.51
54,67,2,7.08
55,67,2,6.88
56,67,2,7.76
57,67,2,7.99
58,67,2,8.39
59,67,2,7.13
60,67,2,7.62
61,67,2,9.64
62,67,2,8.03
63,67,2,6.54
64,67,2,6.72
65,67,2,7.23
66,67,2,9.05
67,67,2,7.67
68,67,2,7.94
69,67,2,7.2
70,67,2,8.33
71,67,2,9.42
72,67,2,7.99
73,67,2,8.5
74,67,2,6.98
75,67,2,7.7
76,67,2,8.82
77,67,2,7.06
78,67,2,6.64
79,67,2,8.74
80,67,2,8.08
81,67,2,9.48
82,67,2,7.48
83,67,2,6.93
84,67,2,8.82
85,67,2,6.78
86,67,2,8.14
87,67,2,8.46
88,67,2,7.76
89,67,2,6.72
90,67,2,6.84
91,67,2,7.28
92,67,2,7.24
93,67,2,8.37
94,67,2,7.56
95,67,2,9.21
96,67,2,8.07
97,67,2,7.58
98,67,2,8.43
99,67,2,7.22
0,68,2,8.11
1,68,2,9.9
2,68,2,7.62
3,68,2,9.93
4,68,2,9.17
5,68,2,6.37
6,68,2,7.5
7,68,2,6.96
8,68,2,5.64
9,68,2,7.69
10,68,2,9.56
11,68,2,8.27
12,68,2,6.91
13,68,2,6.96
14,68,2,7.52
15,68,2,7.57
16,68,2,9.02
17,68,2,9.12
18,68,2,7.34
19,68,2,10.0
20,68,2,8.44
21,68,2,8.15
22,68,2,7.92
23,68,2,9.37
24,68,2,9.22
25,68,2,8.04
26,68,2,8.85
27,68,2,6.52
28,68,2,8.01
29,68,2,7.55
30,68,2,8.81
31,68,2,8.52
32,68,2,7.16
33,68,2,6.92
34,68,2,8.05
35,68,2,8.82
36,68,2,8.25
37,68,2,7.12
38,68,2,8.79
39,68,2,7.42
40,68,2,7.69
41,68,2,7.71
42,68,2,7.06
43,68,2,9.07
44,68,2,7.67
45,68,2,7.21
46,68,2,6.71
47,68,2,8.53
48,68,2,8.62
49,68,2,8.23
50,68,2,7.2
51,68,2,7.49
52,68,2,7.18
53,68,2,8.9
54,68,2,7.44
55,68,2,9.93
56,68,2,8.45
57,68,2,8.52
58,68,2,6.43
59,68,2,6.6
60,68,2,7.73
61,68,2,7.96
62,68,2,8.15
63,68,2,6.29
64,68,2,9.31
65,68,2,5.74
66,68,2,7.13
67,68,2,7.43
68,68,2,7.89
69,68,2,7.07
70,68,2,7.8
71,68,2,8.15
72,68,2,8.1
73,68,2,7.09
74,68,2,8.2
75,68,2,7.07
76,68,2,7.36
77,68,2,8.33
78,68,2,8.29
79,68,2,7.2
80,68,2,7.5
81,68,2,8.48
82,68,2,8.21
83,68,2,8.52
84,68,2,7.83
85,68,2,7.86
86,68,2,7.74
87,68,2,7.73
88,68,2,7.23
89,68,2,8.05
90,68,2,8.11
91,68,2,8.73
92,68,2,8.82
93,68,2,8.65
94,68,2,7.63
95,68,2,8.68
96,68,2,7.04
97,68,2,7.15
98,68,2,7.07
99,68,2,7.36
0,69,2,8.57
1,69,2,8.72
2,69,2,8.67
3,69,2,6.45
4,69,2,5.8
5,69,2,8.7
6,69,2,8.88
7,69,2,8.55
8,69,2,8.61
9,69,2,6.62
10,69,2,7.69
11,69,2,8.45
12,69,2,6.39
13,69,2,8.08
14,69,2,7.58
15,69,2,7.22
16,69,2,9.52
17,69,2,7.16
18,69,2,9.68
19,69,2,8.09
20,69,2,8.03
21,69,2,8.3
22,69,2,8.34
23,69,2,9.48
24,69,2,9.14
25,69,2,9.6
26,69,2,7.11
27,69,2,7.47
28,69,2,8.47
29,69,2,8.77
30,69,2,9.22
31,69,2,7.55
32,69,2,8.89
33,69,2,7.26
34,69,2,7.78
35,69,2,9.17
36,69,2,7.03
37,69,2,10.11
38,69,2,7.52
39,69,2,9.33
40,69,2,6.99
41,69,2,7.83
42,69,2,7.83
43,69,2,9.05
44,69,2,7.28
45,69,2,7.03
46,69,2,7.15
47,69,2,7.22
48,69,2,7.59
49,69,2,8.48
50,69,2,6.59
51,69,2,7.94
52,69,2,7.99
53,69,2,8.28
54,69,2,7.71
55,69,2,8.48
56,69,2,9.41
57,69,2,8.51
58,69,2,6.63
59,69,2,8.45
60,69,2,8.42
61,69,2,8.62
62,69,2,8.47
63,69,2,9.32
64,69,2,8.32
65,69,2,7.75
66,69,2,6.02
67,69,2,7.39
68,69,2,8.05
69,69,2,10.06
70,69,2,7.83
71,69,2,9.82
72,69,2,8.53
73,69,2,7.64
74,69,2,8.91
75,69,2,7.89
76,69,2,7.28
77,69,2,7.7
78,69,2,7.23
79,69,2,9.68
80,69,2,7.55
81,69,2,6.28
82,69,2,8.56
83,69,2,7.94
84,69,2,7.43
85,69,2,7.07
86,69,2,7.36
87,69,2,6.99
88,69,2,7.46
89,69,2,6.04
90,69,2,7.87
91,69,2,7.33
92,69,2,9.25
93,69,2,8.88
94,69,2,7.73
95,69,2,6.86
96,69,2,7.85
97,69,2,7.19
98,69,2,8.02
99,69,2,8.79
0,70,2,8.77
1,70,2,7.38
2,70,2,7.16
3,70,2,6.94
4,70,2,6.74
5,70,2,6.83
6,70,2,6.32
7,70,2,6.76
8,70,2,9.54
9,70,2,8.07
10,70,2,8.74
11,70,2,7.86
12,70,2,6.41
13,70,2,7.06
14,70,2,8.61
15,70,2,8.71
16,70,2,7.68
17,70,2,7.34
18,70,2,8.0
19,70,2,8.8
20,70,2,6.96
21,70,2,8.83
22,70,2,9.58
23,70,2,7.97
24,70,2,9.41
25,70,2,8.61
26,70,2,8.5
27,70,2,7.54
28,70,2,7.85
29,70,2,7.66
30,70,2,7.19
31,70,2,6.46
32,70,2,7.74
33,70,2,8.13
34,70,2,7.5
35,70,2,7.87
36,70,2,8.04
37,70,2,8.06
38,70,2,7.79
39,70,2,9.31
40,70,2,6.97
41,70,2,7.08
42,70,2,8.72
43,70,2,6.95
44,70,2,8.34
45,70,2,8.31
46,70,2,6.73
47,70,2,7.38
48,70,2,8.17
49,70,2,8.25
50,70,2,5.75
51,70,2,9.24
52,70,2,7.52
53,70,2,7.09
54,70,2,7.44
55,70,2,7.34
56,70,2,8.21
57,70,2,7.55
58,70,2,7.87
59,70,2,8.32
60,70,2,9.06
61,70,2,9.1
62,70,2,8.14
63,70,2,7.77
64,70,2,6.91
65,70,2,8.3
66,70,2,10.02
67,70,2,7.72
68,70,2,5.2
69,70,2,6.82
70,70,2,5.86
71,70,2,6.61
72,70,2,7.92
73,70,2,7.48
74,70,2,7.93
75,70,2,9.71
76,70,2,7.75
77,70,2,6.94
78,70,2,9.66
79,70,2,8.9
80,70,2,8.04
81,70,2,8.47
82,70,2,6.43
83,70,2,6.6
84,70,2,7.83
85,70,2,7.91
86,70,2,9.25
87,70,2,8.39
88,70,2,6.68
89,70,2,8.59
90,70,2,8.24
91,70,2,8.84
92,70,2,7.22
93,70,2,7.16
94,70,2,6.16
95,70,2,9.82
96,70,2,9.57
97,70,2,8.67
98,70,2,7.76
99,70,2,8.09
0,71,2,7.94
1,71,2,7.31
2,71,2,7.83
3,71,2,8.44
4,71,2,8.87
5,71,2,8.0
6,71,2,8.52
7,71,2,8.67
8,71,2,8.99
9,71,2,9.61
10,71,2,9.08
11,71,2,9.12
12,71,2,9.55
13,71,2,7.27
14,71,2,9.25
15,71,2,7.53
16,71,2,8.17
17,71,2,7.95
18,71,2,8.17
19,71,2,8.76
20,71,2,9.24
21,71,2,7.92
22,71,2,8.41
23,71,2,9.17
24,71,2,7.56
25,71,2,9.75
26,71,2,8.35
27,71,2,9.27
28,71,2,9.42
29,71,2,7.46
30,71,2,8.19
31,71,2,7.59
32,71,2,6.7
33,71,2,9.21
34,71,2,7.86
35,71,2,8.66
36,71,2,8.3
37,71,2,8.49
38,71,2,9.3
39,71,2,8.81
40,71,2,7.27
41,71,2,7.76
42,71,2,7.58
43,71,2,7.25
44,71,2,7.74
45,71,2,7.46
46,71,2,8.69
47,71,2,8.67
48,71,2,6.28
49,71,2,6.95
50,71,2,7.7
51,71,2,7.49
52,71,2,7.6
53,71,2,8.97
54,71,2,8.67
55,71,2,7.41
56,71,2,7.26
57,71,2,7.43
58,71,2,8.09
59,71,2,7.14
60,71,2,8.96
61,71,2,7.22
62,71,2,7.96
63,71,2,7.74
64,71,2,9.26
65,71,2,10.14
66,71,2,9.16
67,71,2,7.5
68,71,2,6.07
69,71,2,8.12
70,71,2,7.1
71,71,2,9.17
72,71,2,7.72
73,71,2,8.7
74,71,2,7.25
75,71,2,7.6
76,71,2,8.73
77,71,2,9.28
78,71,2,9.72
79,71,2,7.62
80,71,2,6.63
81,71,2,7.18
82,71,2,7.7
83,71,2,8.35
84,71,2,9.31
85,71,2,9.34
86,71,2,8.37
87,71,2,8.57
88,71,2,7.89
89,71,2,7.04
90,71,2,8.38
91,71,2,8.38
92,71,2,8.1
93,71,2,7.36
94,71,2,7.29
95,71,2,9.7
96,71,2,7.67
97,71,2,6.99
98,71,2,8.28
99,71,2,6.61
0,72,2,8.68
1,72,2,8.14
2,72,2,7.78
3,72,2,9.93
4,72,2,7.08
5,72,2,6.9
6,72,2,7.32
7,72,2,8.18
8,72,2,9.27
9,72,2,7.72
10,72,2,8.43
11,72,2,7.51
12,72,2,8.29
13,72,2,7.73
14,72,2,8.31
15,72,2,8.08
16,72,2,8.41
17,72,2,8.86
18,72,2,7.72
19,72,2,6.89
20,72,2,8.88
21,72,2,8.55
22,72,2,10.09
23,72,2,8.2
24,72,2,9.74
25,72,2,8.94
26,72,2,9.95
27,72,2,8.86
28,72,2,8.51
29,72,2,8.38
30,72,2,8.2
31,72,2,6.17
32,72,2,7.1
33,72,2,9.09
34,72,2,7.26
35,72,2,7.1
36,72,2,9.83
37,72,2,8.37
38,72,2,8.44
39,72,2,6.9
40,72,2,8.73
41,72,2,8.0
42,72,2,9.22
43,72,2,8.92
44,72,2,7.24
45,72,2,8.77
46,72,2,9.59
47,72,2,6.66
48,72,2,7.91
49,72,2,6.93
50,72,2,8.24
51,72,2,7.22
52,72,2,7.47
53,72,2,7.45
54,72,2,8.91
55,72,2,5.81
56,72,2,8.32
57,72,2,6.23
58,72,2,8.31
59,72,2,7.9
60,72,2,7.43
61,72,2,9.85
62,72,2,7.62
63,72,2,8.59
64,72,2,7.54
65,72,2,7.52
66,72,2,7.78
67,72,2,7.2
68,72,2,7.53
69,72,2,7.69
70,72,2,7.97
71,72,2,8.37
72,72,2,6.52
73,72,2,7.42
74,72,2,6.8
75,72,2,7.95
76,72,2,6.49
77,72,2,6.97
78,72,2,7.74
79,72,2,7.86
80,72,2,8.16
81,72,2,8.96
82,72,2,8.35
83,72,2,9.45
84,72,2,7.77
85,72,2,9.13
86,72,2,7.61
87,72,2,8.21
88,72,2,9.32
89,72,2,7.44
90,72,2,9.42
91,72,2,8.08
92,72,2,8.47
93,72,2,9.53
94,72,2,7.27
95,72,2,8.5
96,72,2,6.79
97,72,2,10.21
98,72,2,7.14
99,72,2,7.61
0,73,2,6.57
1,73,2,6.58
2,73,2,8.08
3,73,2,7.74
4,73,2,8.65
5,73,2,9.36
6,73,2,8.78
7,73,2,6.56
8,73,2,6.75
9,73,2,9.86
10,73,2,7.48
11,73,2,7.93
12,73,2,7.84
13,73,2,7.8
14,73,2,7.33
15,73,2,7.83
16,73,2,7.83
17,73,2,6.97
18,73,2,8.07
19,73,2,8.12
20,73,2,8.28
21,73,2,8.13
22,73,2,9.31
23,73,2,10.46
24,73,2,11.33
25,73,2,9.38
26,73,2,10.71
27,73,2,10.99
28,73,2,8.31
29,73,2,10.25
30,73,2,9.98
31,73,2,8.4
32,73,2,7.64
33,73,2,6.84
34,73,2,9.58
35,73,2,7.12
36,73,2,6.94
37,73,2,9.13
38,73,2,8.29
39,73,2,8.29
40,73,2,7.23
41,73,2,7.65
42,73,2,7.98
43,73,2,8.0
44,73,2,8.34
45,73,2,7.66
46,73,2,7.55
47,73,2,6.97
48,73,2,9.07
49,73,2,7.51
50,73,2,8.58
51,73,2,8.04
52,73,2,8.42
53,73,2,7.28
54,73,2,7.56
55,73,2,7.66
56,73,2,7.38
57,73,2,8.19
58,73,2,7.08
59,73,2,8.48
60,73,2,7.62
61,73,2,7.6
62,73,2,8.08
63,73,2,8.39
64,73,2,8.04
65,73,2,8.69
66,73,2,7.6
67,73,2,8.28
68,73,2,8.04
69,73,2,7.53
70,73,2,7.1
71,73,2,7.9
72,73,2,9.87
73,73,2,8.71
74,73,2,6.88
75,73,2,6.92
76,73,2,7.32
77,73,2,9.22
78,73,2,7.12
79,73,2,7.61
80,73,2,7.01
81,73,2,8.29
82,73,2,7.0
83,73,2,8.24
84,73,2,7.06
85,73,2,7.82
86,73,2,8.34
87,73,2,8.16
88,73,2,8.79
89,73,2,7.15
90,73,2,8.38
91,73,2,8.78
92,73,2,7.61
93,73,2,9.21
94,73,2,7.08
95,73,2,6.84
96,73,2,6.67
97,73,2,8.23
98,73,2,7.23
99,73,2,7.74
0,74,2,7.65
1,74,2,5.89
2,74,2,6.63
3,74,2,8.37
4,74,2,7.19
5,74,2,8.27
6,74,2,8.8
7,74,2,8.58
8,74,2,7.17
9,74,2,8.18
10,74,2,6.83
11,74,2,7.72
12,74,2,7.46
13,74,2,8.92
14,74,2,9.01
15,74,2,6.77
16,74,2,9.0
17,74,2,7.66
18,74,2,9.36
19,74,2,7.94
20,74,2,8.6
21,74,2,8.57
22,74,2,10.07
23,74,2,10.96
24,74,2,10.3
25,74,2,11.07
26,74,2,10.29
27,74,2,10.19
28,74,2,9.59
29,74,2,7.53
30,74,2,8.45
31,74,2,7.83
32,74,2,7.02
33,74,2,8.47
34,74,2,7.25
35,74,2,8.56
36,74,2,7.83
37,74,2,6.17
38,74,2,8.24
39,74,2,8.28
40,74,2,8.67
41,74,2,8.66
42,74,2,7.43
43,74,2,8.74
44,74,2,7.32
45,74,2,8.76
46,74,2,7.86
47,74,2,8.29
48,74,2,7.63
49,74,2,7.5
50,74,2,8.37
51,74,2,9.12
52,74,2,7.3
53,74,2,7.6
54,74,2,7.05
55,74,2,9.08
56,74,2,6.27
57,74,2,8.25
58,74,2,8.91
59,74,2,8.37
60,74,2,7.01
61,74,2,7.85
62,74,2,7.14
63,74,2,7.93
64,74,2,8.55
65,74,2,6.78
66,74,2,8.31
67,74,2,7.35
68,74,2,9.14
69,74,2,7.25
70,74,2,6.92
71,74,2,7.29
72,74,2,8.77
73,74,2,8.81
74,74,2,8.71
75,74,2,7.43
76,74,2,8.33
77,74,2,9.1
78,74,2,6.36
79,74,2,8.22
80,74,2,7.95
81,74,2,9.71
82,74,2,6.71
83,74,2,6.99
84,74,2,8.49
85,74,2,8.87
86,74,2,7.45
87,74,2,8.17
88,74,2,6.53
89,74,2,8.64
90,74,2,7.07
91,74,2,7.33
92,74,2,7.64
93,74,2,6.55
94,74,2,7.48
95,74,2,7.89
96,74,2,8.75
97,74,2,6.71
98,74,2,8.75
99,74,2,8.14
0,75,2,6.22
1,75,2,9.05
2,75,2,7.55
3,75,2,7.77
4,75,2,7.82
5,75,2,8.51
6,75,2,6.34
7,75,2,7.82
8,75,2,9.73
9,75,2,8.16
10,75,2,7.79
11,75,2,6.78
12,75,2,8.3
13,75,2,7.41
14,75,2,7.81
15,75,2,8.01
16,75,2,7.9
17,75,2,9.1
18,75,2,8.53
19,75,2,9.06
20,75,2,10.28
21,75,2,8.71
22,75,2,10.22
23,75,2,10.76
24,75,2,13.64
25,75,2,10.84
26,75,2,10.49
27,75,2,9.24
28,75,2,10.14
29,75,2,9.35
30,75,2,8.34
31,75,2,7.74
32,75,2,7.61
33,75,2,7.06
34,75,2,9.43
35,75,2,7.53
36,75,2,7.52
37,75,2,8.7
38,75,2,9.5
39,75,2,8.68
40,75,2,9.07
41,75,2,6.33
42,75,2,8.9
43,75,2,9.18
44,75,2,6.89
45,75,2,9.09
46,75,2,7.27
47,75,2,7.16
48,75,2,6.12
49,75,2,7.79
50,75,2,9.28
51,75,2,10.42
52,75,2,7.74
53,75,2,7.84
54,75,2,8.72
55,75,2,8.33
56,75,2,7.98
57,75,2,8.79
58,75,2,7.96
59,75,2,8.84
60,75,2,8.65
61,75,2,7.23
62,75,2,8.47
63,75,2,6.63
64,75,2,8.52
65,75,2,8.07
66,75,2,7.38
67,75,2,8.36
68,75,2,6.46
69,75,2,6.56
70,75,2,7.09
71,75,2,7.9
72,75,2,9.01
73,75,2,7.91
74,75,2,8.73
75,75,2,6.7
76,75,2,6.36
77,75,2,8.34
78,75,2,8.47
79,75,2,9.48
80,75,2,8.36
81,75,2,8.23
82,75,2,6.97
83,75,2,9.59
84,75,2,8.01
85,75,2,7.93
86,75,2,6.8
87,75,2,7.87
88,75,2,6.48
89,75,2,9.34
90,75,2,6.6
91,75,2,7.96
92,75,2,6.86
93,75,2,7.82
94,75,2,8.08
95,75,2,9.0
96,75,2,6.14
97,75,2,8.24
98,75,2,9.27
99,75,2,7.39
0,76,2,7.75
1,76,2,8.59
2,76,2,8.76
3,76,2,8.51
4,76,2,7.28
5,76,2,7.95
6,76,2,7.82
7,76,2,6.75
8,76,2,8.16
9,76,2,7.42
10,76,2,8.51
11,76,2,8.39
12,76,2,8.33
13,76,2,5.96
14,76,2,8.07
15,76,2,8.13
16,76,2,9.76
17,76,2,8.95
18,76,2,6.83
19,76,2,9.09
20,76,2,9.49
21,76,2,10.41
22,76,2,12.13
23,76,2,14.27
24,76,2,11.75
25,76,2,11.97
26,76,2,10.29
27,76,2,9.85
28,76,2,9.37
29,76,2,7.9
30,76,2,9.12
31,76,2,8.73
32,76,2,7.95
33,76,2,8.91
34,76,2,6.33
35,76,2,9.05
36,76,2,8.99
37,76,2,6.6
38,76,2,8.6
39,76,2,8.21
40,76,2,5.62
41,76,2,7.35
42,76,2,5.99
43,76,2,7.45
44,76,2,7.34
45,76,2,8.36
46,76,2,7.07
47,76,2,7.18
48,76,2,9.15
49,76,2,7.38
50,76,2,7.43
51,76,2,6.76
52,76,2,9.47
53,76,2,7.27
54,76,2,8.16
55,76,2,8.34
56,76,2,7.48
57,76,2,8.07
58,76,2,6.39
59,76,2,7.2
60,76,2,8.34
61,76,2,8.23
62,76,2,6.49
63,76,2,8.05
64,76,2,9.06
65,76,2,7.62
66,76,2,7.97
67,76,2,6.91
68,76,2,8.58
69,76,2,7.23
70,76,2,8.28
71,76,2,6.95
72,76,2,7.99
73,76,2,8.2
74,76,2,5.87
75,76,2,8.62
76,76,2,8.55
77,76,2,9.44
78,76,2,8.35
79,76,2,8.82
80,76,2,8.0
81,76,2,5.76
82,76,2,6.83
83,76,2,8.67
84,76,2,8.77
85,76,2,7.61
86,76,2,9.02
87,76,2,7.22
88,76,2,5.53
89,76,2,8.36
90,76,2,8.3
91,76,2,7.26
92,76,2,7.79
93,76,2,8.05
94,76,2,8.65
95,76,2,5.45
96,76,2,7.7
97,76,2,6.67
98,76,2,8.48
99,76,2,8.09
0,77,2,7.0
1,77,2,7.95
2,77,2,8.78
3,77,2,7.43
4,77,2,7.31
5,77,2,7.34
6,77,2,9.88
7,77,2,6.56
8,77,2,10.04
9,77,2,9.27
10,77,2,9.09
11,77,2,6.68
12,77,2,7.96
13,77,2,8.6
14,77,2,7.14
15,77,2,7.81
16,77,2,7.4
17,77,2,8.97
18,77,2,7.7
19,77,2,8.6
20,77,2,10.44
21,77,2,11.75
22,77,2,10.51
23,77,2,10.69
24,77,2,10.92
25,77,2,10.5
26,77,2,11.42
27,77,2,11.24
28,77,2,8.3
29,77,2,7.78
30,77,2,10.0
31,77,2,10.4
32,77,2,8.68
33,77,2,7.43
34,77,2,7.56
35,77,2,8.39
36,77,2,8.67
37,77,2,7.87
38,77,2,8.09
39,77,2,8.59
40,77,2,8.31
41,77,2,9.16
42,77,2,9.13
43,77,2,7.6
44,77,2,7.84
45,77,2,6.68
46,77,2,7.3
47,77,2,7.79
48,77,2,8.23
49,77,2,8.45
50,77,2,8.4
51,77,2,8.51
52,77,2,9.38
53,77,2,7.93
54,77,2,7.56
55,77,2,7.22
56,77,2,7.74
57,77,2,9.64
58,77,2,7.07
59,77,2,8.47
60,77,2,8.57
61,77,2,8.43
62,77,2,7.86
63,77,2,6.92
64,77,2,9.49
65,77,2,8.0
66,77,2,7.88
67,77,2,5.35
68,77,2,8.57
69,77,2,7.23
70,77,2,5.85
71,77,2,6.7
72,77,2,8.51
73,77,2,8.7
74,77,2,7.03
75,77,2,6.86
76,77,2,6.91
77,77,2,8.22
78,77,2,7.32
79,77,2,8.28
80,77,2,6.61
81,77,2,7.76
82,77,2,8.09
83,77,2,7.99
84,77,2,7.73
85,77,2,7.02
86,77,2,8.43
87,77,2,6.9
88,77,2,7.33
89,77,2,9.35
90,77,2,7.37
91,77,2,8.0
92,77,2,9.44
93,77,2,8.03
94,77,2,7.91
95,77,2,7.92
96,77,2,6.16
97,77,2,8.33
98,77,2,6.76
99,77,2,7.99
0,78,2,8.26
1,78,2,8.86
2,78,2,7.72
3,78,2,9.54
4,78,2,9.08
5,78,2,7.51
6,78,2,6.98
7,78,2,7.24
8,78,2,8.75
9,78,2,6.61
10,78,2,7.87
11,78,2,8.3
12,78,2,10.06
13,78,2,7.3
14,78,2,8.41
15,78,2,9.0
16,78,2,8.9
17,78,2,9.61
18,78,2,9.19
19,78,2,10.04
20,78,2,8.8
21,78,2,10.0
22,78,2,10.48
23,78,2,10.4
24,78,2,11.02
25,78,2,10.39
26,78,2,11.15
27,78,2,10.23
28,78,2,6.69
29,78,2,9.23
30,78,2,8.45
31,78,2,7.79
32,78,2,7.87
33,78,2,7.57
34,78,2,7.91
35,78,2,8.4
36,78,2,8.28
37,78,2,8.47
38,78,2,8.74
39,78,2,8.51
40,78,2,8.13
41,78,2,8.76
42,78,2,6.86
43,78,2,8.07
44,78,2,7.24
45,78,2,7.15
46,78,2,6.35
47,78,2,9.02
48,78,2,8.65
49,78,2,7.55
50,78,2,8.56
51,78,2,8.57
52,78,2,7.53
53,78,2,8.51
54,78,2,8.92
55,78,2,6.08
56,78,2,7.93
57,78,2,8.88
58,78,2,7.3
59,78,2,9.02
60,78,2,7.7
61,78,2,6.24
62,78,2,6.74
63,78,2,7.35
64,78,2,8.24
65,78,2,8.24
66,78,2,7.59
67,78,2,6.25
68,78,2,8.82
69,78,2,8.7
70,78,2,7.18
71,78,2,8.16
72,78,2,7.78
73,78,2,8.05
74,78,2,7.21
75,78,2,6.67
76,78,2,7.38
77,78,2,7.39
78,78,2,7.47
79,78,2,8.18
80,78,2,5.83
81,78,2,8.59
82,78,2,7.01
83,78,2,8.24
84,78,2,7.16
85,78,2,7.36
86,78,2,7.14
87,78,2,8.17
88,78,2,9.13
89,78,2,8.44
90,78,2,8.34
91,78,2,8.6
92,78,2,6.76
93,78,2,8.37
94,78,2,8.12
95,78,2,8.52
96,78,2,7.39
97,78,2,9.53
98,78,2,8.91
99,78,2,5.9
0,79,2,7.2
1,79,2,6.99
2,79,2,9.65
3,79,2,7.64
4,79,2,7.66
5,79,2,8.09
6,79,2,8.81
7,79,2,7.45
8,79,2,8.38
9,79,2,6.89
10,79,2,7.78
11,79,2,7.93
12,79,2,8.18
13,79,2,8.36
14,79,2,8.18
15,79,2,7.28
16,79,2,6.81
17,79,2,9.04
18,79,2,8.4
19,79,2,9.42
20,79,2,9.37
21,79,2,9.32
22,79,2,8.82
23,79,2,9.71
24,79,2,10.32
25,79,2,11.03
26,79,2,9.7
27,79,2,9.18
28,79,2,8.75
29,79,2,8.59
30,79,2,8.56
31,79,2,9.99
32,79,2,9.09
33,79,2,6.8
34,79,2,7.21
35,79,2,8.83
36,79,2,8.92
37,79,2,6.49
38,79,2,7.69
39,79,2,7.97
40,79,2,7.53
41,79,2,8.53
42,79,2,7.7
43,79,2,5.98
44,79,2,7.81
45,79,2,6.57
46,79,2,7.69
47,79,2,8.06
48,79,2,7.07
49,79,2,6.92
50,79,2,6.89
51,79,2,7.13
52,79,2,7.16
53,79,2,6.69
54,79,2,9.4
55,79,2,6.54
56,79,2,7.45
57,79,2,8.67
58,79,2,6.11
59,79,2,6.89
60,79,2,7.53
61,79,2,7.31
62,79,2,8.29
63,79,2,9.88
64,79,2,6.47
65,79,2,7.8
66,79,2,8.68
67,79,2,7.1
68,79,2,6.45
69,79,2,8.11
70,79,2,8.96
71,79,2,8.08
72,79,2,7.31
73,79,2,6.8
74,79,2,6.42
75,79,2,8.78
76,79,2,8.68
77,79,2,9.27
78,79,2,7.16
79,79,2,8.15
80,79,2,8.81
81,79,2,5.83
82,79,2,8.92
83,79,2,8.01
84,79,2,8.54
85,79,2,7.87
86,79,2,6.46
87,79,2,8.06
88,79,2,5.46
89,79,2,8.1
90,79,2,8.56
91,79,2,7.14
92,79,2,7.75
93,79,2,6.94
94,79,2,7.83
95,79,2,8.38
96,79,2,6.71
97,79,2,7.98
98,79,2,6.39
99,79,2,9.25
0,80,2,8.38
1,80,2,8.47
2,80,2,8.08
3,80,2,7.68
4,80,2,7.54
5,80,2,7.75
6,80,2,8.18
7,80,2,7.66
8,80,2,6.28
9,80,2,8.67
10,80,2,7.98
11,80,2,7.05
12,80,2,6.86
13,80,2,8.52
14,80,2,8.24
15,80,2,8.46
16,80,2,9.08
17,80,2,7.8
18,80,2,9.29
19,80,2,8.57
20,80,2,7.19
21,80,2,8.84
22,80,2,10.59
23,80,2,9.89
24,80,2,8.67
25,80,2,8.76
26,80,2,8.98
27,80,2,7.89
28,80,2,8.95
29,80,2,8.17
30,80,2,7.34
31,80,2,9.05
32,80,2,8.48
33,80,2,8.15
34,80,2,8.7
35,80,2,5.75
36,80,2,7.06
37,80,2,7.1
38,80,2,7.85
39,80,2,7.85
40,80,2,8.04
41,80,2,6.78
42,80,2,7.09
43,80,2,6.98
44,80,2,6.25
45,80,2,6.96
46,80,2,8.26
47,80,2,8.17
48,80,2,8.42
49,80,2,6.78
50,80,2,9.02
51,80,2,7.32
52,80,2,7.41
53,80,2,8.02
54,80,2,7.45
55,80,2,8.84
56,80,2,7.36
57,80,2,7.15
58,80,2,6.82
59,80,2,8.54
60,80,2,8.0
61,80,2,6.99
62,80,2,7.59
63,80,2,7.22
64,80,2,7.26
65,80,2,7.97
66,80,2,7.72
67,80,2,7.22
68,80,2,7.83
69,80,2,6.58
70,80,2,8.89
71,80,2,7.63
72,80,2,8.7
73,80,2,9.17
74,80,2,8.42
75,80,2,7.55
76,80,2,7.22
77,80,2,7.03
78,80,2,8.55
79,80,2,8.21
80,80,2,8.01
81,80,2,7.47
82,80,2,7.57
83,80,2,7.79
84,80,2,8.09
85,80,2,7.74
86,80,2,7.39
87,80,2,6.86
88,80,2,8.2
89,80,2,6.45
90,80,2,5.8
91,80,2,8.96
92,80,2,8.37
93,80,2,8.06
94,80,2,6.91
95,80,2,6.81
96,80,2,7.37
97,80,2,8.15
98,80,2,9.35
99,80,2,7.07
0,81,2,7.5
1,81,2,9.71
2,81,2,8.92
3,81,2,6.96
4,81,2,8.37
5,81,2,8.57
6,81,2,9.11
7,81,2,7.25
8,81,2,8.63
9,81,2,7.22
10,81,2,7.52
11,81,2,7.4
12,81,2,6.83
13,81,2,9.31
14,81,2,7.79
15,81,2,7.55
16,81,2,8.85
17,81,2,7.08
18,81,2,6.07
19,81,2,10.09
20,81,2,8.9
21,81,2,8.06
22,81,2,7.35
23,81,2,7.67
24,81,2,9.3
25,81,2,7.37
26,81,2,7.46
27,81,2,6.71
28,81,2,7.58
29,81,2,8.98
30,81,2,7.62
31,81,2,9.11
32,81,2,6.77
33,81,2,9.74
34,81,2,8.55
35,81,2,7.13
36,81,2,9.33
37,81,2,7.36
38,81,2,10.46
39,81,2,9.18
40,81,2,7.38
41,81,2,7.7
42,81,2,8.66
43,81,2,7.9
44,81,2,7.89
45,81,2,7.5
46,81,2,8.41
47,81,2,8.85
48,81,2,8.47
49,81,2,7.53
50,81,2,8.53
51,81,2,6.74
52,81,2,7.11
53,81,2,8.21
54,81,2,8.51
55,81,2,7.83
56,81,2,7.79
57,81,2,7.37
58,81,2,5.71
59,81,2,7.85
60,81,2,9.14
61,81,2,7.52
62,81,2,7.2
63,81,2,7.77
64,81,2,7.84
65,81,2,9.4
66,81,2,7.69
67,81,2,8.6
68,81,2,9.64
69,81,2,5.91
70,81,2,6.88
71,81,2,7.57
72,81,2,9.29
73,81,2,7.21
74,81,2,8.72
75,81,2,6.19
76,81,2,7.35
77,81,2,7.69
78,81,2,8.39
79,81,2,8.56
80,81,2,7.51
81,81,2,8.11
82,81,2,8.44
83,81,2,8.57
84,81,2,7.62
85,81,2,8.69
86,81,2,7.5
87,81,2,7.96
88,81,2,7.33
89,81,2,6.6
90,81,2,6.84
91,81,2,8.14
92,81,2,8.03
93,81,2,7.54
94,81,2,5.7
95,81,2,8.43
96,81,2,7.26
97,81,2,8.79
98,81,2,7.42
99,81,2,8.11
0,82,2,7.67
1,82,2,6.81
2,82,2,7.84
3,82,2,7.92
4,82,2,5.7
5,82,2,8.83
6,82,2,8.06
7,82,2,6.89
8,82,2,7.79
9,82,2,5.61
10,82,2,8.21
11,82,2,8.45
12,82,2,7.03
13,82,2,8.15
14,82,2,7.52
15,82,2,9.09
16,82,2,7.93
17,82,2,7.93
18,82,2,8.56
19,82,2,7.68
20,82,2,7.48
21,82,2,7.82
22,82,2,8.02
23,82,2,8.13
24,82,2,9.12
25,82,2,6.12
26,82,2,7.77
27,82,2,6.76
28,82,2,8.55
29,82,2,8.87
30,82,2,7.55
31,82,2,8.24
32,82,2,7.44
33,82,2,8.17
34,82,2,8.81
35,82,2,7.63
36,82,2,7.15
37,82,2,7.07
38,82,2,7.37
39,82,2,8.52
40,82,2,7.47
41,82,2,7.63
42,82,2,7.56
43,82,2,9.52
44,82,2,8.59
45,82,2,6.3
46,82,2,7.47
47,82,2,7.55
48,82,2,6.88
49,82,2,8.89
50,82,2,8.13
51,82,2,8.23
52,82,2,7.93
53,82,2,9.17
54,82,2,9.16
55,82,2,8.31
56,82,2,9.17
57,82,2,6.94
58,82,2,7.08
59,82,2,6.54
60,82,2,8.29
61,82,2,8.21
62,82,2,6.12
63,82,2,6.63
64,82,2,7.73
65,82,2,7.3
66,82,2,8.45
67,82,2,8.18
68,82,2,8.71
69,82,2,7.8
70,82,2,9.77
71,82,2,9.3
72,82,2,8.16
73,82,2,8.85
74,82,2,8.43
75,82,2,5.82
76,82,2,6.26
77,82,2,7.1
78,82,2,6.82
79,82,2,9.17
80,82,2,7.93
81,82,2,8.61
82,82,2,7.8
83,82,2,9.6
84,82,2,8.54
85,82,2,8.5
86,82,2,7.65
87,82,2,8.76
88,82,2,7.55
89,82,2,7.43
90,82,2,8.51
91,82,2,7.59
92,82,2,8.82
93,82,2,7.41
94,82,2,8.41
95,82,2,7.71
96,82,2,10.5
97,82,2,8.56
98,82,2,8.37
99,82,2,7.98
0,83,2,6.69
1,83,2,10.21
2,83,2,8.03
3,83,2,5.85
4,83,2,8.56
5,83,2,5.98
6,83,2,9.47
7,83,2,7.16
8,83,2,8.62
9,83,2,7.77
10,83,2,7.36
11,83,2,8.21
12,83,2,7.59
13,83,2,9.17
14,83,2,6.82
15,83,2,7.76
16,83,2,7.13
17,83,2,7.85
18,83,2,8.01
19,83,2,6.93
20,83,2,6.87
21,83,2,9.73
22,83,2,9.32
23,83,2,7.3
24,83,2,6.41
25,83,2,7.25
26,83,2,7.02
27,83,2,7.97
28,83,2,7.96
29,83,2,9.25
30,83,2,6.58
31,83,2,7.06
32,83,2,8.76
33,83,2,8.19
34,83,2,9.61
35,83,2,7.9
36,83,2,8.76
37,83,2,7.5
38,83,2,8.95
39,83,2,7.43
40,83,2,8.69
41,83,2,7.54
42,83,2,8.16
43,83,2,7.05
44,83,2,7.71
45,83,2,7.89
46,83,2,6.37
47,83,2,8.77
48,83,2,8.07
49,83,2,8.49
50,83,2,9.92
51,83,2,8.09
52,83,2,7.77
53,83,2,7.11
54,83,2,6.87
55,83,2,7.99
56,83,2,7.32
57,83,2,9.78
58,83,2,7.49
59,83,2,7.46
60,83,2,7.97
61,83,2,8.69
62,83,2,10.37
63,83,2,8.54
64,83,2,8.18
65,83,2,7.88
66,83,2,8.32
67,83,2,8.67
68,83,2,7.89
69,83,2,7.39
70,83,2,9.38
71,83,2,7.67
72,83,2,8.33
73,83,2,8.62
74,83,2,9.53
75,83,2,7.93
76,83,2,8.2
77,83,2,8.81
78,83,2,9.1
79,83,2,8.29
80,83,2,8.42
81,83,2,9.93
82,83,2,8.4
83,83,2,7.75
84,83,2,8.19
85,83,2,6.51
86,83,2,8.11
87,83,2,6.27
88,83,2,7.82
89,83,2,8.96
90,83,2,8.94
91,83,2,8.08
92,83,2,5.49
93,83,2,6.82
94,83,2,8.23
95,83,2,9.7
96,83,2,6.55
97,83,2,7.74
98,83,2,7.28
99,83,2,8.48
0,84,2,5.23
1,84,2,9.03
2,84,2,7.96
3,84,2,7.18
4,84,2,9.54
5,84,2,8.18
6,84,2,6.81
7,84,2,7.12
8,84,2,7.25
9,84,2,8.14
10,84,2,7.92
11,84,2,7.99
12,84,2,8.69
13,84,2,7.3
14,84,2,7.42
15,84,2,6.64
16,84,2,9.49
17,84,2,8.42
18,84,2,7.94
19,84,2,9.37
20,84,2,8.35
21,84,2,6.91
22,84,2,8.08
23,84,2,6.97
24,84,2,7.86
25,84,2,9.23
26,84,2,7.0
27,84,2,6.94
28,84,2,7.4
29,84,2,6.86
30,84,2,5.93
31,84,2,9.42
32,84,2,7.38
33,84,2,7.66
34,84,2,7.92
35,84,2,7.36
36,84,2,7.14
37,84,2,6.36
38,84,2,7.1
39,84,2,8.15
40,84,2,7.88
41,84,2,9.18
42,84,2,7.82
43,84,2,8.41
44,84,2,6.6
45,84,2,8.65
46,84,2,8.14
47,84,2,5.51
48,84,2,8.03
49,84,2,6.64
50,84,2,6.58
51,84,2,7.9
52,84,2,7.58
53,84,2,8.83
54,84,2,7.15
55,84,2,6.81
56,84,2,8.38
57,84,2,6.41
58,84,2,8.02
59,84,2,7.54
60,84,2,7.21
61,84,2,7.93
62,84,2,5.69
63,84,2,7.76
64,84,2,8.43
65,84,2,9.07
66,84,2,7.38
67,84,2,9.04
68,84,2,7.93
69,84,2,7.45
70,84,2,8.78
71,84,2,7.3
72,84,2,8.85
73,84,2,7.37
74,84,2,8.23
75,84,2,8.3
76,84,2,7.74
77,84,2,9.31
78,84,2,5.89
79,84,2,10.35
80,84,2,7.97
81,84,2,7.63
82,84,2,7.48
83,84,2,7.84
84,84,2,7.93
85,84,2,6.95
86,84,2,8.69
87,84,2,8.9
88,84,2,8.54
89,84,2,9.47
90,84,2,7.55
91,84,2,7.91
92,84,2,10.19
93,84,2,7.87
94,84,2,7.81
95,84,2,8.31
96,84,2,8.13
97,84,2,7.95
98,84,2,7.79
99,84,2,7.31
0,85,2,7.81
1,85,2,9.03
2,85,2,7.86
3,85,2,8.2
4,85,2,8.56
5,85,2,8.12
6,85,2,8.76
7,85,2,6.69
8,85,2,6.39
9,85,2,8.07
10,85,2,7.02
11,85,2,8.24
12,85,2,8.27
13,85,2,7.15
14,85,2,8.88
15,85,2,7.69
16,85,2,8.48
17,85,2,8.74
18,85,2,7.8
19,85,2,8.6
20,85,2,8.48
21,85,2,7.55
22,85,2,8.0
23,85,2,8.74
24,85,2,7.87
25,85,2,7.77
26,85,2,7.67
27,85,2,7.74
28,85,2,8.77
29,85,2,6.84
30,85,2,7.83
31,85,2,8.86
32,85,2,5.94
33,85,2,7.47
34,85,2,8.15
35,85,2,8.59
36,85,2,10.15
37,85,2,8.15
38,85,2,9.12
39,85,2,8.5
40,85,2,8.07
41,85,2,7.58
42,85,2,9.09
43,85,2,9.02
44,85,2,9.68
45,85,2,7.45
46,85,2,6.41
47,85,2,7.21
48,85,2,8.36
49,85,2,7.33
50,85,2,9.27
51,85,2,8.73
52,85,2,8.63
53,85,2,7.56
54,85,2,7.27
55,85,2,9.19
56,85,2,9.26
57,85,2,6.9
58,85,2,6.73
59,85,2,6.89
60,85,2,7.31
61,85,2,9.9
62,85,2,7.7
63,85,2,7.87
64,85,2,6.56
65,85,2,7.01
66,85,2,7.62
67,85,2,8.48
68,85,2,7.55
69,85,2,7.01
70,85,2,7.55
71,85,2,6.9
72,85,2,8.33
73,85,2,8.52
74,85,2,7.56
75,85,2,9.17
76,85,2,7.53
77,85,2,6.9
78,85,2,7.07
79,85,2,8.98
80,85,2,8.3
81,85,2,7.71
82,85,2,8.42
83,85,2,8.18
84,85,2,8.34
85,85,2,8.68
86,85,2,7.13
87,85,2,7.09
88,85,2,8.13
89,85,2,7.4
90,85,2,7.1
91,85,2,10.19
92,85,2,8.23
93,85,2,7.74
94,85,2,7.09
95,85,2,8.36
96,85,2,6.74
97,85,2,8.32
98,85,2,9.52
99,85,2,8.76
0,86,2,8.3
1,86,2,8.26
2,86,2,8.31
3,86,2,8.92
4,86,2,6.59
5,86,2,6.32
6,86,2,7.56
7,86,2,6.96
8,86,2,8.1
9,86,2,6.82
10,86,2,7.91
11,86,2,7.55
12,86,2,6.25
13,86,2,8.32
14,86,2,8.6
15,86,2,8.12
16,86,2,6.8
17,86,2,9.62
18,86,2,7.64
19,86,2,8.34
20,86,2,8.94
21,86,2,7.74
22,86,2,7.17
23,86,2,6.99
24,86,2,6.92
25,86,2,7.52
26,86,2,9.09
27,86,2,9.42
28,86,2,7.34
29,86,2,8.75
30,86,2,9.01
31,86,2,7.34
32,86,2,8.5
33,86,2,8.76
34,86,2,7.72
35,86,2,8.53
36,86,2,8.42
37,86,2,7.77
38,86,2,8.65
39,86,2,6.88
40,86,2,8.52
41,86,2,6.41
42,86,2,7.8
43,86,2,8.67
44,86,2,8.4
45,86,2,9.76
46,86,2,6.95
47,86,2,7.85
48,86,2,7.03
49,86,2,7.79
50,86,2,6.27
51,86,2,8.37
52,86,2,9.0
53,86,2,7.3
54,86,2,8.03
55,86,2,8.8
56,86,2,7.49
57,86,2,8.24
58,86,2,8.85
59,86,2,8.08
60,86,2,7.21
61,86,2,6.3
62,86,2,7.93
63,86,2,8.97
64,86,2,6.64
65,86,2,6.83
66,86,2,7.45
67,86,2,8.77
68,86,2,8.04
69,86,2,8.0
70,86,2,7.8
71,86,2,8.95
72,86,2,7.11
73,86,2,8.44
74,86,2,7.74
75,86,2,8.46
76,86,2,7.7
77,86,2,8.13
78,86,2,7.81
79,86,2,8.96
80,86,2,7.65
81,86,2,7.96
82,86,2,6.98
83,86,2,7.86
84,86,2,9.33
85,86,2,7.62
86,86,2,9.45
87,86,2,6.78
88,86,2,7.66
89,86,2,7.81
90,86,2,8.75
91,86,2,8.57
92,86,2,7.15
93,86,2,7.48
94,86,2,7.84
95,86,2,6.98
96,86,2,7.59
97,86,2,6.87
98,86,2,9.77
99,86,2,7.5
0,87,2,9.16
1,87,2,7.74
2,87,2,7.85
3,87,2,8.4
4,87,2,7.86
5,87,2,8.84
6,87,2,7.09
7,87,2,9.94
8,87,2,7.88
9,87,2,9.39
10,87,2,9.37
11,87,2,7.96
12,87,2,8.31
13,87,2,7.24
14,87,2,6.68
15,87,2,7.3
16,87,2,7.14
17,87,2,7.23
18,87,2,7.45
19,87,2,6.45
20,87,2,9.47
21,87,2,8.3
22,87,2,8.83
23,87,2,8.97
24,87,2,6.43
25,87,2,6.04
26,87,2,7.76
27,87,2,8.28
28,87,2,9.62
29,87,2,8.2
30,87,2,8.32
31,87,2,6.67
32,87,2,9.28
33,87,2,7.4
34,87,2,7.95
35,87,2,6.66
36,87,2,7.32
37,87,2,7.89
38,87,2,7.15
39,87,2,9.57
40,87,2,8.42
41,87,2,7.1
42,87,2,8.68
43,87,2,6.25
44,87,2,8.51
45,87,2,8.15
46,87,2,7.27
47,87,2,7.35
48,87,2,9.42
49,87,2,7.76
50,87,2,7.98
51,87,2,7.59
52,87,2,8.11
53,87,2,7.25
54,87,2,8.51
55,87,2,6.6
56,87,2,9.29
57,87,2,10.51
58,87,2,7.76
59,87,2,8.07
60,87,2,8.61
61,87,2,8.91
62,87,2,8.63
63,87,2,7.99
64,87,2,8.81
65,87,2,7.99
66,87,2,9.33
67,87,2,8.07
68,87,2,8.73
69,87,2,7.25
70,87,2,9.53
71,87,2,7.98
72,87,2,7.12
73,87,2,5.99
74,87,2,8.27
75,87,2,7.18
76,87,2,7.95
77,87,2,7.68
78,87,2,6.73
79,87,2,6.8
80,87,2,8.29
81,87,2,7.69
82,87,2,9.18
83,87,2,7.46
84,87,2,8.5
85,87,2,8.62
86,87,2,8.77
87,87,2,7.51
88,87,2,7.69
89,87,2,5.78
90,87,2,8.83
91,87,2,7.42
92,87,2,8.09
93,87,2,6.9
94,87,2,9.73
95,87,2,6.69
96,87,2,7.9
97,87,2,6.4
98,87,2,7.94
99,87,2,7.7
0,88,2,8.18
1,88,2,8.4
2,88,2,8.51
3,88,2,8.07
4,88,2,7.29
5,88,2,5.65
6,88,2,6.67
7,88,2,6.77
8,88,2,8.11
9,88,2,6.02
10,88,2,6.32
11,88,2,8.27
12,88,2,8.48
13,88,2,7.58
14,88,2,7.99
15,88,2,7.08
16,88,2,6.61
17,88,2,7.32
18,88,2,8.83
19,88,2,6.26
20,88,2,8.99
21,88,2,8.59
22,88,2,7.56
23,88,2,7.45
24,88,2,6.66
25,88,2,9.3
26,88,2,8.46
27,88,2,8.27
28,88,2,8.11
29,88,2,9.64
30,88,2,7.04
31,88,2,6.52
32,88,2,8.01
33,88,2,8.92
34,88,2,7.78
35,88,2,8.78
36,88,2,8.12
37,88,2,7.16
38,88,2,7.97
39,88,2,8.14
40,88,2,8.41
41,88,2,7.24
42,88,2,9.22
43,88,2,7.44
44,88,2,7.51
45,88,2,6.39
46,88,2,9.79
47,88,2,9.67
48,88,2,8.16
49,88,2,6.78
50,88,2,7.19
51,88,2,7.62
52,88,2,9.6
53,88,2,7.05
54,88,2,8.41
55,88,2,6.05
56,88,2,7.06
57,88,2,8.04
58,88,2,8.65
59,88,2,9.19
60,88,2,8.18
61,88,2,7.37
62,88,2,9.05
63,88,2,9.02
64,88,2,6.88
65,88,2,7.48
66,88,2,8.9
67,88,2,6.7
68,88,2,7.29
69,88,2,7.93
70,88,2,7.42
71,88,2,8.88
72,88,2,7.87
73,88,2,7.14
74,88,2,6.14
75,88,2,5.64
76,88,2,8.45
77,88,2,9.21
78,88,2,8.06
79,88,2,8.42
80,88,2,7.51
81,88,2,6.54
82,88,2,7.16
83,88,2,7.99
84,88,2,7.58
85,88,2,7.93
86,88,2,9.77
87,88,2,6.31
88,88,2,8.08
89,88,2,9.73
90,88,2,7.23
91,88,2,7.01
92,88,2,8.75
93,88,2,9.12
94,88,2,9.27
95,88,2,7.48
96,88,2,8.16
97,88,2,7.53
98,88,2,8.23
99,88,2,7.42
0,89,2,8.59
1,89,2,6.95
2,89,2,7.43
3,89,2,7.62
4,89,2,6.67
5,89,2,7.96
6,89,2,6.57
7,89,2,8.98
8,89,2,8.22
9,89,2,9.23
10,89,2,8.04
11,89,2,9.63
12,89,2,7.9
13,89,2,7.61
14,89,2,6.77
15,89,2,8.51
16,89,2,8.77
17,89,2,7.64
18,89,2,8.7
19,89,2,6.52
20,89,2,7.16
21,89,2,8.09
22,89,2,9.18
23,89,2,7.05
24,89,2,6.73
25,89,2,9.86
26,89,2,7.14
27,89,2,9.6
28,89,2,8.02
29,89,2,8.52
30,89,2,8.98
31,89,2,6.17
32,89,2,7.96
33,89,2,8.39
34,89,2,7.1
35,89,2,7.11
36,89,2,7.64
37,89,2,5.57
38,89,2,7.8
39,89,2,8.03
40,89,2,7.14
41,89,2,9.1
42,89,2,8.65
43,89,2,6.28
44,89,2,8.02
45,89,2,7.97
46,89,2,9.1
47,89,2,9.25
48,89,2,7.9
49,89,2,7.26
50,89,2,7.75
51,89,2,6.99
52,89,2,7.48
53,89,2,7.17
54,89,2,7.39
55,89,2,7.3
56,89,2,8.39
57,89,2,8.87
58,89,2,8.04
59,89,2,8.36
60,89,2,8.27
61,89,2,7.36
62,89,2,6.7
63,89,2,9.69
64,89,2,9.62
65,89,2,7.56
66,89,2,7.71
67,89,2,8.39
68,89,2,9.19
69,89,2,7.03
70,89,2,7.11
71,89,2,10.04
72,89,2,7.18
73,89,2,8.86
74,89,2,8.28
75,89,2,9.3
76,89,2,8.54
77,89,2,7.53
78,89,2,7.58
79,89,2,7.57
80,89,2,8.06
81,89,2,8.26
82,89,2,7.9
83,89,2,7.76
84,89,2,8.92
85,89,2,8.79
86,89,2,7.77
87,89,2,8.93
88,89,2,8.74
89,89,2,7.01
90,89,2,8.39
91,89,2,7.17
92,89,2,7.93
93,89,2,6.88
94,89,2,6.58
95,89,2,8.7
96,89,2,8.38
97,89,2,8.62
98,89,2,8.13
99,89,2,8.94
0,90,2,8.57
1,90,2,9.47
2,90,2,7.64
3,90,2,8.3
4,90,2,8.19
5,90,2,7.81
6,90,2,8.33
7,90,2,8.41
8,90,2,7.67
9,90,2,7.46
10,90,2,7.39
11,90,2,8.41
12,90,2,9.1
13,90,2,8.37
14,90,2,7.33
15,90,2,8.41
16,90,2,7.24
17,90,2,9.12
18,90,2,6.83
19,90,2,7.25
20,90,2,8.26
21,90,2,8.41
22,90,2,8.84
23,90,2,8.08
24,90,2,7.86
25,90,2,8.29
26,90,2,8.27
27,90,2,9.21
28,90,2,7.96
29,90,2,7.09
30,90,2,7.4
31,90,2,8.07
32,90,2,9.88
33,90,2,7.2
34,90,2,7.4
35,90,2,7.94
36,90,2,7.88
37,90,2,8.81
38,90,2,6.91
39,90,2,7.7
40,90,2,7.15
41,90,2,10.7
42,90,2,9.01
43,90,2,8.23
44,90,2,7.32
45,90,2,6.62
46,90,2,7.78
47,90,2,7.95
48,90,2,9.1
49,90,2,9.69
50,90,2,7.31
51,90,2,8.45
52,90,2,8.73
53,90,2,6.44
54,90,2,8.61
55,90,2,7.52
56,90,2,7.98
57,90,2,7.67
58,90,2,8.65
59,90,2,6.85
60,90,2,8.7
61,90,2,8.47
62,90,2,7.52
63,90,2,7.02
64,90,2,8.42
65,90,2,7.24
66,90,2,6.47
67,90,2,9.27
68,90,2,8.01
69,90,2,7.34
70,90,2,8.81
71,90,2,10.15
72,90,2,8.59
73,90,2,8.33
74,90,2,7.87
75,90,2,8.99
76,90,2,9.0
77,90,2,7.72
78,90,2,9.19
79,90,2,8.14
80,90,2,7.41
81,90,2,8.35
82,90,2,6.12
83,90,2,7.79
84,90,2,10.44
85,90,2,8.39
86,90,2,6.87
87,90,2,6.84
88,90,2,7.22
89,90,2,7.82
90,90,2,8.63
91,90,2,9.47
92,90,2,6.52
93,90,2,8.9
94,90,2,8.13
95,90,2,9.63
96,90,2,9.65
97,90,2,6.7
98,90,2,5.7
99,90,2,9.62
0,91,2,9.57
1,91,2,7.15
2,91,2,7.87
3,91,2,8.19
4,91,2,7.84
5,91,2,7.92
6,91,2,7.76
7,91,2,8.07
8,91,2,6.67
9,91,2,7.37
10,91,2,6.11
11,91,2,8.86
12,91,2,7.51
13,91,2,6.78
14,91,2,8.48
15,91,2,7.32
16,91,2,8.02
17,91,2,8.4
18,91,2,7.34
19,91,2,8.39
20,91,2,8.15
21,91,2,7.17
22,91,2,8.55
23,91,2,6.64
24,91,2,6.71
25,91,2,6.91
26,91,2,4.98
27,91,2,8.22
28,91,2,8.79
29,91,2,9.28
30,91,2,8.7
31,91,2,8.46
32,91,2,8.6
33,91,2,8.55
34,91,2,9.52
35,91,2,7.32
36,91,2,8.12
37,91,2,8.37
38,91,2,7.68
39,91,2,7.71
40,91,2,8.16
41,91,2,8.43
42,91,2,7.49
43,91,2,6.37
44,91,2,8.01
45,91,2,7.56
46,91,2,6.58
47,91,2,7.03
48,91,2,7.91
49,91,2,5.54
50,91,2,8.56
51,91,2,6.64
52,91,2,6.4
53,91,2,6.38
54,91,2,9.31
55,91,2,9.41
56,91,2,8.43
57,91,2,7.55
58,91,2,7.6
59,91,2,7.57
60,91,2,7.0
61,91,2,6.99
62,91,2,7.63
63,91,2,7.56
64,91,2,7.81
65,91,2,7.83
66,91,2,7.03
67,91,2,7.41
68,91,2,6.67
69,91,2,9.22
70,91,2,9.37
71,91,2,7.04
72,91,2,8.57
73,91,2,7.63
74,91,2,7.9
75,91,2,7.15
76,91,2,7.33
77,91,2,8.47
78,91,2,8.37
79,91,2,8.29
80,91,2,7.26
81,91,2,6.86
82,91,2,7.74
83,91,2,7.66
84,91,2,7.01
85,91,2,6.28
86,91,2,8.27
87,91,2,7.28
88,91,2,7.44
89,91,2,9.61
90,91,2,7.5
91,91,2,8.38
92,91,2,8.29
93,91,2,8.15
94,91,2,7.14
95,91,2,7.65
96,91,2,8.79
97,91,2,7.88
98,91,2,7.36
99,91,2,8.97
0,92,2,7.27
1,92,2,6.91
2,92,2,6.76
3,92,2,7.05
4,92,2,7.09
5,92,2,7.29
6,92,2,8.91
7,92,2,8.1
8,92,2,8.22
9,92,2,8.55
10,92,2,8.52
11,92,2,7.55
12,92,2,7.74
13,92,2,8.08
14,92,2,8.16
15,92,2,8.6
16,92,2,6.66
17,92,2,7.28
18,92,2,8.16
19,92,2,7.15
20,92,2,7.27
21,92,2,8.73
22,92,2,6.84
23,92,2,7.42
24,92,2,7.15
25,92,2,9.27
26,92,2,8.39
27,92,2,8.09
28,92,2,8.52
29,92,2,7.87
30,92,2,9.15
31,92,2,8.87
32,92,2,8.66
33,92,2,5.9
34,92,2,9.68
35,92,2,6.77
36,92,2,7.42
37,92,2,7.33
38,92,2,6.39
39,92,2,7.85
40,92,2,6.26
41,92,2,9.34
42,92,2,9.82
43,92,2,8.33
44,92,2,9.63
45,92,2,6.61
46,92,2,8.75
47,92,2,7.15
48,92,2,7.9
49,92,2,9.62
50,92,2,7.1
51,92,2,7.5
52,92,2,7.66
53,92,2,7.36
54,92,2,9.75
55,92,2,7.83
56,92,2,8.84
57,92,2,8.72
58,92,2,10.18
59,92,2,9.8
60,92,2,6.26
61,92,2,7.55
62,92,2,7.54
63,92,2,7.17
64,92,2,8.28
65,92,2,8.13
66,92,2,8.13
67,92,2,7.8
68,92,2,6.69
69,92,2,8.51
70,92,2,6.65
71,92,2,8.56
72,92,2,7.87
73,92,2,7.78
74,92,2,7.75
75,92,2,8.67
76,92,2,6.19
77,92,2,8.95
78,92,2,7.25
79,92,2,8.33
80,92,2,7.75
81,92,2,7.59
82,92,2,8.0
83,92,2,6.87
84,92,2,9.07
85,92,2,8.71
86,92,2,7.61
87,92,2,8.53
88,92,2,8.45
89,92,2,8.84
90,92,2,8.57
91,92,2,8.81
92,92,2,6.0
93,92,2,9.0
94,92,2,7.51
95,92,2,8.91
96,92,2,8.92
97,92,2,10.01
98,92,2,8.38
99,92,2,7.77
0,93,2,9.35
1,93,2,7.26
2,93,2,7.83
3,93,2,8.14
4,93,2,7.48
5,93,2,7.37
6,93,2,8.11
7,93,2,7.77
8,93,2,7.09
9,93,2,6.5
10,93,2,9.19
11,93,2,8.46
12,93,2,7.32
13,93,2,8.0
14,93,2,6.79
15,93,2,9.53
16,93,2,7.39
17,93,2,6.67
18,93,2,8.39
19,93,2,8.7
20,93,2,8.26
21,93,2,7.16
22,93,2,8.32
23,93,2,8.69
24,93,2,8.43
25,93,2,9.4
26,93,2,9.2
27,93,2,8.73
28,93,2,6.59
29,93,2,7.53
30,93,2,6.94
31,93,2,8.7
32,93,2,8.24
33,93,2,7.77
34,93,2,9.02
35,93,2,8.62
36,93,2,6.18
37,93,2,9.35
38,93,2,7.48
39,93,2,7.19
40,93,2,7.85
41,93,2,8.54
42,93,2,9.67
43,93,2,7.58
44,93,2,8.07
45,93,2,7.84
46,93,2,9.1
47,93,2,9.11
48,93,2,7.9
49,93,2,8.37
50,93,2,7.59
51,93,2,6.31
52,93,2,6.7
53,93,2,7.24
54,93,2,7.87
55,93,2,7.9
56,93,2,7.68
57,93,2,9.62
58,93,2,7.12
59,93,2,7.21
60,93,2,7.55
61,93,2,9.43
62,93,2,6.91
63,93,2,7.42
64,93,2,8.84
65,93,2,8.5
66,93,2,7.29
67,93,2,8.0
68,93,2,7.47
69,93,2,6.43
70,93,2,7.74
71,93,2,9.34
72,93,2,9.57
73,93,2,8.38
74,93,2,8.96
75,93,2,9.13
76,93,2,7.91
77,93,2,7.32
78,93,2,8.59
79,93,2,9.87
80,93,2,9.42
81,93,2,6.81
82,93,2,7.5
83,93,2,7.85
84,93,2,7.26
85,93,2,8.95
86,93,2,8.78
87,93,2,8.98
88,93,2,7.95
89,93,2,7.62
90,93,2,8.55
91,93,2,7.9
92,93,2,8.14
93,93,2,7.57
94,93,2,8.14
95,93,2,5.87
96,93,2,6.41
97,93,2,7.71
98,93,2,8.19
99,93,2,9.01
0,94,2,8.26
1,94,2,9.36
2,94,2,8.3
3,94,2,9.2
4,94,2,9.13
5,94,2,7.3
6,94,2,8.97
7,94,2,9.24
8,94,2,7.32
9,94,2,8.04
10,94,2,6.7
11,94,2,10.6
12,94,2,9.66
13,94,2,9.12
14,94,2,9.2
15,94,2,8.33
16,94,2,8.53
17,94,2,7.84
18,94,2,9.27
19,94,2,8.54
20,94,2,7.67
21,94,2,7.36
22,94,2,9.05
23,94,2,8.36
24,94,2,5.96
25,94,2,9.56
26,94,2,8.59
27,94,2,8.93
28,94,2,6.05
29,94,2,6.95
30,94,2,7.48
31,94,2,7.64
32,94,2,8.47
33,94,2,6.33
34,94,2,8.2
35,94,2,9.43
36,94,2,7.63
37,94,2,9.81
38,94,2,7.83
39,94,2,8.9
40,94,2,8.65
41,94,2,8.53
42,94,2,8.85
43,94,2,9.01
44,94,2,7.97
45,94,2,7.6
46,94,2,7.67
47,94,2,7.79
48,94,2,8.07
49,94,2,6.82
50,94,2,9.58
51,94,2,8.42
52,94,2,7.62
53,94,2,9.05
54,94,2,8.28
55,94,2,8.34
56,94,2,6.5
57,94,2,8.99
58,94,2,7.57
59,94,2,7.12
60,94,2,6.81
61,94,2,9.21
62,94,2,7.79
63,94,2,7.5
64,94,2,7.54
65,94,2,7.48
66,94,2,6.5
67,94,2,7.86
68,94,2,8.16
69,94,2,7.76
70,94,2,7.01
71,94,2,7.47
72,94,2,8.08
73,94,2,8.8
74,94,2,7.8
75,94,2,9.02
76,94,2,9.25
77,94,2,7.59
78,94,2,9.54
79,94,2,8.37
80,94,2,8.49
81,94,2,5.47
82,94,2,7.76
83,94,2,8.22
84,94,2,7.05
85,94,2,8.08
86,94,2,7.0
87,94,2,6.49
88,94,2,7.15
89,94,2,7.11
90,94,2,6.5
91,94,2,6.36
92,94,2,8.46
93,94,2,7.8
94,94,2,7.61
95,94,2,8.39
96,94,2,8.36
97,94,2,7.64
98,94,2,7.73
99,94,2,9.14
0,95,2,6.4
1,95,2,8.37
2,95,2,8.65
3,95,2,6.88
4,95,2,8.65
5,95,2,8.23
6,95,2,8.28
7,95,2,7.88
8,95,2,7.03
9,95,2,7.42
10,95,2,8.64
11,95,2,7.36
12,95,2,8.74
13,95,2,7.27
14,95,2,6.45
15,95,2,8.73
16,95,2,8.32
17,95,2,7.56
18,95,2,8.28
19,95,2,8.72
20,95,2,9.88
21,95,2,9.15
22,95,2,7.49
23,95,2,7.9
24,95,2,5.05
25,95,2,8.48
26,95,2,8.38
27,95,2,6.83
28,95,2,8.01
29,95,2,6.0
30,95,2,7.65
31,95,2,6.98
32,95,2,9.17
33,95,2,8.42
34,95,2,6.84
35,95,2,7.07
36,95,2,9.48
37,95,2,6.93
38,95,2,6.39
39,95,2,7.32
40,95,2,6.75
41,95,2,8.67
42,95,2,8.52
43,95,2,7.97
44,95,2,8.04
45,95,2,8.29
46,95,2,8.09
47,95,2,7.38
48,95,2,8.8
49,95,2,8.18
50,95,2,8.82
51,95,2,6.75
52,95,2,6.67
53,95,2,6.83
54,95,2,8.53
55,95,2,7.02
56,95,2,8.14
57,95,2,6.93
58,95,2,8.4
59,95,2,8.7
60,95,2,7.95
61,95,2,9.54
62,95,2,8.52
63,95,2,8.62
64,95,2,7.1
65,95,2,9.01
66,95,2,7.62
67,95,2,8.16
68,95,2,8.44
69,95,2,8.67
70,95,2,7.23
71,95,2,8.97
72,95,2,7.74
73,95,2,8.41
74,95,2,9.1
75,95,2,8.31
76,95,2,8.8
77,95,2,8.95
78,95,2,8.42
79,95,2,8.27
80,95,2,7.39
81,95,2,8.2
82,95,2,7.99
83,95,2,8.12
84,95,2,8.05
85,95,2,8.39
86,95,2,8.38
87,95,2,8.63
88,95,2,6.34
89,95,2,10.15
90,95,2,6.68
91,95,2,9.26
92,95,2,9.2
93,95,2,7.73
94,95,2,8.08
95,95,2,7.52
96,95,2,9.16
97,95,2,8.14
98,95,2,7.03
99,95,2,8.13
0,96,2,9.16
1,96,2,7.52
2,96,2,7.36
3,96,2,10.0
4,96,2,9.32
5,96,2,8.32
6,96,2,8.08
7,96,2,9.24
8,96,2,7.42
9,96,2,8.45
10,96,2,7.94
11,96,2,8.07
12,96,2,9.24
13,96,2,7.06
14,96,2,8.93
15,96,2,8.93
16,96,2,8.17
17,96,2,7.72
18,96,2,8.13
19,96,2,7.75
20,96,2,8.04
21,96,2,7.22
22,96,2,7.18
23,96,2,9.29
24,96,2,8.48
25,96,2,7.83
26,96,2,6.81
27,96,2,6.7
28,96,2,5.48
29,96,2,7.52
30,96,2,8.8
31,96,2,8.67
32,96,2,8.46
33,96,2,7.81
34,96,2,8.54
35,96,2,9.37
36,96,2,9.03
37,96,2,7.73
38,96,2,6.9
39,96,2,6.29
40,96,2,9.11
41,96,2,7.91
42,96,2,9.01
43,96,2,8.02
44,96,2,6.93
45,96,2,6.42
46,96,2,8.04
47,96,2,7.85
48,96,2,9.43
49,96,2,8.93
50,96,2,7.34
51,96,2,7.66
52,96,2,8.55
53,96,2,8.16
54,96,2,10.64
55,96,2,8.24
56,96,2,7.7
57,96,2,7.57
58,96,2,7.92
59,96,2,7.69
60,96,2,7.87
61,96,2,7.62
62,96,2,8.87
63,96,2,9.0
64,96,2,7.87
65,96,2,7.88
66,96,2,8.36
67,96,2,8.49
68,96,2,8.63
69,96,2,7.83
70,96,2,8.78
71,96,2,7.55
72,96,2,7.58
73,96,2,7.41
74,96,2,7.4
75,96,2,7.85
76,96,2,8.02
77,96,2,7.14
78,96,2,7.07
79,96,2,7.27
80,96,2,5.13
81,96,2,8.58
82,96,2,8.04
83,96,2,6.79
84,96,2,7.9
85,96,2,9.09
86,96,2,9.23
87,96,2,8.55
88,96,2,8.28
89,96,2,7.56
90,96,2,5.74
91,96,2,6.27
92,96,2,8.79
93,96,2,7.09
94,96,2,7.58
95,96,2,8.44
96,96,2,7.55
97,96,2,9.17
98,96,2,8.02
99,96,2,7.75
0,97,2,8.07
1,97,2,7.34
2,97,2,6.87
3,97,2,9.5
4,97,2,7.41
5,97,2,7.79
6,97,2,8.91
7,97,2,8.71
8,97,2,8.53
9,97,2,6.29
10,97,2,7.67
11,97,2,8.05
12,97,2,7.39
13,97,2,7.89
14,97,2,8.46
15,97,2,8.34
16,97,2,7.85
17,97,2,7.48
18,97,2,7.53
19,97,2,6.14
20,97,2,7.64
21,97,2,6.0
22,97,2,6.84
23,97,2,7.13
24,97,2,8.02
25,97,2,8.68
26,97,2,8.12
27,97,2,7.14
28,97,2,6.19
29,97,2,8.32
30,97,2,7.81
31,97,2,6.86
32,97,2,8.59
33,97,2,6.07
34,97,2,9.15
35,97,2,7.69
36,97,2,7.72
37,97,2,7.8
38,97,2,6.65
39,97,2,8.66
40,97,2,10.1
41,97,2,8.25
42,97,2,8.76
43,97,2,7.11
44,97,2,6.65
45,97,2,9.49
46,97,2,7.6
47,97,2,9.62
48,97,2,6.61
49,97,2,8.58
50,97,2,9.61
51,97,2,7.04
52,97,2,7.2
53,97,2,8.08
54,97,2,7.93
55,97,2,9.24
56,97,2,7.63
57,97,2,7.81
58,97,2,7.18
59,97,2,6.9
60,97,2,8.25
61,97,2,6.02
62,97,2,6.94
63,97,2,7.73
64,97,2,6.84
65,97,2,7.29
66,97,2,6.0
67,97,2,8.48
68,97,2,7.88
69,97,2,8.8
70,97,2,7.75
71,97,2,7.46
72,97,2,8.45
73,97,2,7.75
74,97,2,9.52
75,97,2,7.92
76,97,2,10.16
77,97,2,9.72
78,97,2,9.33
79,97,2,8.44
80,97,2,9.81
81,97,2,7.01
82,97,2,8.83
83,97,2,6.2
84,97,2,6.06
85,97,2,8.68
86,97,2,6.79
87,97,2,8.83
88,97,2,7.63
89,97,2,7.64
90,97,2,8.43
91,97,2,7.75
92,97,2,7.12
93,97,2,8.37
94,97,2,6.53
95,97,2,6.91
96,97,2,7.34
97,97,2,7.56
98,97,2,7.11
99,97,2,8.53
0,98,2,6.41
1,98,2,9.25
2,98,2,6.69
3,98,2,8.08
4,98,2,7.6
5,98,2,7.34
6,98,2,8.14
7,98,2,7.55
8,98,2,8.25
9,98,2,8.28
10,98,2,6.51
11,98,2,8.8
12,98,2,7.16
13,98,2,6.01
14,98,2,7.18
15,98,2,9.43
16,98,2,9.68
17,98,2,9.18
18,98,2,5.98
19,98,2,7.04
20,98,2,7.06
21,98,2,8.13
22,98,2,7.65
23,98,2,9.36
24,98,2,7.66
25,98,2,8.88
26,98,2,9.5
27,98,2,7.89
28,98,2,6.37
29,98,2,7.1
30,98,2,7.2
31,98,2,7.15
32,98,2,7.59
33,98,2,7.09
34,98,2,7.4
35,98,2,7.38
36,98,2,8.03
37,98,2,9.62
38,98,2,6.96
39,98,2,6.1
40,98,2,7.72
41,98,2,6.33
42,98,2,7.94
43,98,2,8.58
44,98,2,7.89
45,98,2,6.75
46,98,2,7.69
47,98,2,6.18
48,98,2,8.26
49,98,2,7.35
50,98,2,8.33
51,98,2,6.77
52,98,2,8.19
53,98,2,7.07
54,98,2,9.25
55,98,2,6.34
56,98,2,6.87
57,98,2,8.91
58,98,2,6.85
59,98,2,6.57
60,98,2,7.4
61,98,2,8.37
62,98,2,8.95
63,98,2,7.71
64,98,2,9.54
65,98,2,8.26
66,98,2,9.48
67,98,2,8.18
68,98,2,9.0
69,98,2,7.8
70,98,2,7.23
71,98,2,6.44
72,98,2,6.37
73,98,2,7.66
74,98,2,7.05
75,98,2,7.04
76,98,2,7.49
77,98,2,10.11
78,98,2,7.21
79,98,2,7.07
80,98,2,7.23
81,98,2,8.23
82,98,2,8.07
83,98,2,8.11
84,98,2,7.25
85,98,2,8.64
86,98,2,7.96
87,98,2,8.21
88,98,2,8.39
89,98,2,7.61
90,98,2,7.06
91,98,2,8.65
92,98,2,8.2
93,98,2,7.36
94,98,2,7.61
95,98,2,6.21
96,98,2,8.76
97,98,2,8.34
98,98,2,9.11
99,98,2,7.31
0,99,2,8.56
1,99,2,6.58
2,99,2,5.53
3,99,2,8.46
4,99,2,7.99
5,99,2,6.88
6,99,2,8.77
7,99,2,7.1
8,99,2,7.56
9,99,2,7.38
10,99,2,7.23
11,99,2,9.23
12,99,2,8.63
13,99,2,8.81
14,99,2,7.34
15,99,2,6.33
16,99,2,8.29
17,99,2,8.83
18,99,2,7.48
19,99,2,6.38
20,99,2,7.94
21,99,2,8.41
22,99,2,6.54
23,99,2,8.9
24,99,2,7.12
25,99,2,7.56
26,99,2,7.0
27,99,2,7.67
28,99,2,8.48
29,99,2,7.71
30,99,2,7.24
31,99,2,8.93
32,99,2,7.64
33,99,2,7.51
34,99,2,7.13
35,99,2,8.64
36,99,2,8.5
37,99,2,7.45
38,99,2,6.8
39,99,2,8.34
40,99,2,7.96
41,99,2,8.64
42,99,2,8.42
43,99,2,6.66
44,99,2,7.77
45,99,2,7.31
46,99,2,6.27
47,99,2,7.33
48,99,2,6.66
49,99,2,8.87
50,99,2,8.12
51,99,2,6.15
52,99,2,6.43
53,99,2,7.3
54,99,2,7.59
55,99,2,7.71
56,99,2,8.55
57,99,2,8.15
58,99,2,8.59
59,99,2,6.64
60,99,2,8.1
61,99,2,8.15
62,99,2,8.13
63,99,2,8.05
64,99,2,8.35
65,99,2,8.76
66,99,2,8.34
67,99,2,7.18
68,99,2,7.39
69,99,2,9.14
70,99,2,7.88
71,99,2,7.97
72,99,2,7.73
73,99,2,6.13
74,99,2,7.35
75,99,2,7.32
76,99,2,7.72
77,99,2,11.96
78,99,2,7.66
79,99,2,6.72
80,99,2,8.57
81,99,2,6.96
82,99,2,8.47
83,99,2,6.31
84,99,2,8.26
85,99,2,5.38
86,99,2,7.0
87,99,2,7.38
88,99,2,8.2
89,99,2,7.39
90,99,2,8.11
91,99,2,7.07
92,99,2,7.65
93,99,2,7.75
94,99,2,7.23
95,99,2,7.57
96,99,2,8.73
97,99,2,7.21
98,99,2,7.36
99,99,2,7.97
0,0,3,6.86
1,0,3,6.81
2,0,3,6.89
3,0,3,6.82
4,0,3,8.14
5,0,3,8.49
6,0,3,6.92
7,0,3,6.57
8,0,3,8.77
9,0,3,7.29
10,0,3,5.9
11,0,3,6.6
12,0,3,8.41
13,0,3,10.03
14,0,3,7.42
15,0,3,7.61
16,0,3,8.39
17,0,3,7.84
18,0,3,8.21
19,0,3,9.08
20,0,3,6.54
21,0,3,7.58
22,0,3,6.59
23,0,3,7.05
24,0,3,5.57
25,0,3,7.89
26,0,3,9.75
27,0,3,7.16
28,0,3,5.43
29,0,3,6.03
30,0,3,7.04
31,0,3,8.21
32,0,3,9.07
33,0,3,6.23
34,0,3,7.31
35,0,3,7.92
36,0,3,9.15
37,0,3,6.95
38,0,3,6.42
39,0,3,7.42
40,0,3,6.9
41,0,3,7.22
42,0,3,6.76
43,0,3,6.22
44,0,3,6.41
45,0,3,7.99
46,0,3,7.11
47,0,3,7.41
48,0,3,7.91
49,0,3,7.96
50,0,3,8.01
51,0,3,6.9
52,0,3,7.07
53,0,3,7.56
54,0,3,7.37
55,0,3,8.4
56,0,3,7.39
57,0,3,7.8
58,0,3,8.8
59,0,3,6.96
60,0,3,7.14
61,0,3,7.31
62,0,3,8.32
63,0,3,8.34
64,0,3,7.41
65,0,3,7.53
66,0,3,7.68
67,0,3,7.35
68,0,3,7.57
69,0,3,6.0
70,0,3,8.75
71,0,3,5.82
72,0,3,5.96
73,0,3,7.34
74,0,3,7.2
75,0,3,8.35
76,0,3,8.95
77,0,3,6.83
78,0,3,5.44
79,0,3,6.57
80,0,3,6.63
81,0,3,8.29
82,0,3,6.7
83,0,3,6.69
84,0,3,6.59
85,0,3,8.59
86,0,3,7.24
87,0,3,7.49
88,0,3,8.46
89,0,3,6.03
90,0,3,6.25
91,0,3,6.68
92,0,3,8.34
93,0,3,8.8
94,0,3,7.12
95,0,3,6.24
96,0,3,8.1
97,0,3,6.19
98,0,3,8.58
99,0,3,7.95
0,1,3,7.34
1,1,3,7.47
2,1,3,7.23
3,1,3,7.93
4,1,3,7.49
5,1,3,7.01
6,1,3,8.28
7,1,3,7.02
8,1,3,8.45
9,1,3,6.18
10,1,3,8.41
11,1,3,7.31
12,1,3,8.35
13,1,3,6.9
14,1,3,9.25
15,1,3,8.76
16,1,3,6.52
17,1,3,6.4
18,1,3,8.15
19,1,3,5.58
20,1,3,6.74
21,1,3,8.42
22,1,3,8.14
23,1,3,7.88
24,1,3,7.45
25,1,3,8.53
26,1,3,8.29
27,1,3,7.97
28,1,3,6.97
29,1,3,7.42
30,1,3,7.69
31,1,3,7.7
32,1,3,6.84
33,1,3,7.21
34,1,3,8.09
35,1,3,7.99
36,1,3,7.8
37,1,3,7.69
38,1,3,7.49
39,1,3,5.52
40,1,3,6.73
41,1,3,7.59
42,1,3,7.57
43,1,3,5.7
44,1,3,7.81
45,1,3,8.78
46,1,3,8.34
47,1,3,7.07
48,1,3,6.71
49,1,3,7.7
50,1,3,6.87
51,1,3,7.87
52,1,3,6.73
53,1,3,6.82
54,1,3,7.72
55,1,3,7.72
56,1,3,7.81
57,1,3,7.32
58,1,3,6.82
59,1,3,7.8
60,1,3,4.97
61,1,3,7.62
62,1,3,8.1
63,1,3,8.37
64,1,3,5.49
65,1,3,7.98
66,1,3,8.19
67,1,3,8.04
68,1,3,7.2
69,1,3,6.53
70,1,3,7.47
71,1,3,8.36
72,1,3,7.91
73,1,3,5.1
74,1,3,8.28
75,1,3,6.46
76,1,3,6.35
77,1,3,8.48
78,1,3,7.12
79,1,3,5.02
80,1,3,6.74
81,1,3,6.57
82,1,3,7.77
83,1,3,7.84
84,1,3,6.91
85,1,3,7.22
86,1,3,6.91
87,1,3,7.33
88,1,3,5.95
89,1,3,8.71
90,1,3,7.02
91,1,3,7.02
92,1,3,7.37
93,1,3,6.07
94,1,3,7.34
95,1,3,6.93
96,1,3,7.43
97,1,3,7.19
98,1,3,6.94
99,1,3,6.38
0,2,3,7.55
1,2,3,7.04
2,2,3,6.4
3,2,3,8.65
4,2,3,7.91
5,2,3,7.87
6,2,3,7.38
7,2,3,8.3
8,2,3,7.85
9,2,3,8.28
10,2,3,6.01
11,2,3,9.07
12,2,3,8.35
13,2,3,7.55
14,2,3,8.64
15,2,3,7.9
16,2,3,5.91
17,2,3,8.45
18,2,3,6.16
19,2,3,6.1
20,2,3,6.54
21,2,3,8.5
22,2,3,7.04
23,2,3,8.46
24,2,3,8.31
25,2,3,9.1
26,2,3,8.0
27,2,3,7.84
28,2,3,6.67
29,2,3,7.37
30,2,3,7.21
31,2,3,7.82
32,2,3,7.34
33,2,3,8.11
34,2,3,7.89
35,2,3,7.3
36,2,3,8.33
37,2,3,6.16
38,2,3,6.4
39,2,3,7.1
40,2,3,6.37
41,2,3,7.09
42,2,3,7.94
43,2,3,6.65
44,2,3,7.21
45,2,3,8.21
46,2,3,8.16
47,2,3,6.99
48,2,3,8.5
49,2,3,6.53
50,2,3,8.3
51,2,3,8.04
52,2,3,7.7
53,2,3,8.22
54,2,3,7.13
55,2,3,6.55
56,2,3,8.66
57,2,3,5.05
58,2,3,7.97
59,2,3,4.7
60,2,3,6.45
61,2,3,5.58
62,2,3,8.52
63,2,3,9.59
64,2,3,5.37
65,2,3,8.44
66,2,3,5.74
67,2,3,6.24
68,2,3,7.71
69,2,3,7.2
70,2,3,7.06
71,2,3,8.08
72,2,3,7.11
73,2,3,7.49
74,2,3,8.55
75,2,3,5.9
76,2,3,7.18
77,2,3,8.5
78,2,3,8.06
79,2,3,8.29
80,2,3,7.21
81,2,3,7.11
82,2,3,7.11
83,2,3,8.04
84,2,3,7.92
85,2,3,8.04
86,2,3,7.09
87,2,3,7.89
88,2,3,8.87
89,2,3,7.13
90,2,3,7.17
91,2,3,6.71
92,2,3,6.56
93,2,3,8.55
94,2,3,6.36
95,2,3,7.65
96,2,3,6.8
97,2,3,6.99
98,2,3,8.25
99,2,3,7.08
0,3,3,7.91
1,3,3,7.25
2,3,3,7.42
3,3,3,7.59
4,3,3,6.02
5,3,3,8.08
6,3,3,7.0
7,3,3,7.47
8,3,3,7.21
9,3,3,7.84
10,3,3,9.42
11,3,3,8.56
12,3,3,7.55
13,3,3,7.97
14,3,3,6.24
15,3,3,7.54
16,3,3,7.66
17,3,3,7.48
18,3,3,9.29
19,3,3,8.29
20,3,3,6.32
21,3,3,7.23
22,3,3,7.49
23,3,3,8.28
24,3,3,7.75
25,3,3,6.2
26,3,3,7.8
27,3,3,7.41
28,3,3,8.68
29,3,3,7.83
30,3,3,5.11
31,3,3,5.4
32,3,3,7.84
33,3,3,7.46
34,3,3,9.43
35,3,3,8.06
36,3,3,6.9
37,3,3,6.2
38,3,3,6.04
39,3,3,7.86
40,3,3,8.85
41,3,3,5.98
42,3,3,6.73
43,3,3,7.45
44,3,3,7.91
45,3,3,8.39
46,3,3,6.23
47,3,3,5.19
48,3,3,6.97
49,3,3,6.58
50,3,3,6.34
51,3,3,6.17
52,3,3,8.78
53,3,3,8.14
54,3,3,6.75
55,3,3,7.53
56,3,3,8.59
57,3,3,8.21
58,3,3,6.68
59,3,3,6.94
60,3,3,8.31
61,3,3,9.5
62,3,3,7.82
63,3,3,6.29
64,3,3,6.47
65,3,3,7.59
66,3,3,6.9
67,3,3,8.34
68,3,3,6.21
69,3,3,8.09
70,3,3,7.91
71,3,3,6.52
72,3,3,8.12
73,3,3,7.04
74,3,3,7.33
75,3,3,7.0
76,3,3,7.47
77,3,3,7.76
78,3,3,7.27
79,3,3,8.98
80,3,3,7.45
81,3,3,8.09
82,3,3,8.22
83,3,3,5.33
84,3,3,6.72
85,3,3,8.38
86,3,3,7.3
87,3,3,9.74
88,3,3,6.62
89,3,3,5.54
90,3,3,5.9
91,3,3,9.23
92,3,3,7.89
93,3,3,7.07
94,3,3,8.36
95,3,3,6.97
96,3,3,7.8
97,3,3,8.19
98,3,3,7.02
99,3,3,6.62
0,4,3,8.01
1,4,3,9.77
2,4,3,5.81
3,4,3,8.35
4,4,3,5.22
5,4,3,7.88
6,4,3,9.18
7,4,3,8.04
8,4,3,7.51
9,4,3,7.06
10,4,3,7.87
11,4,3,6.57
12,4,3,7.72
13,4,3,6.93
14,4,3,8.08
15,4,3,8.37
16,4,3,6.74
17,4,3,7.7
18,4,3,6.64
19,4,3,7.05
20,4,3,8.92
21,4,3,8.34
22,4,3,6.69
23,4,3,8.44
24,4,3,6.87
25,4,3,8.29
26,4,3,5.09
27,4,3,6.83
28,4,3,8.04
29,4,3,7.12
30,4,3,7.97
31,4,3,8.08
32,4,3,6.9
33,4,3,8.18
34,4,3,7.56
35,4,3,8.52
36,4,3,6.86
37,4,3,8.3
38,4,3,7.42
39,4,3,8.03
40,4,3,7.25
41,4,3,7.36
42,4,3,7.21
43,4,3,7.47
44,4,3,6.6
45,4,3,7.42
46,4,3,8.31
47,4,3,7.24
48,4,3,8.4
49,4,3,5.9
50,4,3,7.64
51,4,3,9.11
52,4,3,7.19
53,4,3,8.07
54,4,3,7.36
55,4,3,8.39
56,4,3,7.75
57,4,3,6.56
58,4,3,7.47
59,4,3,8.09
60,4,3,7.83
61,4,3,7.55
62,4,3,7.17
63,4,3,9.15
64,4,3,8.24
65,4,3,7.01
66,4,3,7.57
67,4,3,7.53
68,4,3,7.13
69,4,3,7.19
70,4,3,7.44
71,4,3,9.58
72,4,3,7.08
73,4,3,7.08
74,4,3,7.96
75,4,3,7.47
76,4,3,7.58
77,4,3,6.24
78,4,3,6.96
79,4,3,7.62
80,4,3,6.59
81,4,3,7.93
82,4,3,7.4
83,4,3,9.36
84,4,3,8.24
85,4,3,7.72
86,4,3,8.44
87,4,3,7.88
88,4,3,7.7
89,4,3,7.46
90,4,3,6.97
91,4,3,8.3
92,4,3,5.81
93,4,3,8.63
94,4,3,8.52
95,4,3,7.75
96,4,3,8.52
97,4,3,7.13
98,4,3,7.76
99,4,3,7.84
0,5,3,6.48
1,5,3,7.57
2,5,3,8.2
3,5,3,8.62
4,5,3,9.33
5,5,3,6.47
6,5,3,8.63
7,5,3,6.04
8,5,3,7.27
9,5,3,7.16
10,5,3,8.07
11,5,3,6.7
12,5,3,7.8
13,5,3,6.93
14,5,3,7.44
15,5,3,6.16
16,5,3,7.97
17,5,3,6.45
18,5,3,6.08
19,5,3,7.33
20,5,3,8.59
21,5,3,7.22
22,5,3,7.94
23,5,3,7.65
24,5,3,7.51
25,5,3,7.54
26,5,3,5.71
27,5,3,7.14
28,5,3,7.52
29,5,3,8.06
30,5,3,8.14
31,5,3,7.9
32,5,3,6.76
33,5,3,7.39
34,5,3,7.54
35,5,3,8.77
36,5,3,7.88
37,5,3,7.18
38,5,3,8.71
39,5,3,5.99
40,5,3,7.74
41,5,3,8.02
42,5,3,6.07
43,5,3,8.23
44,5,3,6.68
45,5,3,7.46
46,5,3,8.65
47,5,3,7.36
48,5,3,7.41
49,5,3,8.24
50,5,3,6.02
51,5,3,6.56
52,5,3,8.93
53,5,3,7.29
54,5,3,6.72
55,5,3,8.26
56,5,3,7.8
57,5,3,8.07
58,5,3,7.6
59,5,3,5.56
60,5,3,6.77
61,5,3,5.92
62,5,3,8.41
63,5,3,8.04
64,5,3,7.84
65,5,3,7.66
66,5,3,6.88
67,5,3,7.72
68,5,3,8.55
69,5,3,8.51
70,5,3,5.86
71,5,3,7.79
72,5,3,7.58
73,5,3,7.21
74,5,3,7.43
75,5,3,8.22
76,5,3,7.47
77,5,3,6.67
78,5,3,7.13
79,5,3,7.51
80,5,3,10.18
81,5,3,7.64
82,5,3,7.68
83,5,3,6.49
84,5,3,7.35
85,5,3,8.55
86,5,3,8.14
87,5,3,6.77
88,5,3,8.12
89,5,3,6.15
90,5,3,6.44
91,5,3,6.27
92,5,3,8.4
93,5,3,6.03
94,5,3,8.07
95,5,3,7.04
96,5,3,6.15
97,5,3,7.32
98,5,3,7.76
99,5,3,8.21
0,6,3,9.15
1,6,3,7.02
2,6,3,8.7
3,6,3,7.21
4,6,3,8.99
5,6,3,8.89
6,6,3,7.11
7,6,3,6.06
8,6,3,7.89
9,6,3,8.75
10,6,3,6.91
11,6,3,7.3
12,6,3,6.8
13,6,3,6.13
14,6,3,7.55
15,6,3,7.24
16,6,3,7.61
17,6,3,6.58
18,6,3,6.74
19,6,3,6.88
20,6,3,7.19
21,6,3,6.22
22,6,3,8.48
23,6,3,7.33
24,6,3,6.75
25,6,3,6.58
26,6,3,6.61
27,6,3,7.48
28,6,3,8.11
29,6,3,8.38
30,6,3,6.95
31,6,3,8.33
32,6,3,7.59
33,6,3,6.43
34,6,3,7.55
35,6,3,7.27
36,6,3,7.39
37,6,3,7.6
38,6,3,8.4
39,6,3,7.92
40,6,3,6.44
41,6,3,8.13
42,6,3,7.88
43,6,3,7.15
44,6,3,7.09
45,6,3,6.93
46,6,3,6.98
47,6,3,6.49
48,6,3,7.34
49,6,3,5.97
50,6,3,6.38
51,6,3,9.0
52,6,3,7.33
53,6,3,6.71
54,6,3,7.29
55,6,3,8.49
56,6,3,7.97
57,6,3,8.55
58,6,3,6.93
59,6,3,8.09
60,6,3,8.39
61,6,3,7.52
62,6,3,8.11
63,6,3,5.92
64,6,3,7.58
65,6,3,7.34
66,6,3,6.43
67,6,3,8.15
68,6,3,6.35
69,6,3,6.79
70,6,3,7.96
71,6,3,6.57
72,6,3,8.05
73,6,3,6.78
74,6,3,8.76
75,6,3,6.54
76,6,3,7.52
77,6,3,9.44
78,6,3,7.42
79,6,3,7.25
80,6,3,8.34
81,6,3,6.33
82,6,3,7.09
83,6,3,6.31
84,6,3,6.58
85,6,3,7.91
86,6,3,8.74
87,6,3,7.87
88,6,3,6.88
89,6,3,9.1
90,6,3,7.23
91,6,3,7.37
92,6,3,6.56
93,6,3,7.28
94,6,3,5.6
95,6,3,7.45
96,6,3,8.07
97,6,3,6.9
98,6,3,6.54
99,6,3,7.3
0,7,3,7.27
1,7,3,6.36
2,7,3,4.87
3,7,3,7.87
4,7,3,5.94
5,7,3,5.24
6,7,3,6.22
7,7,3,8.14
8,7,3,7.54
9,7,3,7.13
10,7,3,9.58
11,7,3,6.61
12,7,3,7.4
13,7,3,6.6
14,7,3,8.04
15,7,3,6.59
16,7,3,7.15
17,7,3,6.62
18,7,3,8.18
19,7,3,6.58
20,7,3,7.4
21,7,3,7.66
22,7,3,7.01
23,7,3,8.9
24,7,3,8.35
25,7,3,6.87
26,7,3,9.05
27,7,3,6.49
28,7,3,6.71
29,7,3,7.4
30,7,3,6.34
31,7,3,7.51
32,7,3,7.33
33,7,3,7.79
34,7,3,7.57
35,7,3,8.62
36,7,3,5.53
37,7,3,7.62
38,7,3,7.92
39,7,3,7.16
40,7,3,7.61
41,7,3,6.65
42,7,3,7.55
43,7,3,5.18
44,7,3,6.36
45,7,3,7.63
46,7,3,8.41
47,7,3,7.09
48,7,3,7.01
49,7,3,6.57
50,7,3,7.66
51,7,3,7.25
52,7,3,7.81
53,7,3,7.22
54,7,3,6.51
55,7,3,8.37
56,7,3,9.72
57,7,3,6.22
58,7,3,8.62
59,7,3,8.91
60,7,3,8.06
61,7,3,6.3
62,7,3,6.54
63,7,3,6.8
64,7,3,7.66
65,7,3,7.81
66,7,3,8.69
67,7,3,8.81
68,7,3,6.66
69,7,3,6.88
70,7,3,6.48
71,7,3,7.06
72,7,3,6.71
73,7,3,8.06
74,7,3,7.43
75,7,3,7.21
76,7,3,8.68
77,7,3,7.35
78,7,3,7.5
79,7,3,8.76
80,7,3,7.95
81,7,3,8.58
82,7,3,7.57
83,7,3,6.01
84,7,3,7.9
85,7,3,6.98
86,7,3,6.42
87,7,3,6.04
88,7,3,7.97
89,7,3,7.9
90,7,3,7.18
91,7,3,9.86
92,7,3,5.92
93,7,3,8.25
94,7,3,6.89
95,7,3,6.62
96,7,3,7.94
97,7,3,8.45
98,7,3,9.88
99,7,3,7.51
0,8,3,7.43
1,8,3,7.66
2,8,3,6.34
3,8,3,6.25
4,8,3,7.4
5,8,3,7.38
6,8,3,7.7
7,8,3,7.78
8,8,3,6.11
9,8,3,6.88
10,8,3,7.44
11,8,3,5.78
12,8,3,6.92
13,8,3,7.55
14,8,3,8.25
15,8,3,7.8
16,8,3,7.44
17,8,3,7.33
18,8,3,6.77
19,8,3,7.64
20,8,3,7.75
21,8,3,8.2
22,8,3,6.08
23,8,3,7.06
24,8,3,7.63
25,8,3,7.67
26,8,3,8.4
27,8,3,8.67
28,8,3,7.95
29,8,3,7.59
30,8,3,7.35
31,8,3,8.87
32,8,3,7.96
33,8,3,7.48
34,8,3,6.72
35,8,3,6.98
36,8,3,5.99
37,8,3,6.66
38,8,3,6.84
39,8,3,8.19
40,8,3,6.95
41,8,3,7.54
42,8,3,6.96
43,8,3,5.75
44,8,3,8.14
45,8,3,6.6
46,8,3,7.14
47,8,3,6.88
48,8,3,7.78
49,8,3,7.96
50,8,3,8.47
51,8,3,8.8
52,8,3,9.42
53,8,3,6.3
54,8,3,8.2
55,8,3,7.75
56,8,3,7.12
57,8,3,7.36
58,8,3,6.66
59,8,3,7.64
60,8,3,7.22
61,8,3,6.92
62,8,3,6.76
63,8,3,7.23
64,8,3,8.67
65,8,3,8.2
66,8,3,7.11
67,8,3,8.79
68,8,3,7.3
69,8,3,5.61
70,8,3,6.99
71,8,3,7.04
72,8,3,7.31
73,8,3,6.91
74,8,3,5.86
75,8,3,6.67
76,8,3,5.24
77,8,3,5.98
78,8,3,8.18
79,8,3,7.19
80,8,3,8.33
81,8,3,7.1
82,8,3,8.91
83,8,3,9.47
84,8,3,7.66
85,8,3,7.25
86,8,3,8.09
87,8,3,9.6
88,8,3,6.3
89,8,3,9.22
90,8,3,9.18
91,8,3,7.44
92,8,3,6.31
93,8,3,8.61
94,8,3,6.4
95,8,3,7.75
96,8,3,7.74
97,8,3,9.48
98,8,3,8.42
99,8,3,7.19
0,9,3,6.97
1,9,3,6.04
2,9,3,8.41
3,9,3,7.86
4,9,3,9.44
5,9,3,7.3
6,9,3,7.14
7,9,3,6.61
8,9,3,7.07
9,9,3,6.16
10,9,3,5.98
11,9,3,8.75
12,9,3,8.94
13,9,3,5.14
14,9,3,7.83
15,9,3,7.58
16,9,3,6.94
17,9,3,7.98
18,9,3,8.06
19,9,3,7.21
20,9,3,6.82
21,9,3,6.97
22,9,3,6.52
23,9,3,7.52
24,9,3,6.72
25,9,3,8.0
26,9,3,6.18
27,9,3,6.02
28,9,3,6.83
29,9,3,7.4
30,9,3,7.13
31,9,3,5.97
32,9,3,7.3
33,9,3,6.44
34,9,3,5.83
35,9,3,6.57
36,9,3,8.04
37,9,3,6.92
38,9,3,6.47
39,9,3,7.89
40,9,3,6.58
41,9,3,7.72
42,9,3,7.66
43,9,3,6.22
44,9,3,7.37
45,9,3,8.21
46,9,3,8.56
47,9,3,9.54
48,9,3,7.28
49,9,3,7.07
50,9,3,9.39
51,9,3,8.21
52,9,3,8.09
53,9,3,6.4
54,9,3,7.49
55,9,3,7.46
56,9,3,7.98
57,9,3,5.74
58,9,3,8.25
59,9,3,6.88
60,9,3,6.57
61,9,3,7.93
62,9,3,6.51
63,9,3,7.7
64,9,3,7.84
65,9,3,8.21
66,9,3,6.87
67,9,3,5.97
68,9,3,6.39
69,9,3,7.25
70,9,3,6.97
71,9,3,6.35
72,9,3,6.91
73,9,3,7.77
74,9,3,7.39
75,9,3,8.17
76,9,3,8.1
77,9,3,6.99
78,9,3,6.64
79,9,3,7.19
80,9,3,8.66
81,9,3,8.04
82,9,3,7.46
83,9,3,7.39
84,9,3,8.9
85,9,3,7.51
86,9,3,6.71
87,9,3,8.77
88,9,3,5.66
89,9,3,8.5
90,9,3,7.59
91,9,3,6.72
92,9,3,6.3
93,9,3,7.6
94,9,3,7.01
95,9,3,7.93
96,9,3,7.86
97,9,3,7.94
98,9,3,6.7
99,9,3,7.56
0,10,3,7.51
1,10,3,6.84
2,10,3,8.72
3,10,3,6.48
4,10,3,7.61
5,10,3,7.44
6,10,3,7.94
7,10,3,7.42
8,10,3,7.64
9,10,3,8.83
10,10,3,6.04
11,10,3,6.12
12,10,3,7.04
13,10,3,7.93
14,10,3,7.09
15,10,3,7.59
16,10,3,7.73
17,10,3,7.78
18,10,3,6.64
19,10,3,7.11
20,10,3,6.74
21,10,3,7.28
22,10,3,6.9
23,10,3,8.02
24,10,3,6.08
25,10,3,6.09
26,10,3,6.65
27,10,3,8.49
28,10,3,7.69
29,10,3,7.58
30,10,3,8.33
31,10,3,8.76
32,10,3,7.81
33,10,3,6.05
34,10,3,7.98
35,10,3,6.94
36,10,3,7.31
37,10,3,8.92
38,10,3,6.95
39,10,3,7.84
40,10,3,7.98
41,10,3,8.32
42,10,3,6.73
43,10,3,6.69
44,10,3,6.14
45,10,3,7.26
46,10,3,8.09
47,10,3,8.38
48,10,3,7.27
49,10,3,6.57
50,10,3,6.19
51,10,3,5.67
52,10,3,7.75
53,10,3,6.36
54,10,3,8.39
55,10,3,7.19
56,10,3,7.54
57,10,3,7.16
58,10,3,6.3
59,10,3,7.74
60,10,3,7.55
61,10,3,7.78
62,10,3,7.89
63,10,3,7.9
64,10,3,7.51
65,10,3,8.18
66,10,3,8.4
67,10,3,7.59
68,10,3,8.97
69,10,3,8.89
70,10,3,7.5
71,10,3,8.89
72,10,3,6.82
73,10,3,6.94
74,10,3,6.41
75,10,3,7.26
76,10,3,7.22
77,10,3,9.38
78,10,3,8.42
79,10,3,7.43
80,10,3,8.45
81,10,3,8.99
82,10,3,7.27
83,10,3,7.55
84,10,3,8.09
85,10,3,6.4
86,10,3,7.67
87,10,3,6.47
88,10,3,7.79
89,10,3,7.04
90,10,3,7.91
91,10,3,7.7
92,10,3,6.31
93,10,3,7.93
94,10,3,9.19
95,10,3,7.59
96,10,3,6.5
97,10,3,7.68
98,10,3,6.2
99,10,3,4.42
0,11,3,6.17
1,11,3,8.09
2,11,3,8.97
3,11,3,6.71
4,11,3,6.66
5,11,3,7.65
6,11,3,8.51
7,11,3,7.95
8,11,3,6.99
9,11,3,7.46
10,11,3,7.24
11,11,3,6.59
12,11,3,9.35
13,11,3,7.57
14,11,3,6.72
15,11,3,7.24
16,11,3,7.95
17,11,3,6.54
18,11,3,8.85
19,11,3,6.44
20,11,3,8.46
21,11,3,8.06
22,11,3,7.66
23,11,3,5.76
24,11,3,8.24
25,11,3,7.73
26,11,3,7.73
27,11,3,7.41
28,11,3,7.33
29,11,3,7.17
30,11,3,6.98
31,11,3,5.87
32,11,3,7.3
33,11,3,8.76
34,11,3,8.43
35,11,3,7.94
36,11,3,6.42
37,11,3,8.16
38,11,3,5.88
39,11,3,7.46
40,11,3,9.59
41,11,3,7.76
42,11,3,5.85
43,11,3,7.29
44,11,3,6.23
45,11,3,7.74
46,11,3,7.34
47,11,3,6.29
48,11,3,7.26
49,11,3,9.56
50,11,3,8.79
51,11,3,7.51
52,11,3,8.55
53,11,3,7.08
54,11,3,7.1
55,11,3,6.15
56,11,3,7.9
57,11,3,7.67
58,11,3,7.51
59,11,3,7.55
60,11,3,8.71
61,11,3,7.16
62,11,3,7.23
63,11,3,6.71
64,11,3,8.3
65,11,3,7.37
66,11,3,6.27
67,11,3,7.48
68,11,3,6.8
69,11,3,7.05
70,11,3,9.62
71,11,3,7.4
72,11,3,6.81
73,11,3,7.6
74,11,3,8.4
75,11,3,8.76
76,11,3,7.44
77,11,3,6.46
78,11,3,6.35
79,11,3,7.75
80,11,3,7.58
81,11,3,7.23
82,11,3,7.89
83,11,3,6.74
84,11,3,7.5
85,11,3,7.0
86,11,3,7.94
87,11,3,6.96
88,11,3,8.03
89,11,3,8.67
90,11,3,5.83
91,11,3,8.03
92,11,3,7.74
93,11,3,8.53
94,11,3,8.47
95,11,3,9.51
96,11,3,8.35
97,11,3,7.25
98,11,3,6.58
99,11,3,6.64
0,12,3,8.09
1,12,3,7.26
2,12,3,5.63
3,12,3,6.02
4,12,3,7.33
5,12,3,6.05
6,12,3,6.66
7,12,3,6.97
8,12,3,7.44
9,12,3,7.41
10,12,3,8.72
11,12,3,5.86
12,12,3,6.82
13,12,3,7.87
14,12,3,6.92
15,12,3,7.51
16,12,3,8.89
17,12,3,8.81
18,12,3,8.25
19,12,3,7.0
20,12,3,7.76
21,12,3,8.65
22,12,3,7.54
23,12,3,4.56
24,12,3,7.23
25,12,3,7.35
26,12,3,6.9
27,12,3,7.67
28,12,3,7.95
29,12,3,6.59
30,12,3,7.29
31,12,3,7.47
32,12,3,8.05
33,12,3,6.08
34,12,3,8.78
35,12,3,7.35
36,12,3,7.01
37,12,3,6.24
38,12,3,8.2
39,12,3,8.69
40,12,3,6.6
41,12,3,7.46
42,12,3,7.34
43,12,3,7.49
44,12,3,5.95
45,12,3,5.77
46,12,3,7.01
47,12,3,8.01
48,12,3,6.95
49,12,3,8.39
50,12,3,8.32
51,12,3,9.14
52,12,3,6.94
53,12,3,5.62
54,12,3,9.42
55,12,3,7.17
56,12,3,7.84
57,12,3,8.47
58,12,3,7.49
59,12,3,8.68
60,12,3,8.0
61,12,3,6.31
62,12,3,6.36
63,12,3,7.66
64,12,3,8.1
65,12,3,8.52
66,12,3,7.04
67,12,3,8.2
68,12,3,7.46
69,12,3,7.38
70,12,3,7.43
71,12,3,4.99
72,12,3,8.23
73,12,3,5.85
74,12,3,9.03
75,12,3,8.2
76,12,3,8.51
77,12,3,7.21
78,12,3,9.25
79,12,3,9.06
80,12,3,6.42
81,12,3,7.69
82,12,3,7.88
83,12,3,7.8
84,12,3,8.06
85,12,3,9.26
86,12,3,7.99
87,12,3,6.8
88,12,3,8.44
89,12,3,7.97
90,12,3,7.03
91,12,3,7.92
92,12,3,6.8
93,12,3,8.58
94,12,3,8.18
95,12,3,8.82
96,12,3,7.58
97,12,3,7.87
98,12,3,7.56
99,12,3,7.43
0,13,3,7.33
1,13,3,6.88
2,13,3,7.93
3,13,3,6.94
4,13,3,6.58
5,13,3,8.27
6,13,3,7.97
7,13,3,6.57
8,13,3,8.5
9,13,3,7.34
10,13,3,9.41
11,13,3,7.78
12,13,3,6.82
13,13,3,6.97
14,13,3,8.42
15,13,3,8.95
16,13,3,7.86
17,13,3,7.29
18,13,3,6.99
19,13,3,7.59
20,13,3,4.82
21,13,3,6.47
22,13,3,6.99
23,13,3,7.16
24,13,3,6.59
25,13,3,7.36
26,13,3,6.84
27,13,3,6.69
28,13,3,8.31
29,13,3,7.65
30,13,3,8.61
31,13,3,7.81
32,13,3,7.85
33,13,3,6.74
34,13,3,7.33
35,13,3,7.85
36,13,3,7.72
37,13,3,7.24
38,13,3,9.12
39,13,3,8.97
40,13,3,7.85
41,13,3,7.91
42,13,3,7.41
43,13,3,8.62
44,13,3,8.12
45,13,3,7.49
46,13,3,6.94
47,13,3,6.86
48,13,3,8.4
49,13,3,7.59
50,13,3,7.09
51,13,3,7.25
52,13,3,7.17
53,13,3,7.33
54,13,3,6.12
55,13,3,6.81
56,13,3,7.4
57,13,3,7.15
58,13,3,6.66
59,13,3,5.28
60,13,3,7.65
61,13,3,7.75
62,13,3,7.03
63,13,3,9.46
64,13,3,7.48
65,13,3,7.66
66,13,3,7.0
67,13,3,7.41
68,13,3,7.6
69,13,3,6.19
70,13,3,7.16
71,13,3,8.01
72,13,3,8.28
73,13,3,8.54
74,13,3,7.88
75,13,3,8.89
76,13,3,7.59
77,13,3,6.81
78,13,3,6.43
79,13,3,8.45
80,13,3,6.76
81,13,3,6.41
82,13,3,6.67
83,13,3,7.05
84,13,3,8.15
85,13,3,7.66
86,13,3,6.83
87,13,3,7.15
88,13,3,6.75
89,13,3,7.56
90,13,3,8.35
91,13,3,8.26
92,13,3,6.04
93,13,3,6.96
94,13,3,6.66
95,13,3,7.63
96,13,3,6.98
97,13,3,7.83
98,13,3,6.95
99,13,3,6.53
0,14,3,7.84
1,14,3,8.86
2,14,3,6.74
3,14,3,7.29
4,14,3,8.75
5,14,3,8.16
6,14,3,7.0
7,14,3,8.59
8,14,3,7.54
9,14,3,7.27
10,14,3,7.16
11,14,3,8.55
12,14,3,8.18
13,14,3,5.99
14,14,3,8.32
15,14,3,7.98
16,14,3,7.23
17,14,3,7.54
18,14,3,6.68
19,14,3,9.43
20,14,3,6.16
21,14,3,6.95
22,14,3,8.63
23,14,3,8.11
24,14,3,8.58
25,14,3,8.37
26,14,3,6.61
27,14,3,7.51
28,14,3,8.66
29,14,3,5.94
30,14,3,6.72
31,14,3,5.38
32,14,3,6.72
33,14,3,8.43
34,14,3,7.95
35,14,3,7.86
36,14,3,4.79
37,14,3,7.21
38,14,3,7.68
39,14,3,8.96
40,14,3,7.86
41,14,3,6.67
42,14,3,8.28
43,14,3,6.36
44,14,3,7.8
45,14,3,6.07
46,14,3,8.47
47,14,3,7.13
48,14,3,6.21
49,14,3,8.29
50,14,3,7.41
51,14,3,7.71
52,14,3,8.81
53,14,3,6.76
54,14,3,7.6
55,14,3,8.15
56,14,3,8.89
57,14,3,6.6
58,14,3,7.24
59,14,3,7.14
60,14,3,6.27
61,14,3,7.03
62,14,3,7.5
63,14,3,6.62
64,14,3,6.58
65,14,3,7.01
66,14,3,7.82
67,14,3,7.07
68,14,3,7.69
69,14,3,7.68
70,14,3,8.37
71,14,3,8.42
72,14,3,9.35
73,14,3,6.65
74,14,3,7.77
75,14,3,6.57
76,14,3,7.69
77,14,3,7.12
78,14,3,7.27
79,14,3,6.02
80,14,3,8.01
81,14,3,7.2
82,14,3,7.37
83,14,3,8.34
84,14,3,8.43
85,14,3,6.4
86,14,3,8.49
87,14,3,7.59
88,14,3,7.72
89,14,3,7.91
90,14,3,7.06
91,14,3,6.34
92,14,3,6.89
93,14,3,6.86
94,14,3,10.2
95,14,3,8.55
96,14,3,8.08
97,14,3,6.53
98,14,3,9.0
99,14,3,7.5
0,15,3,8.5
1,15,3,7.35
2,15,3,7.54
3,15,3,7.77
4,15,3,7.48
5,15,3,8.27
6,15,3,5.68
7,15,3,7.19
8,15,3,6.73
9,15,3,6.89
10,15,3,7.04
11,15,3,8.43
12,15,3,6.9
13,15,3,6.86
14,15,3,8.19
15,15,3,8.53
16,15,3,6.82
17,15,3,7.01
18,15,3,5.58
19,15,3,6.96
20,15,3,6.77
21,15,3,8.81
22,15,3,8.77
23,15,3,7.65
24,15,3,7.81
25,15,3,6.76
26,15,3,7.77
27,15,3,6.67
28,15,3,6.53
29,15,3,8.68
30,15,3,7.17
31,15,3,6.15
32,15,3,8.53
33,15,3,5.82
34,15,3,7.15
35,15,3,6.6
36,15,3,7.86
37,15,3,7.42
38,15,3,7.14
39,15,3,5.29
40,15,3,7.11
41,15,3,8.48
42,15,3,8.24
43,15,3,7.82
44,15,3,7.34
45,15,3,7.83
46,15,3,6.14
47,15,3,7.4
48,15,3,7.72
49,15,3,7.28
50,15,3,7.56
51,15,3,8.19
52,15,3,5.99
53,15,3,7.26
54,15,3,7.6
55,15,3,4.71
56,15,3,7.1
57,15,3,7.93
58,15,3,7.53
59,15,3,8.55
60,15,3,7.6
61,15,3,7.46
62,15,3,6.65
63,15,3,6.95
64,15,3,7.66
65,15,3,8.27
66,15,3,8.78
67,15,3,8.79
68,15,3,7.39
69,15,3,6.36
70,15,3,8.47
71,15,3,7.71
72,15,3,7.6
73,15,3,8.85
74,15,3,8.25
75,15,3,6.81
76,15,3,7.9
77,15,3,7.36
78,15,3,8.15
79,15,3,7.73
80,15,3,7.23
81,15,3,6.66
82,15,3,7.8
83,15,3,7.8
84,15,3,8.42
85,15,3,6.49
86,15,3,6.9
87,15,3,5.91
88,15,3,8.03
89,15,3,7.94
90,15,3,8.35
91,15,3,8.13
92,15,3,6.7
93,15,3,6.65
94,15,3,6.86
95,15,3,5.55
96,15,3,7.68
97,15,3,7.93
98,15,3,7.22
99,15,3,7.05
0,16,3,7.93
1,16,3,6.29
2,16,3,7.47
3,16,3,7.8
4,16,3,8.44
5,16,3,7.49
6,16,3,8.28
7,16,3,7.75
8,16,3,7.51
9,16,3,6.99
10,16,3,7.57
11,16,3,7.57
12,16,3,8.67
13,16,3,7.41
14,16,3,6.57
15,16,3,6.76
16,16,3,7.86
17,16,3,6.98
18,16,3,8.03
19,16,3,7.14
20,16,3,8.58
21,16,3,6.8
22,16,3,7.32
23,16,3,7.58
24,16,3,8.26
25,16,3,7.56
26,16,3,7.75
27,16,3,8.04
28,16,3,7.05
29,16,3,7.3
30,16,3,9.03
31,16,3,8.33
32,16,3,7.11
33,16,3,6.07
34,16,3,6.32
35,16,3,6.33
36,16,3,7.81
37,16,3,9.09
38,16,3,8.01
39,16,3,5.88
40,16,3,7.68
41,16,3,8.34
42,16,3,7.37
43,16,3,6.48
44,16,3,8.58
45,16,3,5.74
46,16,3,7.49
47,16,3,9.06
48,16,3,7.82
49,16,3,9.73
50,16,3,6.57
51,16,3,7.41
52,16,3,7.71
53,16,3,7.59
54,16,3,7.99
55,16,3,7.13
56,16,3,9.01
57,16,3,7.61
58,16,3,7.16
59,16,3,6.53
60,16,3,7.27
61,16,3,7.97
62,16,3,7.5
63,16,3,8.96
64,16,3,8.68
65,16,3,7.09
66,16,3,7.97
67,16,3,6.42
68,16,3,6.6
69,16,3,6.35
70,16,3,7.64
71,16,3,8.33
72,16,3,6.84
73,16,3,7.7
74,16,3,7.6
75,16,3,7.51
76,16,3,7.88
77,16,3,8.4
78,16,3,9.34
79,16,3,7.06
80,16,3,7.86
81,16,3,7.75
82,16,3,7.37
83,16,3,7.13
84,16,3,6.21
85,16,3,8.59
86,16,3,6.56
87,16,3,8.57
88,16,3,6.75
89,16,3,7.39
90,16,3,7.87
91,16,3,7.27
92,16,3,8.95
93,16,3,7.92
94,16,3,8.67
95,16,3,7.58
96,16,3,9.68
97,16,3,6.65
98,16,3,7.4
99,16,3,6.73
0,17,3,6.18
1,17,3,7.17
2,17,3,9.53
3,17,3,7.9
4,17,3,7.71
5,17,3,7.19
6,17,3,6.74
7,17,3,8.25
8,17,3,6.62
9,17,3,6.9
10,17,3,7.67
11,17,3,7.15
12,17,3,7.09
13,17,3,9.02
14,17,3,7.14
15,17,3,9.06
16,17,3,8.6
17,17,3,5.93
18,17,3,7.51
19,17,3,8.78
20,17,3,6.84
21,17,3,6.92
22,17,3,8.2
23,17,3,8.11
24,17,3,7.76
25,17,3,7.69
26,17,3,7.23
27,17,3,9.42
28,17,3,7.53
29,17,3,6.04
30,17,3,7.95
31,17,3,8.95
32,17,3,7.01
33,17,3,8.14
34,17,3,7.74
35,17,3,6.83
36,17,3,5.27
37,17,3,7.1
38,17,3,6.62
39,17,3,7.61
40,17,3,7.46
41,17,3,6.58
42,17,3,7.48
43,17,3,8.88
44,17,3,6.67
45,17,3,9.67
46,17,3,7.38
47,17,3,7.02
48,17,3,7.3
49,17,3,7.37
50,17,3,7.03
51,17,3,5.91
52,17,3,7.36
53,17,3,5.2
54,17,3,5.63
55,17,3,8.93
56,17,3,7.37
57,17,3,7.82
58,17,3,8.1
59,17,3,6.61
60,17,3,7.52
61,17,3,7.57
62,17,3,8.06
63,17,3,6.62
64,17,3,7.95
65,17,3,5.18
66,17,3,7.68
67,17,3,7.24
68,17,3,7.89
69,17,3,7.11
70,17,3,8.54
71,17,3,7.45
72,17,3,7.71
73,17,3,6.81
74,17,3,10.16
75,17,3,6.82
76,17,3,8.7
77,17,3,9.04
78,17,3,7.15
79,17,3,9.23
80,17,3,6.03
81,17,3,8.36
82,17,3,8.06
83,17,3,7.97
84,17,3,9.42
85,17,3,7.67
86,17,3,6.44
87,17,3,6.05
88,17,3,8.84
89,17,3,7.7
90,17,3,6.91
91,17,3,7.3
92,17,3,8.69
93,17,3,7.65
94,17,3,7.31
95,17,3,7.41
96,17,3,7.44
97,17,3,7.6
98,17,3,7.02
99,17,3,6.65
0,18,3,6.04
1,18,3,8.03
2,18,3,7.09
3,18,3,7.95
4,18,3,5.95
5,18,3,8.48
6,18,3,6.13
7,18,3,8.31
8,18,3,7.75
9,18,3,8.58
10,18,3,7.16
11,18,3,7.69
12,18,3,8.5
13,18,3,7.64
14,18,3,6.68
15,18,3,6.95
16,18,3,7.32
17,18,3,7.8
18,18,3,6.42
19,18,3,6.62
20,18,3,5.62
21,18,3,7.7
22,18,3,6.95
23,18,3,7.84
24,18,3,7.35
25,18,3,6.36
26,18,3,6.51
27,18,3,7.9
28,18,3,8.04
29,18,3,8.74
30,18,3,5.65
31,18,3,7.71
32,18,3,7.94
33,18,3,6.84
34,18,3,6.36
35,18,3,6.99
36,18,3,8.35
37,18,3,7.42
38,18,3,7.99
39,18,3,7.77
40,18,3,8.98
41,18,3,8.5
42,18,3,8.52
43,18,3,6.2
44,18,3,6.98
45,18,3,8.07
46,18,3,8.25
47,18,3,6.39
48,18,3,7.5
49,18,3,8.27
50,18,3,6.75
51,18,3,6.03
52,18,3,7.04
53,18,3,7.3
54,18,3,6.25
55,18,3,7.02
56,18,3,8.19
57,18,3,8.1
58,18,3,7.14
59,18,3,8.73
60,18,3,6.54
61,18,3,7.31
62,18,3,7.45
63,18,3,7.36
64,18,3,10.6
65,18,3,5.59
66,18,3,7.93
67,18,3,8.81
68,18,3,8.37
69,18,3,8.11
70,18,3,5.51
71,18,3,7.94
72,18,3,10.29
73,18,3,7.36
74,18,3,8.33
75,18,3,6.93
76,18,3,8.48
77,18,3,7.37
78,18,3,6.42
79,18,3,8.04
80,18,3,9.58
81,18,3,8.24
82,18,3,6.47
83,18,3,8.2
84,18,3,8.17
85,18,3,6.69
86,18,3,7.29
87,18,3,6.64
88,18,3,6.74
89,18,3,6.79
90,18,3,8.14
91,18,3,7.24
92,18,3,8.89
93,18,3,6.2
94,18,3,5.4
95,18,3,7.64
96,18,3,7.36
97,18,3,8.12
98,18,3,6.12
99,18,3,8.79
0,19,3,7.59
1,19,3,6.93
2,19,3,7.54
3,19,3,7.77
4,19,3,7.02
5,19,3,7.0
6,19,3,7.58
7,19,3,8.46
8,19,3,7.86
9,19,3,7.37
10,19,3,8.41
11,19,3,7.92
12,19,3,7.55
13,19,3,7.3
14,19,3,7.38
15,19,3,8.42
16,19,3,6.03
17,19,3,7.66
18,19,3,7.54
19,19,3,7.36
20,19,3,7.61
21,19,3,6.74
22,19,3,6.83
23,19,3,7.81
24,19,3,8.72
25,19,3,7.77
26,19,3,7.24
27,19,3,7.8
28,19,3,7.32
29,19,3,6.74
30,19,3,7.77
31,19,3,7.59
32,19,3,7.66
33,19,3,9.15
34,19,3,7.92
35,19,3,8.79
36,19,3,6.13
37,19,3,8.48
38,19,3,7.74
39,19,3,7.0
40,19,3,6.66
41,19,3,7.97
42,19,3,8.16
43,19,3,8.0
44,19,3,8.17
45,19,3,8.2
46,19,3,8.09
47,19,3,8.18
48,19,3,8.06
49,19,3,7.28
50,19,3,6.91
51,19,3,7.82
52,19,3,7.61
53,19,3,6.21
54,19,3,8.62
55,19,3,7.34
56,19,3,7.63
57,19,3,6.98
58,19,3,8.16
59,19,3,8.07
60,19,3,6.33
61,19,3,7.53
62,19,3,8.73
63,19,3,7.79
64,19,3,7.5
65,19,3,8.79
66,19,3,8.93
67,19,3,9.51
68,19,3,9.01
69,19,3,8.48
70,19,3,8.93
71,19,3,7.27
72,19,3,9.7
73,19,3,7.13
74,19,3,8.05
75,19,3,7.95
76,19,3,8.77
77,19,3,8.78
78,19,3,6.17
79,19,3,8.44
80,19,3,8.35
81,19,3,7.4
82,19,3,6.93
83,19,3,9.13
84,19,3,6.96
85,19,3,7.66
86,19,3,7.23
87,19,3,9.36
88,19,3,7.12
89,19,3,6.49
90,19,3,7.83
91,19,3,7.24
92,19,3,7.17
93,19,3,7.32
94,19,3,7.76
95,19,3,6.39
96,19,3,8.83
97,19,3,7.28
98,19,3,5.72
99,19,3,7.89
0,20,3,7.97
1,20,3,7.93
2,20,3,6.32
3,20,3,8.94
4,20,3,7.4
5,20,3,7.01
6,20,3,9.15
7,20,3,7.51
8,20,3,7.95
9,20,3,7.8
10,20,3,7.28
11,20,3,7.35
12,20,3,7.45
13,20,3,5.79
14,20,3,7.43
15,20,3,6.89
16,20,3,6.06
17,20,3,6.65
18,20,3,7.98
19,20,3,6.35
20,20,3,8.97
21,20,3,7.85
22,20,3,6.49
23,20,3,6.91
24,20,3,7.42
25,20,3,6.91
26,20,3,7.66
27,20,3,7.04
28,20,3,8.49
29,20,3,8.6
30,20,3,6.71
31,20,3,8.35
32,20,3,7.9
33,20,3,5.53
34,20,3,7.72
35,20,3,7.52
36,20,3,6.43
37,20,3,10.09
38,20,3,7.2
39,20,3,5.98
40,20,3,6.7
41,20,3,7.14
42,20,3,8.64
43,20,3,7.95
44,20,3,7.39
45,20,3,6.45
46,20,3,7.66
47,20,3,5.94
48,20,3,7.77
49,20,3,7.66
50,20,3,5.19
51,20,3,7.94
52,20,3,6.16
53,20,3,5.23
54,20,3,7.2
55,20,3,7.89
56,20,3,6.96
57,20,3,8.9
58,20,3,8.23
59,20,3,8.08
60,20,3,7.42
61,20,3,7.99
62,20,3,6.87
63,20,3,7.02
64,20,3,8.48
65,20,3,11.62
66,20,3,7.82
67,20,3,8.72
68,20,3,8.78
69,20,3,9.42
70,20,3,9.27
71,20,3,9.71
72,20,3,8.64
73,20,3,9.15
74,20,3,7.94
75,20,3,9.54
76,20,3,8.57
77,20,3,8.37
78,20,3,7.1
79,20,3,8.47
80,20,3,8.84
81,20,3,9.22
82,20,3,8.28
83,20,3,7.07
84,20,3,8.5
85,20,3,8.54
86,20,3,7.8
87,20,3,7.71
88,20,3,8.89
89,20,3,8.19
90,20,3,6.64
91,20,3,7.32
92,20,3,5.82
93,20,3,8.88
94,20,3,7.19
95,20,3,7.23
96,20,3,8.7
97,20,3,7.64
98,20,3,8.09
99,20,3,7.13
0,21,3,8.2
1,21,3,7.23
2,21,3,8.07
3,21,3,8.06
4,21,3,8.19
5,21,3,7.5
6,21,3,6.86
7,21,3,6.5
8,21,3,6.86
9,21,3,6.27
10,21,3,6.93
11,21,3,7.72
12,21,3,7.91
13,21,3,8.45
14,21,3,7.85
15,21,3,7.95
16,21,3,7.25
17,21,3,7.4
18,21,3,8.22
19,21,3,8.94
20,21,3,8.87
21,21,3,6.69
22,21,3,7.68
23,21,3,7.47
24,21,3,6.13
25,21,3,6.15
26,21,3,8.03
27,21,3,8.75
28,21,3,5.45
29,21,3,6.25
30,21,3,7.53
31,21,3,6.18
32,21,3,7.78
33,21,3,6.56
34,21,3,8.31
35,21,3,7.66
36,21,3,6.05
37,21,3,6.14
38,21,3,7.7
39,21,3,7.15
40,21,3,8.31
41,21,3,8.16
42,21,3,7.96
43,21,3,7.65
44,21,3,7.42
45,21,3,8.24
46,21,3,6.6
47,21,3,8.47
48,21,3,6.6
49,21,3,6.63
50,21,3,8.03
51,21,3,7.91
52,21,3,8.42
53,21,3,6.86
54,21,3,8.56
55,21,3,8.43
56,21,3,7.41
57,21,3,5.74
58,21,3,7.32
59,21,3,9.01
60,21,3,9.07
61,21,3,9.42
62,21,3,6.55
63,21,3,8.41
64,21,3,9.41
65,21,3,8.96
66,21,3,9.07
67,21,3,9.06
68,21,3,10.34
69,21,3,8.92
70,21,3,9.71
71,21,3,9.0
72,21,3,7.73
73,21,3,9.89
74,21,3,9.71
75,21,3,7.4
76,21,3,8.63
77,21,3,7.44
78,21,3,9.24
79,21,3,6.74
80,21,3,7.73
81,21,3,8.46
82,21,3,6.54
83,21,3,8.15
84,21,3,7.81
85,21,3,6.61
86,21,3,7.76
87,21,3,8.9
88,21,3,6.8
89,21,3,7.07
90,21,3,6.28
91,21,3,6.89
92,21,3,6.84
93,21,3,9.05
94,21,3,8.27
95,21,3,8.93
96,21,3,6.77
97,21,3,5.98
98,21,3,6.17
99,21,3,7.71
0,22,3,7.13
1,22,3,7.19
2,22,3,7.48
3,22,3,7.37
4,22,3,8.29
5,22,3,8.16
6,22,3,7.92
7,22,3,6.12
8,22,3,7.45
9,22,3,8.69
10,22,3,7.04
11,22,3,7.76
12,22,3,7.85
13,22,3,8.2
14,22,3,9.21
15,22,3,6.3
16,22,3,9.03
17,22,3,7.62
18,22,3,7.4
19,22,3,7.79
20,22,3,5.71
21,22,3,7.27
22,22,3,7.84
23,22,3,7.23
24,22,3,6.2
25,22,3,8.04
26,22,3,7.16
27,22,3,7.23
28,22,3,7.59
29,22,3,6.87
30,22,3,7.32
31,22,3,6.88
32,22,3,7.91
33,22,3,7.29
34,22,3,8.42
35,22,3,7.13
36,22,3,7.57
37,22,3,7.03
38,22,3,8.92
39,22,3,8.45
40,22,3,8.19
41,22,3,8.41
42,22,3,7.67
43,22,3,7.34
44,22,3,6.14
45,22,3,7.14
46,22,3,7.49
47,22,3,7.28
48,22,3,7.68
49,22,3,6.69
50,22,3,7.2
51,22,3,6.4
52,22,3,7.99
53,22,3,6.5
54,22,3,8.06
55,22,3,7.25
56,22,3,7.25
57,22,3,8.64
58,22,3,8.6
59,22,3,7.36
60,22,3,7.64
61,22,3,8.92
62,22,3,9.69
63,22,3,8.56
64,22,3,10.32
65,22,3,7.37
66,22,3,9.46
67,22,3,9.82
68,22,3,9.28
69,22,3,9.74
70,22,3,9.55
71,22,3,10.29
72,22,3,9.03
73,22,3,10.68
74,22,3,10.55
75,22,3,9.72
76,22,3,9.75
77,22,3,8.89
78,22,3,9.42
79,22,3,8.98
80,22,3,7.74
81,22,3,8.47
82,22,3,8.79
83,22,3,8.19
84,22,3,8.0
85,22,3,6.59
86,22,3,6.25
87,22,3,8.51
88,22,3,8.49
89,22,3,7.58
90,22,3,8.38
91,22,3,7.52
92,22,3,8.13
93,22,3,7.73
94,22,3,9.61
95,22,3,7.28
96,22,3,7.74
97,22,3,7.26
98,22,3,6.24
99,22,3,8.55
0,23,3,8.5
1,23,3,6.33
2,23,3,8.22
3,23,3,6.07
4,23,3,8.19
5,23,3,7.1
6,23,3,7.47
7,23,3,7.07
8,23,3,7.32
9,23,3,8.14
10,23,3,5.72
11,23,3,8.07
12,23,3,5.78
13,23,3,7.97
14,23,3,7.12
15,23,3,7.5
16,23,3,5.58
17,23,3,7.06
18,23,3,8.84
19,23,3,6.31
20,23,3,7.0
21,23,3,7.74
22,23,3,8.87
23,23,3,8.14
24,23,3,6.52
25,23,3,7.99
26,23,3,6.41
27,23,3,8.03
28,23,3,9.34
29,23,3,6.47
30,23,3,7.67
31,23,3,9.2
32,23,3,6.84
33,23,3,5.58
34,23,3,7.83
35,23,3,7.94
36,23,3,5.98
37,23,3,6.67
38,23,3,6.97
39,23,3,7.85
40,23,3,6.39
41,23,3,7.37
42,23,3,7.51
43,23,3,6.75
44,23,3,8.68
45,23,3,8.12
46,23,3,7.88
47,23,3,7.19
48,23,3,7.94
49,23,3,7.52
50,23,3,5.7
51,23,3,7.91
52,23,3,6.86
53,23,3,6.5
54,23,3,8.66
55,23,3,6.89
56,23,3,9.42
57,23,3,9.6
58,23,3,7.4
59,23,3,8.53
60,23,3,7.9
61,23,3,8.54
62,23,3,7.58
63,23,3,7.8
64,23,3,9.49
65,23,3,9.14
66,23,3,11.28
67,23,3,10.27
68,23,3,9.64
69,23,3,10.11
70,23,3,9.66
71,23,3,9.39
72,23,3,10.11
73,23,3,9.13
74,23,3,10.11
75,23,3,8.87
76,23,3,9.57
77,23,3,8.37
78,23,3,9.01
79,23,3,9.2
80,23,3,8.83
81,23,3,6.42
82,23,3,6.75
83,23,3,8.19
84,23,3,8.1
85,23,3,8.97
86,23,3,8.03
87,23,3,4.91
88,23,3,8.6
89,23,3,6.65
90,23,3,7.4
91,23,3,7.83
92,23,3,7.35
93,23,3,7.29
94,23,3,8.57
95,23,3,8.01
96,23,3,7.99
97,23,3,7.22
98,23,3,8.25
99,23,3,7.46
0,24,3,8.49
1,24,3,6.99
2,24,3,7.38
3,24,3,7.02
4,24,3,8.32
5,24,3,7.56
6,24,3,8.27
7,24,3,7.0
8,24,3,7.04
9,24,3,7.16
10,24,3,6.9
11,24,3,8.01
12,24,3,7.0
13,24,3,5.31
14,24,3,8.69
15,24,3,6.85
16,24,3,7.99
17,24,3,8.4
18,24,3,7.34
19,24,3,7.14
20,24,3,7.14
21,24,3,6.89
22,24,3,5.64
23,24,3,7.08
24,24,3,5.39
25,24,3,7.35
26,24,3,8.11
27,24,3,7.85
28,24,3,8.07
29,24,3,7.59
30,24,3,7.19
31,24,3,7.35
32,24,3,7.77
33,24,3,6.9
34,24,3,8.92
35,24,3,6.11
36,24,3,6.67
37,24,3,7.1
38,24,3,5.59
39,24,3,6.12
40,24,3,6.81
41,24,3,8.38
42,24,3,8.04
43,24,3,6.87
44,24,3,8.18
45,24,3,6.33
46,24,3,6.17
47,24,3,8.1
48,24,3,7.53
49,24,3,6.62
50,24,3,7.93
51,24,3,7.5
52,24,3,7.22
53,24,3,7.14
54,24,3,8.37
55,24,3,7.22
56,24,3,7.28
57,24,3,7.5
58,24,3,6.74
59,24,3,8.35
60,24,3,9.0
61,24,3,10.48
62,24,3,10.71
63,24,3,10.09
64,24,3,9.68
65,24,3,9.01
66,24,3,10.25
67,24,3,9.21
68,24,3,11.19
69,24,3,10.75
70,24,3,10.07
71,24,3,9.5
72,24,3,9.74
73,24,3,10.02
74,24,3,10.97
75,24,3,9.99
76,24,3,7.96
77,24,3,8.91
78,24,3,8.95
79,24,3,8.73
80,24,3,7.14
81,24,3,7.47
82,24,3,8.98
83,24,3,7.88
84,24,3,7.94
85,24,3,8.3
86,24,3,8.67
87,24,3,6.44
88,24,3,6.2
89,24,3,8.54
90,24,3,6.38
91,24,3,8.29
92,24,3,7.48
93,24,3,6.49
94,24,3,7.11
95,24,3,6.49
96,24,3,6.8
97,24,3,8.05
98,24,3,8.09
99,24,3,8.06
0,25,3,5.48
1,25,3,6.74
2,25,3,7.26
3,25,3,7.92
4,25,3,7.01
5,25,3,7.08
6,25,3,8.28
7,25,3,7.73
8,25,3,6.45
9,25,3,6.82
10,25,3,7.19
11,25,3,8.3
12,25,3,7.37
13,25,3,7.97
14,25,3,6.34
15,25,3,8.79
16,25,3,8.67
17,25,3,7.02
18,25,3,6.81
19,25,3,7.41
20,25,3,8.0
21,25,3,6.8
22,25,3,7.56
23,25,3,6.88
24,25,3,8.17
25,25,3,7.8
26,25,3,10.45
27,25,3,7.04
28,25,3,7.59
29,25,3,6.21
30,25,3,7.4
31,25,3,7.21
32,25,3,7.75
33,25,3,7.41
34,25,3,7.88
35,25,3,7.55
36,25,3,6.73
37,25,3,8.32
38,25,3,7.55
39,25,3,7.13
40,25,3,6.27
41,25,3,8.5
42,25,3,9.25
43,25,3,6.74
44,25,3,6.78
45,25,3,8.17
46,25,3,6.9
47,25,3,8.12
48,25,3,7.91
49,25,3,7.09
50,25,3,7.0
51,25,3,8.28
52,25,3,8.53
53,25,3,7.09
54,25,3,9.29
55,25,3,8.62
56,25,3,8.52
57,25,3,7.24
58,25,3,8.19
59,25,3,9.52
60,25,3,10.8
61,25,3,7.92
62,25,3,9.57
63,25,3,8.63
64,25,3,10.45
65,25,3,10.56
66,25,3,11.12
67,25,3,10.37
68,25,3,10.58
69,25,3,10.05
70,25,3,10.53
71,25,3,10.15
72,25,3,10.28
73,25,3,11.31
74,25,3,9.02
75,25,3,11.27
76,25,3,10.59
77,25,3,8.65
78,25,3,7.41
79,25,3,9.13
80,25,3,8.25
81,25,3,8.66
82,25,3,8.57
83,25,3,8.75
84,25,3,8.3
85,25,3,6.83
86,25,3,7.93
87,25,3,7.12
88,25,3,7.38
89,25,3,7.29
90,25,3,9.24
91,25,3,7.84
92,25,3,8.31
93,25,3,7.34
94,25,3,8.01
95,25,3,7.53
96,25,3,6.62
97,25,3,6.87
98,25,3,8.68
99,25,3,8.22
0,26,3,9.07
1,26,3,7.06
2,26,3,5.48
3,26,3,6.86
4,26,3,7.33
5,26,3,8.14
6,26,3,8.08
7,26,3,6.34
8,26,3,7.55
9,26,3,6.69
10,26,3,5.49
11,26,3,8.12
12,26,3,8.32
13,26,3,7.76
14,26,3,8.27
15,26,3,6.97
16,26,3,7.06
17,26,3,8.35
18,26,3,8.22
19,26,3,9.43
20,26,3,6.84
21,26,3,9.05
22,26,3,7.5
23,26,3,7.18
24,26,3,7.28
25,26,3,6.87
26,26,3,7.86
27,26,3,8.53
28,26,3,7.43
29,26,3,8.05
30,26,3,8.71
31,26,3,7.55
32,26,3,8.36
33,26,3,6.84
34,26,3,7.93
35,26,3,7.31
36,26,3,7.49
37,26,3,6.88
38,26,3,7.39
39,26,3,8.11
40,26,3,8.65
41,26,3,5.37
42,26,3,5.87
43,26,3,6.84
44,26,3,8.57
45,26,3,7.78
46,26,3,7.6
47,26,3,7.33
48,26,3,9.78
49,26,3,9.35
50,26,3,6.62
51,26,3,7.06
52,26,3,6.87
53,26,3,5.97
54,26,3,8.07
55,26,3,6.79
56,26,3,7.98
57,26,3,7.17
58,26,3,7.7
59,26,3,7.71
60,26,3,9.75
61,26,3,9.11
62,26,3,8.62
63,26,3,9.78
64,26,3,9.24
65,26,3,11.0
66,26,3,9.43
67,26,3,11.11
68,26,3,8.78
69,26,3,10.81
70,26,3,10.33
71,26,3,9.49
72,26,3,9.52
73,26,3,11.16
74,26,3,9.16
75,26,3,9.43
76,26,3,9.48
77,26,3,8.36
78,26,3,8.61
79,26,3,9.11
80,26,3,9.4
81,26,3,9.94
82,26,3,7.14
83,26,3,6.83
84,26,3,8.66
85,26,3,8.03
86,26,3,9.01
87,26,3,6.77
88,26,3,6.56
89,26,3,6.08
90,26,3,6.5
91,26,3,7.28
92,26,3,7.52
93,26,3,9.33
94,26,3,8.53
95,26,3,7.07
96,26,3,7.47
97,26,3,6.41
98,26,3,6.65
99,26,3,5.88
0,27,3,8.15
1,27,3,7.71
2,27,3,6.48
3,27,3,6.81
4,27,3,8.43
5,27,3,6.07
6,27,3,6.65
7,27,3,7.64
8,27,3,7.36
9,27,3,7.94
10,27,3,6.16
11,27,3,7.78
12,27,3,6.74
13,27,3,7.96
14,27,3,6.25
15,27,3,9.05
16,27,3,6.2
17,27,3,8.26
18,27,3,6.8
19,27,3,8.4
20,27,3,7.04
21,27,3,6.56
22,27,3,6.78
23,27,3,7.43
24,27,3,8.02
25,27,3,5.66
26,27,3,7.75
27,27,3,6.89
28,27,3,7.54
29,27,3,7.69
30,27,3,7.02
31,27,3,8.69
32,27,3,8.42
33,27,3,7.83
34,27,3,6.78
35,27,3,5.44
36,27,3,7.29
37,27,3,6.81
38,27,3,7.25
39,27,3,7.19
40,27,3,7.81
41,27,3,7.47
42,27,3,7.24
43,27,3,8.57
44,27,3,8.39
45,27,3,7.25
46,27,3,8.91
47,27,3,6.55
48,27,3,7.78
49,27,3,8.25
50,27,3,7.19
51,27,3,7.23
52,27,3,9.38
53,27,3,7.34
54,27,3,8.93
55,27,3,7.79
56,27,3,7.68
57,27,3,8.82
58,27,3,8.09
59,27,3,8.89
60,27,3,7.7
61,27,3,10.06
62,27,3,8.2
63,27,3,10.33
64,27,3,8.9
65,27,3,12.16
66,27,3,9.9
67,27,3,10.49
68,27,3,11.72
69,27,3,11.35
70,27,3,10.14
71,27,3,9.97
72,27,3,10.55
73,27,3,9.89
74,27,3,9.4
75,27,3,11.0
76,27,3,10.79
77,27,3,9.69
78,27,3,10.49
79,27,3,9.4
80,27,3,8.08
81,27,3,8.89
82,27,3,8.72
83,27,3,7.43
84,27,3,8.38
85,27,3,8.63
86,27,3,7.13
87,27,3,8.21
88,27,3,7.51
89,27,3,8.36
90,27,3,6.67
91,27,3,8.79
92,27,3,6.94
93,27,3,8.34
94,27,3,5.83
95,27,3,9.13
96,27,3,6.33
97,27,3,8.43
98,27,3,7.53
99,27,3,8.71
0,28,3,7.88
1,28,3,8.25
2,28,3,8.59
3,28,3,6.2
4,28,3,7.56
5,28,3,7.87
6,28,3,7.49
7,28,3,8.56
8,28,3,6.38
9,28,3,7.36
10,28,3,7.41
11,28,3,8.13
12,28,3,7.22
13,28,3,7.81
14,28,3,7.2
15,28,3,6.56
16,28,3,8.41
17,28,3,7.43
18,28,3,7.2
19,28,3,8.4
20,28,3,8.49
21,28,3,7.46
22,28,3,6.91
23,28,3,7.0
24,28,3,8.43
25,28,3,6.38
26,28,3,6.32
27,28,3,8.03
28,28,3,7.42
29,28,3,5.76
30,28,3,6.52
31,28,3,7.9
32,28,3,7.48
33,28,3,6.83
34,28,3,7.59
35,28,3,6.03
36,28,3,8.66
37,28,3,7.78
38,28,3,7.15
39,28,3,7.43
40,28,3,9.25
41,28,3,7.26
42,28,3,8.86
43,28,3,5.88
44,28,3,5.97
45,28,3,7.94
46,28,3,8.49
47,28,3,7.31
48,28,3,6.52
49,28,3,9.15
50,28,3,6.47
51,28,3,8.01
52,28,3,7.34
53,28,3,7.13
54,28,3,7.48
55,28,3,7.44
56,28,3,7.51
57,28,3,8.64
58,28,3,7.98
59,28,3,9.37
60,28,3,8.47
61,28,3,7.63
62,28,3,9.01
63,28,3,10.82
64,28,3,10.92
65,28,3,10.22
66,28,3,9.07
67,28,3,10.7
68,28,3,9.57
69,28,3,9.78
70,28,3,9.29
71,28,3,10.85
72,28,3,10.11
73,28,3,10.21
74,28,3,9.78
75,28,3,10.13
76,28,3,11.0
77,28,3,9.5
78,28,3,10.03
79,28,3,9.69
80,28,3,10.29
81,28,3,9.7
82,28,3,9.28
83,28,3,8.44
84,28,3,7.5
85,28,3,9.16
86,28,3,7.27
87,28,3,6.65
88,28,3,8.21
89,28,3,8.19
90,28,3,7.27
91,28,3,7.87
92,28,3,7.02
93,28,3,7.32
94,28,3,6.16
95,28,3,7.31
96,28,3,7.36
97,28,3,6.34
98,28,3,8.04
99,28,3,7.81
0,29,3,8.36
1,29,3,9.32
2,29,3,7.92
3,29,3,6.81
4,29,3,6.67
5,29,3,8.84
6,29,3,7.3
7,29,3,6.18
8,29,3,7.29
9,29,3,7.95
10,29,3,6.55
11,29,3,9.25
12,29,3,7.22
13,29,3,5.73
14,29,3,6.15
15,29,3,8.11
16,29,3,7.11
17,29,3,6.95
18,29,3,8.54
19,29,3,8.23
20,29,3,9.34
21,29,3,8.27
22,29,3,7.11
23,29,3,7.83
24,29,3,8.11
25,29,3,7.62
26,29,3,8.01
27,29,3,9.36
28,29,3,6.32
29,29,3,6.63
30,29,3,4.99
31,29,3,7.84
32,29,3,7.69
33,29,3,7.37
34,29,3,8.35
35,29,3,6.0
36,29,3,7.95
37,29,3,7.3
38,29,3,9.49
39,29,3,6.85
40,29,3,7.71
41,29,3,7.81
42,29,3,7.39
43,29,3,7.37
44,29,3,7.54
45,29,3,7.78
46,29,3,6.82
47,29,3,8.29
48,29,3,7.67
49,29,3,7.52
50,29,3,6.56
51,29,3,7.94
52,29,3,7.63
53,29,3,7.58
54,29,3,7.54
55,29,3,7.72
56,29,3,7.84
57,29,3,9.82
58,29,3,8.6
59,29,3,8.31
60,29,3,8.79
61,29,3,9.2
62,29,3,9.08
63,29,3,10.85
64,29,3,9.23
65,29,3,8.83
66,29,3,9.93
67,29,3,8.27
68,29,3,11.08
69,29,3,10.61
70,29,3,9.45
71,29,3,10.86
72,29,3,9.47
73,29,3,10.23
74,29,3,8.19
75,29,3,10.39
76,29,3,7.49
77,29,3,8.82
78,29,3,10.95
79,29,3,10.59
80,29,3,9.28
81,29,3,8.97
82,29,3,9.75
83,29,3,7.6
84,29,3,7.33
85,29,3,8.91
86,29,3,8.51
87,29,3,7.09
88,29,3,6.71
89,29,3,7.93
90,29,3,6.95
91,29,3,7.04
92,29,3,6.32
93,29,3,7.54
94,29,3,7.65
95,29,3,7.35
96,29,3,7.74
97,29,3,7.66
98,29,3,6.74
99,29,3,6.87
0,30,3,7.01
1,30,3,9.28
2,30,3,7.58
3,30,3,6.42
4,30,3,6.8
5,30,3,6.45
6,30,3,7.65
7,30,3,8.61
8,30,3,8.54
9,30,3,7.74
10,30,3,7.12
11,30,3,9.12
12,30,3,6.25
13,30,3,7.6
14,30,3,6.87
15,30,3,7.6
16,30,3,7.67
17,30,3,6.78
18,30,3,8.77
19,30,3,6.33
20,30,3,8.29
21,30,3,7.67
22,30,3,7.04
23,30,3,9.38
24,30,3,8.0
25,30,3,6.15
26,30,3,7.73
27,30,3,6.17
28,30,3,8.3
29,30,3,6.45
30,30,3,6.49
31,30,3,7.77
32,30,3,6.65
33,30,3,9.24
34,30,3,8.0
35,30,3,8.27
36,30,3,6.96
37,30,3,7.84
38,30,3,8.42
39,30,3,8.97
40,30,3,7.35
41,30,3,6.46
42,30,3,6.08
43,30,3,7.03
44,30,3,8.22
45,30,3,7.8
46,30,3,7.11
47,30,3,7.85
48,30,3,8.53
49,30,3,8.59
50,30,3,6.72
51,30,3,8.2
52,30,3,6.46
53,30,3,7.65
54,30,3,6.36
55,30,3,7.74
56,30,3,8.38
57,30,3,7.5
58,30,3,8.47
59,30,3,8.93
60,30,3,9.6
61,30,3,9.64
62,30,3,9.68
63,30,3,10.51
64,30,3,9.87
65,30,3,9.88
66,30,3,9.35
67,30,3,8.91
68,30,3,8.85
69,30,3,11.07
70,30,3,8.98
71,30,3,11.58
72,30,3,10.49
73,30,3,9.31
74,30,3,12.08
75,30,3,10.63
76,30,3,10.27
77,30,3,9.55
78,30,3,10.19
79,30,3,9.71
80,30,3,9.74
81,30,3,7.74
82,30,3,9.59
83,30,3,8.23
84,30,3,9.07
85,30,3,8.83
86,30,3,6.22
87,30,3,7.24
88,30,3,5.53
89,30,3,7.24
90,30,3,8.18
91,30,3,6.28
92,30,3,6.87
93,30,3,6.49
94,30,3,7.17
95,30,3,7.33
96,30,3,7.36
97,30,3,7.14
98,30,3,7.73
99,30,3,8.47
0,31,3,7.62
1,31,3,6.71
2,31,3,8.08
3,31,3,6.5
4,31,3,7.27
5,31,3,6.72
6,31,3,6.04
7,31,3,7.81
8,31,3,8.73
9,31,3,6.55
10,31,3,6.96
11,31,3,7.08
12,31,3,6.84
13,31,3,6.46
14,31,3,6.28
15,31,3,7.38
16,31,3,7.1
17,31,3,8.67
18,31,3,7.21
19,31,3,6.88
20,31,3,7.56
21,31,3,7.36
22,31,3,7.42
23,31,3,8.23
24,31,3,8.99
25,31,3,8.34
26,31,3,8.05
27,31,3,8.34
28,31,3,8.14
29,31,3,8.65
30,31,3,5.46
31,31,3,8.25
32,31,3,8.47
33,31,3,5.9
34,31,3,6.15
35,31,3,8.54
36,31,3,6.97
37,31,3,8.4
38,31,3,8.43
39,31,3,8.66
40,31,3,6.42
41,31,3,7.32
42,31,3,7.93
43,31,3,7.12
44,31,3,7.69
45,31,3,6.41
46,31,3,5.82
47,31,3,5.53
48,31,3,8.24
49,31,3,7.65
50,31,3,8.02
51,31,3,6.2
52,31,3,7.45
53,31,3,7.89
54,31,3,7.87
55,31,3,9.11
56,31,3,7.35
57,31,3,7.84
58,31,3,8.3
59,31,3,6.97
60,31,3,8.77
61,31,3,7.98
62,31,3,9.25
63,31,3,10.54
64,31,3,9.46
65,31,3,10.82
66,31,3,9.78
67,31,3,10.84
68,31,3,10.29
69,31,3,11.46
70,31,3,10.66
71,31,3,11.69
72,31,3,10.08
73,31,3,11.54
74,31,3,10.79
75,31,3,9.93
76,31,3,9.31
77,31,3,10.61
78,31,3,10.11
79,31,3,9.22
80,31,3,11.28
81,31,3,9.61
82,31,3,8.09
83,31,3,8.82
84,31,3,7.84
85,31,3,8.6
86,31,3,7.87
87,31,3,7.27
88,31,3,5.31
89,31,3,7.88
90,31,3,8.49
91,31,3,8.48
92,31,3,6.75
93,31,3,7.88
94,31,3,7.09
95,31,3,7.78
96,31,3,7.71
97,31,3,5.76
98,31,3,9.52
99,31,3,7.39
0,32,3,6.86
1,32,3,6.55
2,32,3,8.68
3,32,3,8.85
4,32,3,7.44
5,32,3,6.82
6,32,3,8.48
7,32,3,7.27
8,32,3,7.54
9,32,3,6.44
10,32,3,7.38
11,32,3,8.61
12,32,3,6.59
13,32,3,8.38
14,32,3,7.58
15,32,3,6.95
16,32,3,5.97
17,32,3,5.66
18,32,3,7.19
19,32,3,8.3
20,32,3,7.23
21,32,3,7.17
22,32,3,8.7
23,32,3,7.26
24,32,3,8.22
25,32,3,8.9
26,32,3,7.6
27,32,3,6.06
28,32,3,7.18
29,32,3,6.83
30,32,3,7.22
31,32,3,8.09
32,32,3,6.86
33,32,3,7.06
34,32,3,7.15
35,32,3,6.06
36,32,3,7.44
37,32,3,6.93
38,32,3,8.11
39,32,3,6.78
40,32,3,7.32
41,32,3,7.49
42,32,3,7.93
43,32,3,8.06
44,32,3,6.43
45,32,3,6.36
46,32,3,8.05
47,32,3,7.2
48,32,3,7.19
49,32,3,6.21
50,32,3,8.42
51,32,3,8.0
52,32,3,8.29
53,32,3,7.85
54,32,3,7.76
55,32,3,8.7
56,32,3,7.32
57,32,3,7.3
58,32,3,8.98
59,32,3,9.02
60,32,3,8.28
61,32,3,9.65
62,32,3,9.21
63,32,3,9.93
64,32,3,11.19
65,32,3,11.4
66,32,3,10.92
67,32,3,10.91
68,32,3,10.24
69,32,3,9.61
70,32,3,10.43
71,32,3,12.01
72,32,3,9.71
73,32,3,10.88
74,32,3,10.39
75,32,3,10.44
76,32,3,8.32
77,32,3,9.78
78,32,3,10.27
79,32,3,7.89
80,32,3,8.67
81,32,3,7.88
82,32,3,8.23
83,32,3,7.34
84,32,3,7.02
85,32,3,8.53
86,32,3,8.63
87,32,3,8.37
88,32,3,9.33
89,32,3,8.24
90,32,3,9.41
91,32,3,8.89
92,32,3,8.17
93,32,3,7.56
94,32,3,7.13
95,32,3,9.02
96,32,3,6.45
97,32,3,8.05
98,32,3,6.75
99,32,3,6.82
0,33,3,7.09
1,33,3,8.15
2,33,3,7.63
3,33,3,8.87
4,33,3,6.82
5,33,3,8.32
6,33,3,7.84
7,33,3,7.14
8,33,3,7.9
9,33,3,6.94
10,33,3,8.78
11,33,3,8.77
12,33,3,7.19
13,33,3,7.54
14,33,3,7.67
15,33,3,7.66
16,33,3,6.64
17,33,3,7.68
18,33,3,8.62
19,33,3,7.62
20,33,3,6.53
21,33,3,7.16
22,33,3,6.94
23,33,3,6.78
24,33,3,7.1
25,33,3,8.41
26,33,3,7.25
27,33,3,7.33
28,33,3,7.53
29,33,3,8.34
30,33,3,7.35
31,33,3,7.5
32,33,3,6.53
33,33,3,9.27
34,33,3,7.45
35,33,3,6.87
36,33,3,7.23
37,33,3,7.42
38,33,3,6.97
39,33,3,7.83
40,33,3,7.91
41,33,3,7.1
42,33,3,6.48
43,33,3,8.06
44,33,3,6.32
45,33,3,7.12
46,33,3,8.87
47,33,3,9.68
48,33,3,7.94
49,33,3,9.05
50,33,3,7.68
51,33,3,7.91
52,33,3,7.51
53,33,3,7.25
54,33,3,7.3
55,33,3,7.42
56,33,3,7.13
57,33,3,5.94
58,33,3,7.73
59,33,3,9.3
60,33,3,9.4
61,33,3,9.33
62,33,3,8.24
63,33,3,9.1
64,33,3,10.61
65,33,3,9.58
66,33,3,9.3
67,33,3,10.73
68,33,3,9.19
69,33,3,9.54
70,33,3,10.46
71,33,3,9.82
72,33,3,11.72
73,33,3,11.25
74,33,3,8.53
75,33,3,9.13
76,33,3,8.58
77,33,3,7.72
78,33,3,8.29
79,33,3,10.28
80,33,3,7.72
81,33,3,8.42
82,33,3,7.7
83,33,3,7.71
84,33,3,7.25
85,33,3,6.72
86,33,3,7.41
87,33,3,6.39
88,33,3,6.91
89,33,3,7.68
90,33,3,8.27
91,33,3,8.16
92,33,3,9.31
93,33,3,7.27
94,33,3,6.82
95,33,3,7.11
96,33,3,8.4
97,33,3,6.47
98,33,3,7.79
99,33,3,8.13
0,34,3,6.71
1,34,3,7.59
2,34,3,7.25
3,34,3,8.22
4,34,3,8.04
5,34,3,8.27
6,34,3,8.61
7,34,3,7.33
8,34,3,7.52
9,34,3,8.0
10,34,3,7.23
11,34,3,9.18
12,34,3,7.78
13,34,3,7.74
14,34,3,8.1
15,34,3,6.87
16,34,3,7.77
17,34,3,7.79
18,34,3,7.07
19,34,3,6.51
20,34,3,7.43
21,34,3,8.26
22,34,3,7.13
23,34,3,7.62
24,34,3,6.63
25,34,3,7.11
26,34,3,8.24
27,34,3,7.25
28,34,3,8.25
29,34,3,8.66
30,34,3,7.38
31,34,3,6.72
32,34,3,8.95
33,34,3,6.51
34,34,3,8.29
35,34,3,7.97
36,34,3,7.26
37,34,3,6.49
38,34,3,7.55
39,34,3,8.43
40,34,3,7.57
41,34,3,7.98
42,34,3,7.72
43,34,3,6.21
44,34,3,7.51
45,34,3,6.38
46,34,3,8.46
47,34,3,6.92
48,34,3,7.54
49,34,3,8.39
50,34,3,6.76
51,34,3,7.4
52,34,3,7.95
53,34,3,8.04
54,34,3,7.26
55,34,3,8.41
56,34,3,7.01
57,34,3,7.62
58,34,3,7.06
59,34,3,7.72
60,34,3,9.26
61,34,3,8.1
62,34,3,9.67
63,34,3,9.08
64,34,3,11.3
65,34,3,8.27
66,34,3,12.41
67,34,3,9.39
68,34,3,7.84
69,34,3,9.65
70,34,3,8.84
71,34,3,10.17
72,34,3,10.26
73,34,3,9.52
74,34,3,10.14
75,34,3,8.98
76,34,3,9.91
77,34,3,10.23
78,34,3,10.11
79,34,3,8.02
80,34,3,8.83
81,34,3,7.68
82,34,3,7.03
83,34,3,7.63
84,34,3,7.81
85,34,3,7.14
86,34,3,7.89
87,34,3,7.68
88,34,3,7.52
89,34,3,7.24
90,34,3,6.25
91,34,3,6.87
92,34,3,7.79
93,34,3,9.08
94,34,3,9.59
95,34,3,8.14
96,34,3,8.59
97,34,3,7.0
98,34,3,8.16
99,34,3,7.62
0,35,3,5.3
1,35,3,7.44
2,35,3,7.12
3,35,3,9.3
4,35,3,8.07
5,35,3,7.42
6,35,3,6.55
7,35,3,7.62
8,35,3,7.91
9,35,3,7.59
10,35,3,7.71
11,35,3,4.94
12,35,3,6.96
13,35,3,7.84
14,35,3,7.92
15,35,3,7.76
16,35,3,6.47
17,35,3,7.32
18,35,3,6.01
19,35,3,7.43
20,35,3,8.91
21,35,3,9.08
22,35,3,8.91
23,35,3,6.76
24,35,3,5.97
25,35,3,6.7
26,35,3,7.59
27,35,3,8.63
28,35,3,7.86
29,35,3,8.21
30,35,3,6.19
31,35,3,7.3
32,35,3,7.94
33,35,3,6.27
34,35,3,6.95
35,35,3,6.69
36,35,3,6.86
37,35,3,7.01
38,35,3,8.29
39,35,3,9.41
40,35,3,7.18
41,35,3,7.69
42,35,3,7.3
43,35,3,8.3
44,35,3,8.53
45,35,3,7.3
46,35,3,7.96
47,35,3,8.55
48,35,3,8.75
49,35,3,5.99
50,35,3,8.67
51,35,3,8.39
52,35,3,7.91
53,35,3,8.89
54,35,3,8.2
55,35,3,8.2
56,35,3,8.66
57,35,3,7.24
58,35,3,7.41
59,35,3,8.47
60,35,3,8.29
61,35,3,11.1
62,35,3,8.82
63,35,3,8.88
64,35,3,9.79
65,35,3,9.7
66,35,3,9.48
67,35,3,9.52
68,35,3,11.41
69,35,3,9.36
70,35,3,10.77
71,35,3,9.86
72,35,3,10.77
73,35,3,10.51
74,35,3,10.34
75,35,3,10.3
76,35,3,9.73
77,35,3,9.47
78,35,3,8.26
79,35,3,7.58
80,35,3,8.73
81,35,3,8.98
82,35,3,8.91
83,35,3,8.13
84,35,3,9.71
85,35,3,7.87
86,35,3,4.27
87,35,3,8.76
88,35,3,8.07
89,35,3,8.2
90,35,3,9.02
91,35,3,7.37
92,35,3,7.94
93,35,3,9.7
94,35,3,7.95
95,35,3,8.59
96,35,3,7.37
97,35,3,7.78
98,35,3,7.12
99,35,3,5.91
0,36,3,9.36
1,36,3,5.89
2,36,3,7.13
3,36,3,6.52
4,36,3,7.08
5,36,3,6.03
6,36,3,6.99
7,36,3,7.01
8,36,3,8.44
9,36,3,8.35
10,36,3,8.77
11,36,3,7.38
12,36,3,7.06
13,36,3,5.75
14,36,3,8.07
15,36,3,6.98
16,36,3,8.46
17,36,3,8.42
18,36,3,6.99
19,36,3,6.02
20,36,3,7.24
21,36,3,8.72
22,36,3,7.37
23,36,3,8.03
24,36,3,6.98
25,36,3,7.71
26,36,3,6.6
27,36,3,7.97
28,36,3,8.29
29,36,3,8.26
30,36,3,6.94
31,36,3,7.32
32,36,3,7.49
33,36,3,7.14
34,36,3,7.1
35,36,3,6.44
36,36,3,6.58
37,36,3,5.77
38,36,3,7.03
39,36,3,6.86
40,36,3,8.76
41,36,3,6.98
42,36,3,7.58
43,36,3,6.28
44,36,3,7.22
45,36,3,8.02
46,36,3,8.3
47,36,3,6.33
48,36,3,9.2
49,36,3,6.06
50,36,3,7.78
51,36,3,5.91
52,36,3,6.16
53,36,3,6.64
54,36,3,7.91
55,36,3,7.99
56,36,3,8.6
57,36,3,8.78
58,36,3,8.51
59,36,3,10.03
60,36,3,7.25
61,36,3,9.82
62,36,3,8.34
63,36,3,7.49
64,36,3,8.79
65,36,3,10.82
66,36,3,9.18
67,36,3,10.53
68,36,3,10.49
69,36,3,11.33
70,36,3,11.39
71,36,3,9.03
72,36,3,9.6
73,36,3,10.28
74,36,3,10.91
75,36,3,9.09
76,36,3,9.43
77,36,3,10.34
78,36,3,8.98
79,36,3,6.6
80,36,3,9.22
81,36,3,7.28
82,36,3,8.36
83,36,3,7.88
84,36,3,9.98
85,36,3,7.92
86,36,3,8.46
87,36,3,6.53
88,36,3,8.27
89,36,3,7.47
90,36,3,6.98
91,36,3,8.08
92,36,3,5.68
93,36,3,6.24
94,36,3,9.65
95,36,3,8.08
96,36,3,7.33
97,36,3,8.55
98,36,3,7.87
99,36,3,8.11
0,37,3,8.23
1,37,3,7.99
2,37,3,6.97
3,37,3,6.67
4,37,3,7.83
5,37,3,7.57
6,37,3,6.6
7,37,3,6.85
8,37,3,7.74
9,37,3,7.6
10,37,3,8.55
11,37,3,7.78
12,37,3,7.88
13,37,3,7.02
14,37,3,6.97
15,37,3,7.22
16,37,3,7.38
17,37,3,5.79
18,37,3,7.16
19,37,3,7.47
20,37,3,7.25
21,37,3,7.51
22,37,3,6.27
23,37,3,6.76
24,37,3,8.61
25,37,3,7.13
26,37,3,7.61
27,37,3,6.56
28,37,3,8.34
29,37,3,9.06
30,37,3,6.96
31,37,3,8.58
32,37,3,7.22
33,37,3,6.59
34,37,3,8.22
35,37,3,9.36
36,37,3,9.56
37,37,3,5.62
38,37,3,9.47
39,37,3,7.72
40,37,3,7.29
41,37,3,8.47
42,37,3,7.17
43,37,3,8.19
44,37,3,8.79
45,37,3,7.95
46,37,3,6.92
47,37,3,7.29
48,37,3,6.94
49,37,3,6.76
50,37,3,7.3
51,37,3,7.99
52,37,3,8.39
53,37,3,7.67
54,37,3,8.28
55,37,3,7.34
56,37,3,8.2
57,37,3,6.99
58,37,3,9.89
59,37,3,9.55
60,37,3,8.56
61,37,3,9.72
62,37,3,8.97
63,37,3,10.4
64,37,3,9.36
65,37,3,7.99
66,37,3,10.62
67,37,3,9.1
68,37,3,10.42
69,37,3,10.36
70,37,3,9.62
71,37,3,9.63
72,37,3,10.78
73,37,3,10.52
74,37,3,9.78
75,37,3,10.3
76,37,3,8.67
77,37,3,10.09
78,37,3,8.16
79,37,3,7.8
80,37,3,8.46
81,37,3,9.53
82,37,3,9.1
83,37,3,7.72
84,37,3,8.12
85,37,3,7.17
86,37,3,6.33
87,37,3,8.63
88,37,3,7.63
89,37,3,6.42
90,37,3,6.54
91,37,3,9.12
92,37,3,7.24
93,37,3,6.84
94,37,3,7.6
95,37,3,8.32
96,37,3,8.08
97,37,3,6.43
98,37,3,8.73
99,37,3,5.92
0,38,3,8.3
1,38,3,8.36
2,38,3,6.35
3,38,3,8.57
4,38,3,6.8
5,38,3,6.62
6,38,3,8.48
7,38,3,6.9
8,38,3,7.95
9,38,3,6.5
10,38,3,6.88
11,38,3,7.23
12,38,3,7.11
13,38,3,8.72
14,38,3,6.72
15,38,3,7.31
16,38,3,7.43
17,38,3,7.1
18,38,3,7.17
19,38,3,8.69
20,38,3,6.28
21,38,3,6.62
22,38,3,7.64
23,38,3,6.52
24,38,3,6.85
25,38,3,7.13
26,38,3,8.66
27,38,3,8.44
28,38,3,6.12
29,38,3,6.21
30,38,3,9.14
31,38,3,6.44
32,38,3,8.28
33,38,3,8.64
34,38,3,11.2
35,38,3,9.46
36,38,3,8.3
37,38,3,8.42
38,38,3,8.74
39,38,3,7.24
40,38,3,6.99
41,38,3,7.88
42,38,3,8.21
43,38,3,9.35
44,38,3,8.15
45,38,3,7.39
46,38,3,8.32
47,38,3,8.01
48,38,3,7.7
49,38,3,6.65
50,38,3,9.37
51,38,3,6.86
52,38,3,6.49
53,38,3,7.75
54,38,3,7.04
55,38,3,6.65
56,38,3,7.32
57,38,3,9.2
58,38,3,8.14
59,38,3,8.19
60,38,3,6.37
61,38,3,8.87
62,38,3,9.61
63,38,3,8.63
64,38,3,8.85
65,38,3,11.05
66,38,3,9.51
67,38,3,9.78
68,38,3,9.01
69,38,3,11.46
70,38,3,8.17
71,38,3,10.44
72,38,3,9.31
73,38,3,10.19
74,38,3,10.41
75,38,3,9.66
76,38,3,10.2
77,38,3,8.25
78,38,3,9.22
79,38,3,9.05
80,38,3,6.98
81,38,3,6.77
82,38,3,8.02
83,38,3,6.7
84,38,3,7.88
85,38,3,7.71
86,38,3,8.12
87,38,3,7.19
88,38,3,6.87
89,38,3,6.0
90,38,3,7.02
91,38,3,8.82
92,38,3,7.3
93,38,3,6.09
94,38,3,5.91
95,38,3,7.95
96,38,3,8.38
97,38,3,8.02
98,38,3,6.3
99,38,3,8.62
0,39,3,9.2
1,39,3,6.94
2,39,3,7.15
3,39,3,6.06
4,39,3,7.43
5,39,3,6.87
6,39,3,7.19
7,39,3,8.15
8,39,3,6.98
9,39,3,6.4
10,39,3,7.92
11,39,3,8.25
12,39,3,7.59
13,39,3,7.64
14,39,3,7.19
15,39,3,8.07
16,39,3,6.52
17,39,3,5.64
18,39,3,7.94
19,39,3,8.58
20,39,3,7.3
21,39,3,7.59
22,39,3,7.25
23,39,3,7.33
24,39,3,6.2
25,39,3,8.58
26,39,3,8.09
27,39,3,7.61
28,39,3,6.37
29,39,3,7.06
30,39,3,8.31
31,39,3,6.46
32,39,3,8.7
33,39,3,7.53
34,39,3,7.16
35,39,3,8.32
36,39,3,7.75
37,39,3,6.63
38,39,3,7.75
39,39,3,6.81
40,39,3,8.57
41,39,3,6.99
42,39,3,8.18
43,39,3,9.14
44,39,3,8.83
45,39,3,6.8
46,39,3,9.47
47,39,3,6.63
48,39,3,8.28
49,39,3,7.52
50,39,3,7.53
51,39,3,6.31
52,39,3,8.76
53,39,3,7.63
54,39,3,8.44
55,39,3,7.06
56,39,3,8.45
57,39,3,7.87
58,39,3,7.34
59,39,3,8.46
60,39,3,6.5
61,39,3,8.63
62,39,3,8.09
63,39,3,7.61
64,39,3,7.25
65,39,3,9.31
66,39,3,8.14
67,39,3,7.73
68,39,3,9.76
69,39,3,8.48
70,39,3,8.51
71,39,3,9.88
72,39,3,8.06
73,39,3,9.02
74,39,3,8.15
75,39,3,7.98
76,39,3,9.85
77,39,3,7.34
78,39,3,7.54
79,39,3,8.48
80,39,3,6.99
81,39,3,7.68
82,39,3,7.09
83,39,3,7.65
84,39,3,7.98
85,39,3,6.28
86,39,3,7.18
87,39,3,7.28
88,39,3,6.63
89,39,3,7.1
90,39,3,6.11
91,39,3,5.77
92,39,3,7.27
93,39,3,8.03
94,39,3,7.68
95,39,3,7.66
96,39,3,7.14
97,39,3,9.43
98,39,3,7.05
99,39,3,7.82
0,40,3,7.6
1,40,3,8.26
2,40,3,7.43
3,40,3,8.62
4,40,3,8.69
5,40,3,6.8
6,40,3,7.91
7,40,3,8.94
8,40,3,8.24
9,40,3,6.98
10,40,3,6.51
11,40,3,8.25
12,40,3,7.12
13,40,3,6.54
14,40,3,7.53
15,40,3,7.39
16,40,3,7.07
17,40,3,6.62
18,40,3,7.74
19,40,3,6.09
20,40,3,7.43
21,40,3,7.9
22,40,3,7.27
23,40,3,7.9
24,40,3,6.85
25,40,3,9.72
26,40,3,6.95
27,40,3,9.01
28,40,3,6.71
29,40,3,8.25
30,40,3,7.92
31,40,3,8.09
32,40,3,8.07
33,40,3,6.67
34,40,3,6.97
35,40,3,6.75
36,40,3,7.67
37,40,3,6.73
38,40,3,6.74
39,40,3,6.06
40,40,3,8.47
41,40,3,7.32
42,40,3,7.56
43,40,3,7.4
44,40,3,7.01
45,40,3,6.51
46,40,3,6.95
47,40,3,6.09
48,40,3,8.1
49,40,3,8.11
50,40,3,7.81
51,40,3,6.48
52,40,3,9.4
53,40,3,7.44
54,40,3,7.25
55,40,3,6.55
56,40,3,7.0
57,40,3,7.01
58,40,3,8.94
59,40,3,7.33
60,40,3,7.05
61,40,3,7.18
62,40,3,8.05
63,40,3,8.46
64,40,3,11.67
65,40,3,8.22
66,40,3,9.09
67,40,3,9.11
68,40,3,9.05
69,40,3,8.01
70,40,3,9.71
71,40,3,8.17
72,40,3,10.1
73,40,3,9.06
74,40,3,9.22
75,40,3,8.07
76,40,3,9.32
77,40,3,8.25
78,40,3,6.11
79,40,3,7.98
80,40,3,7.84
81,40,3,7.55
82,40,3,8.11
83,40,3,7.17
84,40,3,7.84
85,40,3,6.79
86,40,3,8.33
87,40,3,9.0
88,40,3,7.15
89,40,3,8.95
90,40,3,7.23
91,40,3,8.29
92,40,3,7.98
93,40,3,6.25
94,40,3,8.84
95,40,3,5.72
96,40,3,8.86
97,40,3,7.74
98,40,3,8.41
99,40,3,8.4
0,41,3,7.2
1,41,3,8.3
2,41,3,6.97
3,41,3,8.24
4,41,3,7.44
5,41,3,6.84
6,41,3,6.67
7,41,3,8.35
8,41,3,7.14
9,41,3,8.01
10,41,3,8.28
11,41,3,7.03
12,41,3,7.07
13,41,3,7.67
14,41,3,6.07
15,41,3,6.28
16,41,3,8.07
17,41,3,7.03
18,41,3,6.44
19,41,3,7.68
20,41,3,6.29
21,41,3,7.12
22,41,3,9.1
23,41,3,7.33
24,41,3,8.11
25,41,3,6.48
26,41,3,7.78
27,41,3,7.65
28,41,3,5.65
29,41,3,6.1
30,41,3,7.2
31,41,3,7.61
32,41,3,8.39
33,41,3,10.11
34,41,3,6.87
35,41,3,7.07
36,41,3,6.28
37,41,3,8.37
38,41,3,8.16
39,41,3,6.71
40,41,3,7.27
41,41,3,8.2
42,41,3,9.08
43,41,3,7.15
44,41,3,8.09
45,41,3,8.93
46,41,3,8.33
47,41,3,6.83
48,41,3,8.01
49,41,3,8.53
50,41,3,7.72
51,41,3,6.94
52,41,3,5.98
53,41,3,7.88
54,41,3,5.54
55,41,3,6.24
56,41,3,6.92
57,41,3,7.33
58,41,3,6.19
59,41,3,8.1
60,41,3,8.45
61,41,3,5.16
62,41,3,8.02
63,41,3,6.94
64,41,3,8.41
65,41,3,8.44
66,41,3,8.91
67,41,3,7.9
68,41,3,10.93
69,41,3,9.2
70,41,3,8.8
71,41,3,9.45
72,41,3,7.94
73,41,3,8.71
74,41,3,7.13
75,41,3,8.94
76,41,3,8.4
77,41,3,8.28
78,41,3,7.86
79,41,3,7.9
80,41,3,7.03
81,41,3,7.39
82,41,3,8.29
83,41,3,8.95
84,41,3,7.7
85,41,3,6.76
86,41,3,5.89
87,41,3,8.22
88,41,3,7.04
89,41,3,7.92
90,41,3,7.25
91,41,3,8.54
92,41,3,6.71
93,41,3,6.81
94,41,3,6.25
95,41,3,8.26
96,41,3,8.65
97,41,3,8.38
98,41,3,8.92
99,41,3,4.69
0,42,3,7.33
1,42,3,7.38
2,42,3,7.61
3,42,3,7.31
4,42,3,7.02
5,42,3,9.36
6,42,3,7.74
7,42,3,6.58
8,42,3,7.95
9,42,3,7.54
10,42,3,7.11
11,42,3,8.12
12,42,3,7.2
13,42,3,7.52
14,42,3,8.54
15,42,3,7.85
16,42,3,7.33
17,42,3,6.28
18,42,3,7.22
19,42,3,7.93
20,42,3,8.24
21,42,3,6.91
22,42,3,8.29
23,42,3,6.63
24,42,3,8.5
25,42,3,7.45
26,42,3,6.54
27,42,3,7.04
28,42,3,7.54
29,42,3,8.4
30,42,3,7.77
31,42,3,6.46
32,42,3,7.98
33,42,3,7.85
34,42,3,7.65
35,42,3,7.66
36,42,3,6.11
37,42,3,8.34
38,42,3,8.34
39,42,3,8.77
40,42,3,9.02
41,42,3,6.05
42,42,3,8.15
43,42,3,8.56
44,42,3,5.52
45,42,3,5.09
46,42,3,8.33
47,42,3,9.4
48,42,3,7.73
49,42,3,8.13
50,42,3,8.85
51,42,3,6.86
52,42,3,7.33
53,42,3,6.57
54,42,3,8.68
55,42,3,7.46
56,42,3,7.16
57,42,3,6.2
58,42,3,6.64
59,42,3,7.48
60,42,3,7.37
61,42,3,7.66
62,42,3,8.01
63,42,3,7.28
64,42,3,8.93
65,42,3,8.2
66,42,3,8.92
67,42,3,7.86
68,42,3,8.31
69,42,3,8.86
70,42,3,8.93
71,42,3,8.35
72,42,3,10.17
73,42,3,8.87
74,42,3,8.7
75,42,3,8.69
76,42,3,8.43
77,42,3,8.78
78,42,3,7.44
79,42,3,7.1
80,42,3,6.91
81,42,3,7.63
82,42,3,9.88
83,42,3,8.82
84,42,3,7.91
85,42,3,7.55
86,42,3,7.52
87,42,3,8.65
88,42,3,8.21
89,42,3,8.34
90,42,3,6.7
91,42,3,6.87
92,42,3,7.93
93,42,3,7.57
94,42,3,6.4
95,42,3,7.18
96,42,3,8.76
97,42,3,9.42
98,42,3,9.34
99,42,3,8.18
0,43,3,6.23
1,43,3,8.17
2,43,3,7.52
3,43,3,7.94
4,43,3,5.62
5,43,3,6.59
6,43,3,7.12
7,43,3,9.15
8,43,3,7.65
9,43,3,6.71
10,43,3,6.93
11,43,3,6.71
12,43,3,8.25
13,43,3,8.22
14,43,3,8.06
15,43,3,6.01
16,43,3,7.34
17,43,3,7.55
18,43,3,7.16
19,43,3,7.5
20,43,3,7.59
21,43,3,9.84
22,43,3,8.2
23,43,3,7.29
24,43,3,8.17
25,43,3,7.88
26,43,3,7.79
27,43,3,7.85
28,43,3,6.5
29,43,3,8.24
30,43,3,7.26
31,43,3,8.5
32,43,3,7.77
33,43,3,7.09
34,43,3,7.65
35,43,3,7.63
36,43,3,6.48
37,43,3,8.52
38,43,3,6.51
39,43,3,6.39
40,43,3,6.17
41,43,3,7.38
42,43,3,6.49
43,43,3,6.99
44,43,3,7.77
45,43,3,7.47
46,43,3,7.98
47,43,3,8.33
48,43,3,6.24
49,43,3,7.58
50,43,3,6.76
51,43,3,7.77
52,43,3,5.7
53,43,3,8.26
54,43,3,8.87
55,43,3,6.53
56,43,3,8.64
57,43,3,9.57
58,43,3,6.88
59,43,3,7.44
60,43,3,6.36
61,43,3,6.68
62,43,3,6.76
63,43,3,6.09
64,43,3,7.54
65,43,3,7.66
66,43,3,7.07
67,43,3,10.04
68,43,3,7.1
69,43,3,9.31
70,43,3,8.19
71,43,3,7.59
72,43,3,6.4
73,43,3,8.64
74,43,3,7.51
75,43,3,7.63
76,43,3,7.19
77,43,3,6.33
78,43,3,9.26
79,43,3,8.08
80,43,3,6.41
81,43,3,6.5
82,43,3,9.64
83,43,3,7.21
84,43,3,6.7
85,43,3,6.94
86,43,3,7.85
87,43,3,9.17
88,43,3,7.71
89,43,3,7.6
90,43,3,8.72
91,43,3,7.23
92,43,3,7.58
93,43,3,6.78
94,43,3,7.92
95,43,3,9.01
96,43,3,6.85
97,43,3,7.76
98,43,3,7.93
99,43,3,6.9
0,44,3,7.26
1,44,3,8.03
2,44,3,6.64
3,44,3,8.61
4,44,3,7.99
5,44,3,7.68
6,44,3,8.73
7,44,3,8.56
8,44,3,8.51
9,44,3,6.31
10,44,3,8.12
11,44,3,6.78
12,44,3,7.29
13,44,3,7.6
14,44,3,7.47
15,44,3,8.56
16,44,3,7.01
17,44,3,7.09
18,44,3,7.26
19,44,3,7.71
20,44,3,7.28
21,44,3,6.17
22,44,3,7.74
23,44,3,9.94
24,44,3,7.63
25,44,3,9.15
26,44,3,8.21
27,44,3,8.18
28,44,3,9.02
29,44,3,8.3
30,44,3,6.4
31,44,3,8.21
32,44,3,8.61
33,44,3,7.18
34,44,3,7.52
35,44,3,7.38
36,44,3,7.99
37,44,3,7.49
38,44,3,9.75
39,44,3,8.92
40,44,3,8.68
41,44,3,7.14
42,44,3,8.09
43,44,3,8.8
44,44,3,7.33
45,44,3,8.24
46,44,3,7.79
47,44,3,8.64
48,44,3,7.18
49,44,3,7.99
50,44,3,6.6
51,44,3,7.16
52,44,3,8.78
53,44,3,6.44
54,44,3,7.96
55,44,3,7.94
56,44,3,7.45
57,44,3,7.02
58,44,3,8.42
59,44,3,8.18
60,44,3,6.85
61,44,3,6.84
62,44,3,6.98
63,44,3,8.09
64,44,3,7.78
65,44,3,7.61
66,44,3,8.57
67,44,3,6.52
68,44,3,6.32
69,44,3,6.09
70,44,3,8.36
71,44,3,6.74
72,44,3,6.96
73,44,3,7.13
74,44,3,9.02
75,44,3,8.85
76,44,3,8.24
77,44,3,7.76
78,44,3,7.35
79,44,3,8.55
80,44,3,8.73
81,44,3,7.88
82,44,3,7.29
83,44,3,8.16
84,44,3,7.9
85,44,3,7.03
86,44,3,9.27
87,44,3,6.59
88,44,3,6.76
89,44,3,7.92
90,44,3,8.03
91,44,3,7.32
92,44,3,8.32
93,44,3,8.49
94,44,3,7.45
95,44,3,6.94
96,44,3,7.93
97,44,3,6.14
98,44,3,7.16
99,44,3,7.02
0,45,3,7.97
1,45,3,6.52
2,45,3,6.15
3,45,3,7.41
4,45,3,7.16
5,45,3,5.72
6,45,3,6.91
7,45,3,8.15
8,45,3,7.73
9,45,3,6.59
10,45,3,7.57
11,45,3,8.3
12,45,3,9.53
13,45,3,8.66
14,45,3,7.78
15,45,3,9.28
16,45,3,6.31
17,45,3,5.88
18,45,3,8.52
19,45,3,7.13
20,45,3,7.06
21,45,3,7.49
22,45,3,7.17
23,45,3,8.09
24,45,3,7.39
25,45,3,6.25
26,45,3,6.28
27,45,3,6.02
28,45,3,6.83
29,45,3,6.32
30,45,3,6.75
31,45,3,7.47
32,45,3,6.86
33,45,3,7.9
34,45,3,6.97
35,45,3,6.58
36,45,3,8.83
37,45,3,5.78
38,45,3,7.39
39,45,3,6.92
40,45,3,6.51
41,45,3,8.28
42,45,3,8.29
43,45,3,6.63
44,45,3,7.91
45,45,3,7.32
46,45,3,6.94
47,45,3,8.79
48,45,3,7.31
49,45,3,6.77
50,45,3,7.18
51,45,3,7.92
52,45,3,8.46
53,45,3,7.05
54,45,3,7.09
55,45,3,7.01
56,45,3,7.73
57,45,3,7.74
58,45,3,7.81
59,45,3,7.79
60,45,3,7.6
61,45,3,7.47
62,45,3,7.49
63,45,3,7.73
64,45,3,7.36
65,45,3,7.78
66,45,3,7.26
67,45,3,6.21
68,45,3,8.72
69,45,3,8.6
70,45,3,8.86
71,45,3,8.86
72,45,3,7.16
73,45,3,6.95
74,45,3,6.9
75,45,3,7.57
76,45,3,7.23
77,45,3,7.37
78,45,3,8.08
79,45,3,7.66
80,45,3,6.85
81,45,3,7.95
82,45,3,6.4
83,45,3,8.03
84,45,3,8.59
85,45,3,6.61
86,45,3,8.2
87,45,3,6.72
88,45,3,7.48
89,45,3,7.23
90,45,3,7.31
91,45,3,9.02
92,45,3,8.43
93,45,3,9.01
94,45,3,6.55
95,45,3,7.91
96,45,3,6.88
97,45,3,7.59
98,45,3,6.06
99,45,3,6.34
0,46,3,7.68
1,46,3,7.39
2,46,3,6.69
3,46,3,6.89
4,46,3,7.08
5,46,3,8.92
6,46,3,8.53
7,46,3,7.34
8,46,3,8.28
9,46,3,9.08
10,46,3,7.03
11,46,3,7.56
12,46,3,6.7
13,46,3,7.88
14,46,3,8.93
15,46,3,8.0
16,46,3,7.69
17,46,3,6.55
18,46,3,7.81
19,46,3,6.8
20,46,3,8.47
21,46,3,7.25
22,46,3,7.92
23,46,3,8.61
24,46,3,7.89
25,46,3,7.58
26,46,3,9.26
27,46,3,7.9
28,46,3,7.99
29,46,3,6.81
30,46,3,7.76
31,46,3,7.03
32,46,3,7.06
33,46,3,7.93
34,46,3,6.78
35,46,3,8.27
36,46,3,7.06
37,46,3,6.27
38,46,3,8.12
39,46,3,6.11
40,46,3,7.95
41,46,3,6.62
42,46,3,5.58
43,46,3,9.11
44,46,3,6.1
45,46,3,7.59
46,46,3,8.85
47,46,3,6.55
48,46,3,7.86
49,46,3,7.33
50,46,3,9.03
51,46,3,7.48
52,46,3,7.48
53,46,3,6.64
54,46,3,6.69
55,46,3,7.64
56,46,3,8.26
57,46,3,7.77
58,46,3,6.24
59,46,3,8.01
60,46,3,9.31
61,46,3,8.42
62,46,3,7.97
63,46,3,8.02
64,46,3,8.3
65,46,3,9.4
66,46,3,8.0
67,46,3,8.81
68,46,3,7.53
69,46,3,6.98
70,46,3,7.59
71,46,3,8.69
72,46,3,7.02
73,46,3,7.94
74,46,3,9.57
75,46,3,8.89
76,46,3,7.83
77,46,3,8.36
78,46,3,7.56
79,46,3,8.09
80,46,3,7.58
81,46,3,6.57
82,46,3,8.52
83,46,3,6.7
84,46,3,6.95
85,46,3,6.84
86,46,3,7.91
87,46,3,6.8
88,46,3,8.23
89,46,3,7.8
90,46,3,6.35
91,46,3,8.36
92,46,3,7.34
93,46,3,8.57
94,46,3,8.4
95,46,3,7.43
96,46,3,7.64
97,46,3,7.58
98,46,3,9.3
99,46,3,10.13
0,47,3,7.46
1,47,3,7.43
2,47,3,8.81
3,47,3,5.89
4,47,3,8.17
5,47,3,9.4
6,47,3,8.3
7,47,3,7.85
8,47,3,8.11
9,47,3,5.68
10,47,3,8.8
11,47,3,8.92
12,47,3,6.48
13,47,3,7.62
14,47,3,6.32
15,47,3,7.31
16,47,3,6.74
17,47,3,7.56
18,47,3,8.73
19,47,3,8.03
20,47,3,9.66
21,47,3,8.28
22,47,3,7.77
23,47,3,7.57
24,47,3,7.3
25,47,3,8.11
26,47,3,7.83
27,47,3,8.41
28,47,3,4.88
29,47,3,6.42
30,47,3,8.91
31,47,3,6.11
32,47,3,7.65
33,47,3,6.61
34,47,3,7.4
35,47,3,6.68
36,47,3,7.8
37,47,3,7.01
38,47,3,7.23
39,47,3,7.09
40,47,3,7.2
41,47,3,7.67
42,47,3,7.28
43,47,3,7.66
44,47,3,7.68
45,47,3,7.38
46,47,3,7.9
47,47,3,6.91
48,47,3,7.52
49,47,3,10.01
50,47,3,7.77
51,47,3,8.44
52,47,3,7.07
53,47,3,7.9
54,47,3,6.21
55,47,3,5.65
56,47,3,6.83
57,47,3,7.6
58,47,3,7.81
59,47,3,6.93
60,47,3,5.36
61,47,3,7.12
62,47,3,7.38
63,47,3,8.25
64,47,3,7.81
65,47,3,6.87
66,47,3,7.06
67,47,3,7.02
68,47,3,8.87
69,47,3,6.0
70,47,3,8.54
71,47,3,8.11
72,47,3,7.53
73,47,3,8.9
74,47,3,7.19
75,47,3,7.56
76,47,3,6.99
77,47,3,9.33
78,47,3,7.03
79,47,3,8.14
80,47,3,8.25
81,47,3,8.17
82,47,3,7.27
83,47,3,7.39
84,47,3,8.35
85,47,3,7.56
86,47,3,8.52
87,47,3,7.39
88,47,3,5.84
89,47,3,8.12
90,47,3,7.06
91,47,3,6.74
92,47,3,5.53
93,47,3,8.65
94,47,3,7.75
95,47,3,8.79
96,47,3,6.37
97,47,3,7.27
98,47,3,8.43
99,47,3,7.72
0,48,3,7.7
1,48,3,6.55
2,48,3,7.22
3,48,3,6.46
4,48,3,6.8
5,48,3,8.03
6,48,3,8.28
7,48,3,8.33
8,48,3,7.6
9,48,3,7.87
10,48,3,6.46
11,48,3,6.62
12,48,3,6.27
13,48,3,7.96
14,48,3,6.74
15,48,3,8.46
16,48,3,7.28
17,48,3,8.07
18,48,3,7.94
19,48,3,6.16
20,48,3,9.28
21,48,3,7.49
22,48,3,8.05
23,48,3,6.52
24,48,3,6.96
25,48,3,8.27
26,48,3,9.07
27,48,3,6.74
28,48,3,7.31
29,48,3,7.28
30,48,3,7.22
31,48,3,6.39
32,48,3,7.6
33,48,3,6.99
34,48,3,6.05
35,48,3,8.44
36,48,3,6.69
37,48,3,8.78
38,48,3,6.82
39,48,3,8.27
40,48,3,7.47
41,48,3,6.24
42,48,3,7.48
43,48,3,6.87
44,48,3,7.79
45,48,3,7.19
46,48,3,7.72
47,48,3,7.06
48,48,3,7.02
49,48,3,6.68
50,48,3,6.72
51,48,3,6.69
52,48,3,7.02
53,48,3,6.19
54,48,3,7.84
55,48,3,7.53
56,48,3,8.3
57,48,3,7.74
58,48,3,7.96
59,48,3,7.8
60,48,3,5.72
61,48,3,6.81
62,48,3,6.83
63,48,3,7.34
64,48,3,7.32
65,48,3,9.25
66,48,3,6.87
67,48,3,9.07
68,48,3,6.45
69,48,3,8.49
70,48,3,7.39
71,48,3,8.53
72,48,3,7.59
73,48,3,8.91
74,48,3,7.8
75,48,3,7.61
76,48,3,8.66
77,48,3,6.85
78,48,3,8.11
79,48,3,8.2
80,48,3,7.03
81,48,3,8.68
82,48,3,7.5
83,48,3,7.87
84,48,3,7.71
85,48,3,7.95
86,48,3,8.28
87,48,3,7.2
88,48,3,8.84
89,48,3,6.33
90,48,3,8.94
91,48,3,7.31
92,48,3,8.09
93,48,3,6.49
94,48,3,7.59
95,48,3,7.74
96,48,3,8.16
97,48,3,7.82
98,48,3,6.85
99,48,3,7.13
0,49,3,6.12
1,49,3,8.26
2,49,3,8.34
3,49,3,7.7
4,49,3,7.64
5,49,3,7.42
6,49,3,8.25
7,49,3,8.46
8,49,3,8.06
9,49,3,6.38
10,49,3,7.53
11,49,3,9.02
12,49,3,9.25
13,49,3,6.92
14,49,3,9.19
15,49,3,8.54
16,49,3,6.17
17,49,3,7.23
18,49,3,8.42
19,49,3,7.94
20,49,3,9.98
21,49,3,7.17
22,49,3,8.9
23,49,3,6.82
24,49,3,5.79
25,49,3,7.46
26,49,3,7.21
27,49,3,7.42
28,49,3,6.59
29,49,3,8.33
30,49,3,8.24
31,49,3,6.48
32,49,3,7.35
33,49,3,7.12
34,49,3,7.57
35,49,3,7.18
36,49,3,6.22
37,49,3,7.67
38,49,3,8.15
39,49,3,7.56
40,49,3,7.39
41,49,3,6.86
42,49,3,6.35
43,49,3,8.75
44,49,3,6.74
45,49,3,7.7
46,49,3,6.3
47,49,3,7.23
48,49,3,8.89
49,49,3,7.72
50,49,3,7.56
51,49,3,9.31
52,49,3,8.3
53,49,3,6.43
54,49,3,7.63
55,49,3,8.7
56,49,3,7.09
57,49,3,7.72
58,49,3,7.59
59,49,3,7.45
60,49,3,8.0
61,49,3,8.83
62,49,3,6.9
63,49,3,7.37
64,49,3,7.88
65,49,3,6.68
66,49,3,7.83
67,49,3,8.76
68,49,3,7.31
69,49,3,6.82
70,49,3,7.39
71,49,3,8.71
72,49,3,8.64
73,49,3,8.7
74,49,3,7.22
75,49,3,6.52
76,49,3,6.15
77,49,3,8.25
78,49,3,7.62
79,49,3,6.97
80,49,3,7.0
81,49,3,6.66
82,49,3,8.57
83,49,3,9.16
84,49,3,7.56
85,49,3,6.71
86,49,3,7.33
87,49,3,8.9
88,49,3,7.73
89,49,3,8.5
90,49,3,6.83
91,49,3,8.11
92,49,3,7.1
93,49,3,7.75
94,49,3,7.4
95,49,3,8.24
96,49,3,6.73
97,49,3,7.54
98,49,3,7.38
99,49,3,7.72
0,50,3,6.36
1,50,3,9.17
2,50,3,6.91
3,50,3,8.55
4,50,3,5.66
5,50,3,6.34
6,50,3,6.71
7,50,3,8.57
8,50,3,6.93
9,50,3,7.68
10,50,3,6.86
11,50,3,8.3
12,50,3,7.06
13,50,3,5.21
14,50,3,7.26
15,50,3,7.59
16,50,3,9.33
17,50,3,9.44
18,50,3,6.84
19,50,3,7.44
20,50,3,6.26
21,50,3,7.95
22,50,3,7.72
23,50,3,7.8
24,50,3,7.27
25,50,3,8.28
26,50,3,6.7
27,50,3,8.35
28,50,3,7.81
29,50,3,8.74
30,50,3,6.79
31,50,3,6.73
32,50,3,6.48
33,50,3,7.54
34,50,3,9.17
35,50,3,8.32
36,50,3,9.43
37,50,3,6.34
38,50,3,8.11
39,50,3,6.55
40,50,3,7.64
41,50,3,6.88
42,50,3,7.01
43,50,3,8.04
44,50,3,7.29
45,50,3,6.33
46,50,3,7.64
47,50,3,7.71
48,50,3,8.14
49,50,3,6.76
50,50,3,5.65
51,50,3,7.81
52,50,3,7.9
53,50,3,6.34
54,50,3,6.9
55,50,3,8.88
56,50,3,7.05
57,50,3,7.0
58,50,3,8.76
59,50,3,6.27
60,50,3,7.55
61,50,3,7.59
62,50,3,7.02
63,50,3,9.05
64,50,3,6.88
65,50,3,8.87
66,50,3,7.7
67,50,3,7.21
68,50,3,6.83
69,50,3,7.3
70,50,3,8.36
71,50,3,7.75
72,50,3,8.03
73,50,3,7.68
74,50,3,9.29
75,50,3,7.32
76,50,3,6.73
77,50,3,5.74
78,50,3,5.85
79,50,3,7.93
80,50,3,8.32
81,50,3,7.37
82,50,3,6.44
83,50,3,8.6
84,50,3,7.56
85,50,3,9.62
86,50,3,6.63
87,50,3,8.02
88,50,3,5.7
89,50,3,7.65
90,50,3,7.63
91,50,3,7.08
92,50,3,6.35
93,50,3,7.16
94,50,3,7.38
95,50,3,8.67
96,50,3,7.57
97,50,3,7.75
98,50,3,7.8
99,50,3,6.72
0,51,3,5.4
1,51,3,7.34
2,51,3,5.8
3,51,3,5.93
4,51,3,7.79
5,51,3,7.87
6,51,3,6.99
7,51,3,8.07
8,51,3,6.14
9,51,3,6.79
10,51,3,5.09
11,51,3,7.38
12,51,3,7.19
13,51,3,7.62
14,51,3,7.58
15,51,3,6.73
16,51,3,9.07
17,51,3,7.73
18,51,3,9.82
19,51,3,6.23
20,51,3,4.84
21,51,3,7.17
22,51,3,8.06
23,51,3,6.11
24,51,3,10.08
25,51,3,8.8
26,51,3,6.56
27,51,3,7.4
28,51,3,6.92
29,51,3,6.37
30,51,3,8.04
31,51,3,9.24
32,51,3,6.86
33,51,3,6.78
34,51,3,8.53
35,51,3,8.07
36,51,3,6.97
37,51,3,6.89
38,51,3,8.03
39,51,3,8.65
40,51,3,7.91
41,51,3,6.87
42,51,3,8.04
43,51,3,7.26
44,51,3,6.58
45,51,3,8.56
46,51,3,9.73
47,51,3,7.21
48,51,3,7.67
49,51,3,6.59
50,51,3,5.98
51,51,3,6.3
52,51,3,6.53
53,51,3,5.9
54,51,3,8.42
55,51,3,7.41
56,51,3,8.57
57,51,3,7.73
58,51,3,6.52
59,51,3,6.6
60,51,3,8.27
61,51,3,8.23
62,51,3,7.81
63,51,3,7.92
64,51,3,8.03
65,51,3,7.44
66,51,3,7.12
67,51,3,7.55
68,51,3,7.17
69,51,3,8.85
70,51,3,7.8
71,51,3,9.18
72,51,3,7.17
73,51,3,8.03
74,51,3,6.02
75,51,3,9.23
76,51,3,7.6
77,51,3,6.76
78,51,3,6.88
79,51,3,7.95
80,51,3,7.71
81,51,3,6.88
82,51,3,7.05
83,51,3,7.11
84,51,3,6.64
85,51,3,6.26
86,51,3,8.47
87,51,3,7.64
88,51,3,6.69
89,51,3,8.84
90,51,3,6.71
91,51,3,5.56
92,51,3,8.12
93,51,3,6.65
94,51,3,7.56
95,51,3,7.18
96,51,3,9.01
97,51,3,6.69
98,51,3,7.15
99,51,3,7.35
0,52,3,6.89
1,52,3,7.92
2,52,3,7.79
3,52,3,8.74
4,52,3,7.52
5,52,3,7.13
6,52,3,10.0
7,52,3,7.49
8,52,3,6.63
9,52,3,8.22
10,52,3,8.39
11,52,3,6.34
12,52,3,7.36
13,52,3,8.36
14,52,3,8.09
15,52,3,6.73
16,52,3,8.37
17,52,3,6.95
18,52,3,5.44
19,52,3,6.07
20,52,3,7.16
21,52,3,8.02
22,52,3,8.1
23,52,3,6.9
24,52,3,6.71
25,52,3,8.25
26,52,3,9.34
27,52,3,8.68
28,52,3,8.12
29,52,3,7.8
30,52,3,9.69
31,52,3,7.12
32,52,3,8.61
33,52,3,6.94
34,52,3,9.42
35,52,3,8.06
36,52,3,7.88
37,52,3,7.1
38,52,3,8.71
39,52,3,7.04
40,52,3,6.84
41,52,3,7.42
42,52,3,9.09
43,52,3,8.02
44,52,3,8.62
45,52,3,7.99
46,52,3,8.01
47,52,3,5.71
48,52,3,9.4
49,52,3,6.11
50,52,3,8.0
51,52,3,9.09
52,52,3,7.9
53,52,3,5.05
54,52,3,7.62
55,52,3,8.11
56,52,3,9.87
57,52,3,9.42
58,52,3,7.41
59,52,3,8.86
60,52,3,6.57
61,52,3,8.49
62,52,3,7.49
63,52,3,6.77
64,52,3,7.49
65,52,3,6.82
66,52,3,7.88
67,52,3,7.95
68,52,3,7.39
69,52,3,7.42
70,52,3,8.85
71,52,3,7.49
72,52,3,6.48
73,52,3,7.16
74,52,3,7.29
75,52,3,5.98
76,52,3,7.23
77,52,3,7.9
78,52,3,6.71
79,52,3,7.21
80,52,3,7.03
81,52,3,7.55
82,52,3,7.87
83,52,3,7.17
84,52,3,10.18
85,52,3,7.73
86,52,3,7.3
87,52,3,5.63
88,52,3,7.87
89,52,3,7.5
90,52,3,7.12
91,52,3,7.44
92,52,3,7.91
93,52,3,7.0
94,52,3,6.98
95,52,3,6.75
96,52,3,7.29
97,52,3,6.15
98,52,3,7.47
99,52,3,7.02
0,53,3,6.71
1,53,3,6.3
2,53,3,7.31
3,53,3,6.45
4,53,3,7.18
5,53,3,7.63
6,53,3,7.53
7,53,3,8.67
8,53,3,7.89
9,53,3,6.67
10,53,3,5.73
11,53,3,5.86
12,53,3,8.06
13,53,3,7.47
14,53,3,8.44
15,53,3,7.31
16,53,3,8.64
17,53,3,9.11
18,53,3,7.06
19,53,3,7.55
20,53,3,8.69
21,53,3,7.77
22,53,3,7.19
23,53,3,8.06
24,53,3,8.16
25,53,3,6.86
26,53,3,8.09
27,53,3,8.1
28,53,3,4.55
29,53,3,8.09
30,53,3,8.75
31,53,3,6.8
32,53,3,8.36
33,53,3,8.24
34,53,3,8.14
35,53,3,9.24
36,53,3,7.2
37,53,3,8.29
38,53,3,6.74
39,53,3,7.58
40,53,3,9.02
41,53,3,8.19
42,53,3,7.68
43,53,3,8.37
44,53,3,7.48
45,53,3,6.55
46,53,3,9.02
47,53,3,6.72
48,53,3,9.04
49,53,3,8.78
50,53,3,8.35
51,53,3,8.07
52,53,3,6.32
53,53,3,7.35
54,53,3,7.95
55,53,3,8.28
56,53,3,8.49
57,53,3,8.73
58,53,3,7.95
59,53,3,7.84
60,53,3,7.63
61,53,3,7.38
62,53,3,7.29
63,53,3,8.33
64,53,3,7.63
65,53,3,6.69
66,53,3,7.87
67,53,3,8.79
68,53,3,5.85
69,53,3,8.36
70,53,3,5.59
71,53,3,6.62
72,53,3,8.01
73,53,3,7.58
74,53,3,7.37
75,53,3,7.82
76,53,3,8.03
77,53,3,8.62
78,53,3,9.63
79,53,3,6.47
80,53,3,6.54
81,53,3,6.76
82,53,3,8.18
83,53,3,7.56
84,53,3,5.91
85,53,3,7.21
86,53,3,5.64
87,53,3,6.94
88,53,3,8.78
89,53,3,8.52
90,53,3,8.28
91,53,3,7.36
92,53,3,8.54
93,53,3,6.73
94,53,3,7.06
95,53,3,7.38
96,53,3,7.47
97,53,3,7.86
98,53,3,5.32
99,53,3,7.13
0,54,3,6.74
1,54,3,7.03
2,54,3,7.63
3,54,3,9.66
4,54,3,7.99
5,54,3,8.0
6,54,3,7.33
7,54,3,5.83
8,54,3,7.33
9,54,3,7.75
10,54,3,6.43
11,54,3,8.15
12,54,3,6.99
13,54,3,8.33
14,54,3,8.44
15,54,3,6.91
16,54,3,6.05
17,54,3,6.81
18,54,3,9.81
19,54,3,7.32
20,54,3,8.62
21,54,3,9.73
22,54,3,7.12
23,54,3,8.38
24,54,3,9.03
25,54,3,7.99
26,54,3,8.18
27,54,3,7.2
28,54,3,8.33
29,54,3,6.8
30,54,3,8.11
31,54,3,7.57
32,54,3,7.97
33,54,3,8.79
34,54,3,9.15
35,54,3,7.16
36,54,3,7.05
37,54,3,7.09
38,54,3,7.42
39,54,3,9.06
40,54,3,8.65
41,54,3,7.38
42,54,3,7.7
43,54,3,7.37
44,54,3,7.41
45,54,3,8.69
46,54,3,8.73
47,54,3,8.13
48,54,3,7.66
49,54,3,6.18
50,54,3,8.05
51,54,3,7.02
52,54,3,8.23
53,54,3,6.9
54,54,3,7.98
55,54,3,8.58
56,54,3,8.22
57,54,3,7.2
58,54,3,7.49
59,54,3,7.93
60,54,3,8.02
61,54,3,6.05
62,54,3,8.47
63,54,3,8.34
64,54,3,6.87
65,54,3,8.78
66,54,3,7.21
67,54,3,6.84
68,54,3,8.94
69,54,3,8.6
70,54,3,8.93
71,54,3,8.0
72,54,3,7.36
73,54,3,7.94
74,54,3,8.11
75,54,3,7.54
76,54,3,6.52
77,54,3,8.28
78,54,3,6.99
79,54,3,7.68
80,54,3,8.52
81,54,3,8.56
82,54,3,7.39
83,54,3,8.68
84,54,3,9.06
85,54,3,9.27
86,54,3,7.37
87,54,3,5.96
88,54,3,8.72
89,54,3,8.61
90,54,3,9.48
91,54,3,7.7
92,54,3,7.82
93,54,3,6.89
94,54,3,8.52
95,54,3,7.05
96,54,3,8.49
97,54,3,7.36
98,54,3,7.27
99,54,3,8.0
0,55,3,7.88
1,55,3,7.28
2,55,3,6.31
3,55,3,7.58
4,55,3,8.43
5,55,3,7.19
6,55,3,8.53
7,55,3,6.43
8,55,3,9.71
9,55,3,5.09
10,55,3,7.46
11,55,3,8.97
12,55,3,6.78
13,55,3,7.97
14,55,3,9.03
15,55,3,7.31
16,55,3,8.12
17,55,3,8.06
18,55,3,7.55
19,55,3,7.41
20,55,3,5.54
21,55,3,7.58
22,55,3,8.04
23,55,3,8.15
24,55,3,7.66
25,55,3,7.57
26,55,3,7.4
27,55,3,6.77
28,55,3,6.82
29,55,3,7.16
30,55,3,9.65
31,55,3,7.45
32,55,3,6.93
33,55,3,7.23
34,55,3,9.32
35,55,3,5.42
36,55,3,6.35
37,55,3,7.77
38,55,3,8.32
39,55,3,6.3
40,55,3,7.57
41,55,3,8.23
42,55,3,7.35
43,55,3,7.24
44,55,3,8.68
45,55,3,7.24
46,55,3,6.41
47,55,3,8.0
48,55,3,7.76
49,55,3,7.92
50,55,3,7.47
51,55,3,8.77
52,55,3,6.5
53,55,3,7.45
54,55,3,8.24
55,55,3,7.15
56,55,3,7.26
57,55,3,7.34
58,55,3,7.52
59,55,3,8.39
60,55,3,9.05
61,55,3,8.97
62,55,3,8.37
63,55,3,6.66
64,55,3,8.9
65,55,3,9.04
66,55,3,8.12
67,55,3,5.15
68,55,3,6.86
69,55,3,8.18
70,55,3,8.86
71,55,3,8.45
72,55,3,8.13
73,55,3,6.95
74,55,3,9.09
75,55,3,8.49
76,55,3,7.0
77,55,3,7.47
78,55,3,6.51
79,55,3,8.69
80,55,3,6.88
81,55,3,7.19
82,55,3,7.42
83,55,3,9.25
84,55,3,7.32
85,55,3,7.06
86,55,3,9.9
87,55,3,9.49
88,55,3,7.47
89,55,3,7.06
90,55,3,7.61
91,55,3,7.31
92,55,3,7.41
93,55,3,8.65
94,55,3,6.47
95,55,3,7.19
96,55,3,7.01
97,55,3,8.55
98,55,3,8.73
99,55,3,7.83
0,56,3,7.03
1,56,3,7.26
2,56,3,8.38
3,56,3,8.14
4,56,3,7.15
5,56,3,6.02
6,56,3,6.97
7,56,3,8.03
8,56,3,6.55
9,56,3,7.6
10,56,3,8.49
11,56,3,6.7
12,56,3,8.35
13,56,3,9.33
14,56,3,5.38
15,56,3,7.97
16,56,3,8.11
17,56,3,5.57
18,56,3,8.58
19,56,3,7.01
20,56,3,8.23
21,56,3,6.8
22,56,3,5.86
23,56,3,6.93
24,56,3,7.73
25,56,3,8.67
26,56,3,8.08
27,56,3,8.87
28,56,3,7.49
29,56,3,8.35
30,56,3,8.18
31,56,3,6.45
32,56,3,7.54
33,56,3,7.73
34,56,3,6.48
35,56,3,8.13
36,56,3,8.78
37,56,3,6.49
38,56,3,6.43
39,56,3,8.44
40,56,3,6.94
41,56,3,8.34
42,56,3,6.92
43,56,3,9.12
44,56,3,7.37
45,56,3,7.14
46,56,3,7.89
47,56,3,8.09
48,56,3,6.18
49,56,3,7.35
50,56,3,7.15
51,56,3,7.78
52,56,3,7.7
53,56,3,7.48
54,56,3,7.69
55,56,3,9.99
56,56,3,6.45
57,56,3,7.81
58,56,3,8.28
59,56,3,8.1
60,56,3,7.66
61,56,3,7.42
62,56,3,8.23
63,56,3,8.52
64,56,3,8.79
65,56,3,6.59
66,56,3,7.43
67,56,3,6.26
68,56,3,8.44
69,56,3,7.08
70,56,3,8.79
71,56,3,8.64
72,56,3,8.15
73,56,3,7.71
74,56,3,8.15
75,56,3,7.49
76,56,3,8.11
77,56,3,6.53
78,56,3,9.22
79,56,3,6.74
80,56,3,8.3
81,56,3,7.59
82,56,3,7.94
83,56,3,6.63
84,56,3,7.47
85,56,3,8.98
86,56,3,7.4
87,56,3,7.02
88,56,3,5.51
89,56,3,6.86
90,56,3,6.82
91,56,3,9.15
92,56,3,4.95
93,56,3,7.16
94,56,3,6.45
95,56,3,8.35
96,56,3,8.5
97,56,3,7.56
98,56,3,9.06
99,56,3,7.84
0,57,3,7.05
1,57,3,5.67
2,57,3,6.13
3,57,3,7.77
4,57,3,8.35
5,57,3,6.96
6,57,3,7.68
7,57,3,8.43
8,57,3,6.8
9,57,3,6.62
10,57,3,6.41
11,57,3,7.48
12,57,3,5.9
13,57,3,6.74
14,57,3,8.97
15,57,3,8.19
16,57,3,8.72
17,57,3,5.84
18,57,3,7.37
19,57,3,8.06
20,57,3,6.43
21,57,3,8.87
22,57,3,7.92
23,57,3,7.85
24,57,3,6.55
25,57,3,6.83
26,57,3,7.12
27,57,3,6.87
28,57,3,7.46
29,57,3,9.08
30,57,3,6.25
31,57,3,5.94
32,57,3,7.55
33,57,3,6.85
34,57,3,6.94
35,57,3,6.18
36,57,3,6.62
37,57,3,6.75
38,57,3,6.89
39,57,3,7.91
40,57,3,8.25
41,57,3,8.66
42,57,3,7.64
43,57,3,6.23
44,57,3,6.62
45,57,3,8.44
46,57,3,6.89
47,57,3,7.62
48,57,3,8.03
49,57,3,6.69
50,57,3,9.33
51,57,3,6.37
52,57,3,6.12
53,57,3,7.85
54,57,3,7.41
55,57,3,7.1
56,57,3,7.81
57,57,3,8.04
58,57,3,7.21
59,57,3,8.81
60,57,3,8.28
61,57,3,7.92
62,57,3,9.0
63,57,3,8.66
64,57,3,6.01
65,57,3,7.84
66,57,3,7.38
67,57,3,7.64
68,57,3,7.96
69,57,3,7.33
70,57,3,9.84
71,57,3,8.22
72,57,3,7.12
73,57,3,8.65
74,57,3,6.38
75,57,3,6.59
76,57,3,8.0
77,57,3,7.74
78,57,3,9.62
79,57,3,7.46
80,57,3,7.69
81,57,3,7.87
82,57,3,7.25
83,57,3,7.19
84,57,3,8.46
85,57,3,6.9
86,57,3,6.99
87,57,3,8.48
88,57,3,7.84
89,57,3,7.5
90,57,3,8.02
91,57,3,8.11
92,57,3,8.2
93,57,3,6.4
94,57,3,7.23
95,57,3,8.53
96,57,3,6.33
97,57,3,8.01
98,57,3,7.1
99,57,3,8.55
0,58,3,6.66
1,58,3,8.7
2,58,3,6.37
3,58,3,7.21
4,58,3,7.84
5,58,3,7.26
6,58,3,6.4
7,58,3,6.28
8,58,3,7.33
9,58,3,6.32
10,58,3,6.05
11,58,3,5.95
12,58,3,7.8
13,58,3,7.5
14,58,3,9.42
15,58,3,7.26
16,58,3,7.3
17,58,3,7.53
18,58,3,7.88
19,58,3,7.24
20,58,3,8.57
21,58,3,6.43
22,58,3,8.95
23,58,3,7.51
24,58,3,8.73
25,58,3,6.88
26,58,3,7.87
27,58,3,8.64
28,58,3,7.75
29,58,3,8.27
30,58,3,8.2
31,58,3,8.11
32,58,3,8.26
33,58,3,8.31
34,58,3,7.57
35,58,3,6.44
36,58,3,6.3
37,58,3,7.03
38,58,3,8.68
39,58,3,7.72
40,58,3,6.6
41,58,3,5.35
42,58,3,7.1
43,58,3,8.44
44,58,3,7.75
45,58,3,7.97
46,58,3,6.28
47,58,3,7.35
48,58,3,6.19
49,58,3,7.04
50,58,3,8.43
51,58,3,7.04
52,58,3,7.04
53,58,3,7.46
54,58,3,7.98
55,58,3,8.55
56,58,3,7.54
57,58,3,8.26
58,58,3,7.61
59,58,3,7.8
60,58,3,8.59
61,58,3,6.46
62,58,3,7.86
63,58,3,7.38
64,58,3,5.82
65,58,3,5.89
66,58,3,6.57
67,58,3,8.04
68,58,3,8.17
69,58,3,6.84
70,58,3,7.02
71,58,3,9.01
72,58,3,9.45
73,58,3,7.47
74,58,3,6.33
75,58,3,6.5
76,58,3,7.98
77,58,3,8.4
78,58,3,8.03
79,58,3,7.43
80,58,3,6.52
81,58,3,6.74
82,58,3,9.37
83,58,3,6.42
84,58,3,8.83
85,58,3,8.81
86,58,3,7.99
87,58,3,7.53
88,58,3,7.89
89,58,3,6.65
90,58,3,7.73
91,58,3,6.98
92,58,3,5.26
93,58,3,7.57
94,58,3,5.88
95,58,3,7.17
96,58,3,8.62
97,58,3,6.98
98,58,3,7.72
99,58,3,6.74
0,59,3,6.89
1,59,3,7.36
2,59,3,7.18
3,59,3,9.02
4,59,3,7.43
5,59,3,7.16
6,59,3,6.88
7,59,3,7.65
8,59,3,8.14
9,59,3,7.81
10,59,3,8.55
11,59,3,6.05
12,59,3,7.67
13,59,3,6.53
14,59,3,8.59
15,59,3,7.12
16,59,3,8.41
17,59,3,8.86
18,59,3,8.34
19,59,3,7.99
20,59,3,8.69
21,59,3,6.85
22,59,3,6.28
23,59,3,8.79
24,59,3,7.61
25,59,3,8.01
26,59,3,7.72
27,59,3,8.6
28,59,3,7.2
29,59,3,7.56
30,59,3,7.35
31,59,3,6.88
32,59,3,7.78
33,59,3,7.09
34,59,3,5.31
35,59,3,8.77
36,59,3,6.11
37,59,3,5.99
38,59,3,8.59
39,59,3,9.22
40,59,3,6.32
41,59,3,6.19
42,59,3,6.69
43,59,3,7.64
44,59,3,7.53
45,59,3,9.08
46,59,3,8.28
47,59,3,7.6
48,59,3,8.02
49,59,3,8.13
50,59,3,6.97
51,59,3,7.01
52,59,3,9.14
53,59,3,4.89
54,59,3,7.37
55,59,3,7.04
56,59,3,8.67
57,59,3,8.32
58,59,3,7.32
59,59,3,8.23
60,59,3,7.87
61,59,3,7.86
62,59,3,7.05
63,59,3,8.26
64,59,3,7.65
65,59,3,6.89
66,59,3,8.54
67,59,3,7.97
68,59,3,7.26
69,59,3,7.95
70,59,3,8.58
71,59,3,6.34
72,59,3,8.61
73,59,3,5.82
74,59,3,7.17
75,59,3,7.66
76,59,3,7.5
77,59,3,6.9
78,59,3,6.46
79,59,3,6.97
80,59,3,7.32
81,59,3,6.97
82,59,3,6.82
83,59,3,6.41
84,59,3,9.07
85,59,3,8.08
86,59,3,7.47
87,59,3,7.75
88,59,3,8.23
89,59,3,7.88
90,59,3,7.93
91,59,3,7.11
92,59,3,6.52
93,59,3,6.41
94,59,3,6.13
95,59,3,7.18
96,59,3,8.84
97,59,3,8.26
98,59,3,6.95
99,59,3,6.51
0,60,3,7.5
1,60,3,7.18
2,60,3,7.47
3,60,3,7.42
4,60,3,7.22
5,60,3,7.37
6,60,3,7.17
7,60,3,8.12
8,60,3,8.45
9,60,3,7.54
10,60,3,6.85
11,60,3,6.47
12,60,3,8.38
13,60,3,6.62
14,60,3,6.12
15,60,3,8.14
16,60,3,7.05
17,60,3,7.01
18,60,3,8.92
19,60,3,8.2
20,60,3,6.45
21,60,3,6.41
22,60,3,8.3
23,60,3,7.59
24,60,3,8.17
25,60,3,7.91
26,60,3,7.81
27,60,3,7.56
28,60,3,7.98
29,60,3,7.0
30,60,3,7.41
31,60,3,8.14
32,60,3,7.32
33,60,3,7.99
34,60,3,9.26
35,60,3,9.06
36,60,3,7.28
37,60,3,7.43
38,60,3,7.39
39,60,3,7.4
40,60,3,6.83
41,60,3,7.61
42,60,3,7.09
43,60,3,8.28
44,60,3,6.27
45,60,3,7.3
46,60,3,8.45
47,60,3,8.71
48,60,3,7.64
49,60,3,7.24
50,60,3,8.24
51,60,3,7.1
52,60,3,9.54
53,60,3,8.86
54,60,3,7.66
55,60,3,7.24
56,60,3,6.23
57,60,3,8.38
58,60,3,6.72
59,60,3,8.44
60,60,3,8.42
61,60,3,8.48
62,60,3,8.19
63,60,3,6.5
64,60,3,6.53
65,60,3,7.14
66,60,3,7.52
67,60,3,5.22
68,60,3,7.51
69,60,3,7.46
70,60,3,7.84
71,60,3,7.82
72,60,3,8.28
73,60,3,7.32
74,60,3,6.93
75,60,3,7.28
76,60,3,6.45
77,60,3,5.35
78,60,3,8.33
79,60,3,8.0
80,60,3,6.27
81,60,3,9.45
82,60,3,7.25
83,60,3,5.67
84,60,3,7.15
85,60,3,7.75
86,60,3,8.47
87,60,3,8.11
88,60,3,8.3
89,60,3,6.48
90,60,3,7.8
91,60,3,8.89
92,60,3,9.0
93,60,3,7.53
94,60,3,8.13
95,60,3,9.13
96,60,3,7.74
97,60,3,7.33
98,60,3,7.79
99,60,3,7.4
0,61,3,7.94
1,61,3,6.98
2,61,3,8.12
3,61,3,8.54
4,61,3,7.89
5,61,3,7.46
6,61,3,7.37
7,61,3,7.58
8,61,3,7.28
9,61,3,8.72
10,61,3,7.85
11,61,3,6.76
12,61,3,7.88
13,61,3,7.9
14,61,3,7.08
15,61,3,8.19
16,61,3,8.96
17,61,3,9.06
18,61,3,6.42
19,61,3,7.72
20,61,3,7.04
21,61,3,9.62
22,61,3,7.88
23,61,3,7.32
24,61,3,6.07
25,61,3,7.31
26,61,3,7.28
27,61,3,6.66
28,61,3,8.37
29,61,3,7.93
30,61,3,7.21
31,61,3,7.33
32,61,3,8.94
33,61,3,5.96
34,61,3,7.99
35,61,3,7.67
36,61,3,6.98
37,61,3,8.2
38,61,3,7.5
39,61,3,5.33
40,61,3,6.53
41,61,3,7.03
42,61,3,9.39
43,61,3,6.7
44,61,3,8.1
45,61,3,7.68
46,61,3,6.18
47,61,3,8.4
48,61,3,10.07
49,61,3,9.48
50,61,3,9.17
51,61,3,7.93
52,61,3,7.48
53,61,3,6.24
54,61,3,6.26
55,61,3,8.26
56,61,3,8.19
57,61,3,6.05
58,61,3,8.46
59,61,3,6.38
60,61,3,8.92
61,61,3,6.75
62,61,3,7.38
63,61,3,6.26
64,61,3,7.75
65,61,3,7.86
66,61,3,6.31
67,61,3,7.68
68,61,3,8.73
69,61,3,7.09
70,61,3,8.22
71,61,3,7.7
72,61,3,6.17
73,61,3,6.55
74,61,3,8.38
75,61,3,6.3
76,61,3,8.45
77,61,3,7.16
78,61,3,7.79
79,61,3,5.07
80,61,3,9.12
81,61,3,7.69
82,61,3,8.16
83,61,3,8.27
84,61,3,6.59
85,61,3,9.29
86,61,3,8.25
87,61,3,7.33
88,61,3,7.78
89,61,3,6.27
90,61,3,7.85
91,61,3,7.38
92,61,3,6.61
93,61,3,6.15
94,61,3,8.27
95,61,3,7.82
96,61,3,6.92
97,61,3,8.0
98,61,3,6.81
99,61,3,7.87
0,62,3,7.5
1,62,3,6.41
2,62,3,6.61
3,62,3,8.82
4,62,3,8.46
5,62,3,8.31
6,62,3,7.23
7,62,3,7.4
8,62,3,8.4
9,62,3,7.12
10,62,3,7.7
11,62,3,9.18
12,62,3,7.28
13,62,3,8.13
14,62,3,6.76
15,62,3,7.65
16,62,3,9.33
17,62,3,7.43
18,62,3,8.84
19,62,3,7.53
20,62,3,7.8
21,62,3,7.75
22,62,3,5.6
23,62,3,8.33
24,62,3,9.18
25,62,3,8.3
26,62,3,7.85
27,62,3,7.61
28,62,3,9.1
29,62,3,6.79
30,62,3,6.71
31,62,3,8.28
32,62,3,7.34
33,62,3,7.2
34,62,3,7.48
35,62,3,9.14
36,62,3,8.1
37,62,3,7.0
38,62,3,7.09
39,62,3,6.34
40,62,3,6.62
41,62,3,8.49
42,62,3,7.76
43,62,3,6.62
44,62,3,7.52
45,62,3,8.23
46,62,3,5.28
47,62,3,7.07
48,62,3,7.4
49,62,3,7.66
50,62,3,6.74
51,62,3,7.61
52,62,3,8.36
53,62,3,8.59
54,62,3,7.22
55,62,3,8.38
56,62,3,7.59
57,62,3,8.27
58,62,3,7.23
59,62,3,7.12
60,62,3,8.32
61,62,3,8.24
62,62,3,7.4
63,62,3,7.85
64,62,3,8.35
65,62,3,7.44
66,62,3,7.44
67,62,3,8.05
68,62,3,7.26
69,62,3,7.75
70,62,3,6.77
71,62,3,7.38
72,62,3,7.01
73,62,3,7.65
74,62,3,6.25
75,62,3,8.32
76,62,3,7.22
77,62,3,8.49
78,62,3,6.33
79,62,3,6.97
80,62,3,8.93
81,62,3,6.95
82,62,3,6.18
83,62,3,8.22
84,62,3,8.21
85,62,3,7.15
86,62,3,9.71
87,62,3,6.95
88,62,3,8.47
89,62,3,7.59
90,62,3,8.12
91,62,3,7.95
92,62,3,6.4
93,62,3,7.84
94,62,3,6.43
95,62,3,7.21
96,62,3,8.35
97,62,3,7.55
98,62,3,7.78
99,62,3,8.69
0,63,3,6.71
1,63,3,8.38
2,63,3,7.3
3,63,3,8.02
4,63,3,5.91
5,63,3,7.15
6,63,3,8.13
7,63,3,7.18
8,63,3,7.77
9,63,3,6.26
10,63,3,7.84
11,63,3,7.96
12,63,3,7.21
13,63,3,6.7
14,63,3,6.8
15,63,3,6.86
16,63,3,7.5
17,63,3,6.14
18,63,3,7.95
19,63,3,7.46
20,63,3,8.97
21,63,3,7.4
22,63,3,8.66
23,63,3,7.88
24,63,3,8.31
25,63,3,7.93
26,63,3,7.42
27,63,3,8.76
28,63,3,7.96
29,63,3,6.74
30,63,3,6.71
31,63,3,7.45
32,63,3,8.28
33,63,3,7.06
34,63,3,6.01
35,63,3,8.62
36,63,3,7.31
37,63,3,7.17
38,63,3,9.34
39,63,3,6.51
40,63,3,6.78
41,63,3,7.88
42,63,3,7.53
43,63,3,7.44
44,63,3,8.93
45,63,3,8.06
46,63,3,9.29
47,63,3,9.18
48,63,3,6.84
49,63,3,7.29
50,63,3,8.26
51,63,3,6.31
52,63,3,7.17
53,63,3,6.15
54,63,3,7.32
55,63,3,8.48
56,63,3,7.88
57,63,3,8.28
58,63,3,7.08
59,63,3,8.61
60,63,3,8.49
61,63,3,8.16
62,63,3,6.46
63,63,3,6.72
64,63,3,8.71
65,63,3,5.34
66,63,3,6.37
67,63,3,6.99
68,63,3,6.54
69,63,3,7.77
70,63,3,5.38
71,63,3,8.42
72,63,3,6.05
73,63,3,7.38
74,63,3,7.65
75,63,3,6.84
76,63,3,9.04
77,63,3,6.8
78,63,3,9.24
79,63,3,8.45
80,63,3,6.22
81,63,3,6.8
82,63,3,7.33
83,63,3,6.56
84,63,3,8.1
85,63,3,6.11
86,63,3,7.56
87,63,3,7.45
88,63,3,6.63
89,63,3,8.81
90,63,3,7.59
91,63,3,7.23
92,63,3,7.88
93,63,3,6.6
94,63,3,7.63
95,63,3,8.11
96,63,3,8.76
97,63,3,7.06
98,63,3,7.94
99,63,3,8.36
0,64,3,7.47
1,64,3,6.46
2,64,3,6.47
3,64,3,8.33
4,64,3,8.35
5,64,3,6.66
6,64,3,7.28
7,64,3,7.37
8,64,3,7.75
9,64,3,7.62
10,64,3,6.83
11,64,3,9.3
12,64,3,6.96
13,64,3,8.04
14,64,3,6.41
15,64,3,8.07
16,64,3,9.29
17,64,3,6.71
18,64,3,8.06
19,64,3,7.23
20,64,3,7.14
21,64,3,8.81
22,64,3,9.63
23,64,3,7.68
24,64,3,8.99
25,64,3,8.2
26,64,3,8.0
27,64,3,8.96
28,64,3,7.33
29,64,3,8.72
30,64,3,9.07
31,64,3,7.6
32,64,3,5.77
33,64,3,7.84
34,64,3,7.73
35,64,3,6.49
36,64,3,7.55
37,64,3,6.77
38,64,3,6.18
39,64,3,6.67
40,64,3,7.49
41,64,3,6.81
42,64,3,6.92
43,64,3,7.83
44,64,3,8.24
45,64,3,8.53
46,64,3,7.77
47,64,3,7.16
48,64,3,6.56
49,64,3,10.29
50,64,3,7.46
51,64,3,5.9
52,64,3,9.09
53,64,3,8.05
54,64,3,8.46
55,64,3,5.97
56,64,3,8.44
57,64,3,7.4
58,64,3,8.79
59,64,3,7.08
60,64,3,6.53
61,64,3,6.94
62,64,3,7.11
63,64,3,7.58
64,64,3,8.43
65,64,3,7.48
66,64,3,6.86
67,64,3,6.87
68,64,3,7.23
69,64,3,6.78
70,64,3,8.64
71,64,3,7.53
72,64,3,8.6
73,64,3,7.45
74,64,3,7.35
75,64,3,8.25
76,64,3,7.83
77,64,3,7.45
78,64,3,6.06
79,64,3,6.59
80,64,3,9.77
81,64,3,9.24
82,64,3,8.98
83,64,3,8.57
84,64,3,6.63
85,64,3,8.24
86,64,3,8.86
87,64,3,7.28
88,64,3,8.37
89,64,3,6.97
90,64,3,6.23
91,64,3,7.35
92,64,3,8.57
93,64,3,8.01
94,64,3,7.76
95,64,3,6.36
96,64,3,7.79
97,64,3,7.47
98,64,3,7.66
99,64,3,6.91
0,65,3,7.42
1,65,3,6.79
2,65,3,7.64
3,65,3,9.35
4,65,3,9.19
5,65,3,6.77
6,65,3,7.16
7,65,3,7.41
8,65,3,5.92
9,65,3,7.93
10,65,3,7.51
11,65,3,7.95
12,65,3,6.65
13,65,3,6.96
14,65,3,6.51
15,65,3,6.6
16,65,3,6.33
17,65,3,7.34
18,65,3,9.04
19,65,3,7.28
20,65,3,7.7
21,65,3,7.33
22,65,3,8.7
23,65,3,8.02
24,65,3,6.14
25,65,3,6.63
26,65,3,8.04
27,65,3,7.53
28,65,3,8.19
29,65,3,6.29
30,65,3,7.77
31,65,3,6.87
32,65,3,7.96
33,65,3,8.01
34,65,3,7.33
35,65,3,6.36
36,65,3,8.37
37,65,3,7.64
38,65,3,6.11
39,65,3,6.95
40,65,3,8.2
41,65,3,6.87
42,65,3,7.99
43,65,3,5.43
44,65,3,8.59
45,65,3,7.76
46,65,3,7.31
47,65,3,8.1
48,65,3,8.85
49,65,3,6.82
50,65,3,8.39
51,65,3,7.1
52,65,3,7.39
53,65,3,7.89
54,65,3,7.86
55,65,3,7.74
56,65,3,7.86
57,65,3,7.39
58,65,3,7.4
59,65,3,7.65
60,65,3,6.86
61,65,3,7.68
62,65,3,9.38
63,65,3,6.64
64,65,3,8.54
65,65,3,7.01
66,65,3,6.75
67,65,3,6.08
68,65,3,8.22
69,65,3,7.83
70,65,3,6.87
71,65,3,6.87
72,65,3,8.14
73,65,3,7.12
74,65,3,7.72
75,65,3,8.47
76,65,3,7.7
77,65,3,7.17
78,65,3,8.15
79,65,3,7.25
80,65,3,6.0
81,65,3,8.83
82,65,3,8.29
83,65,3,7.48
84,65,3,6.73
85,65,3,7.43
86,65,3,6.48
87,65,3,8.28
88,65,3,5.74
89,65,3,8.97
90,65,3,9.87
91,65,3,7.4
92,65,3,7.42
93,65,3,8.1
94,65,3,8.32
95,65,3,8.13
96,65,3,7.95
97,65,3,7.45
98,65,3,6.3
99,65,3,8.37
0,66,3,8.04
1,66,3,6.21
2,66,3,6.08
3,66,3,8.81
4,66,3,7.16
5,66,3,7.82
6,66,3,7.42
7,66,3,9.17
8,66,3,8.14
9,66,3,6.22
10,66,3,8.14
11,66,3,6.54
12,66,3,8.51
13,66,3,9.08
14,66,3,6.26
15,66,3,8.61
16,66,3,6.96
17,66,3,7.73
18,66,3,8.33
19,66,3,7.55
20,66,3,7.1
21,66,3,8.29
22,66,3,7.3
23,66,3,8.38
24,66,3,7.11
25,66,3,6.79
26,66,3,9.8
27,66,3,7.71
28,66,3,8.6
29,66,3,6.83
30,66,3,7.45
31,66,3,7.66
32,66,3,8.39
33,66,3,7.26
34,66,3,8.31
35,66,3,7.23
36,66,3,8.04
37,66,3,7.48
38,66,3,7.4
39,66,3,7.18
40,66,3,8.92
41,66,3,5.84
42,66,3,7.01
43,66,3,7.95
44,66,3,7.92
45,66,3,6.91
46,66,3,7.5
47,66,3,6.5
48,66,3,8.56
49,66,3,6.5
50,66,3,6.96
51,66,3,6.66
52,66,3,8.33
53,66,3,5.19
54,66,3,7.65
55,66,3,7.83
56,66,3,6.59
57,66,3,8.01
58,66,3,6.14
59,66,3,7.78
60,66,3,7.17
61,66,3,8.95
62,66,3,9.16
63,66,3,7.93
64,66,3,6.05
65,66,3,7.28
66,66,3,7.17
67,66,3,8.31
68,66,3,9.18
69,66,3,7.86
70,66,3,6.2
71,66,3,6.73
72,66,3,9.4
73,66,3,6.82
74,66,3,6.72
75,66,3,7.96
76,66,3,8.52
77,66,3,8.16
78,66,3,6.57
79,66,3,8.24
80,66,3,5.67
81,66,3,8.56
82,66,3,8.94
83,66,3,7.47
84,66,3,7.59
85,66,3,7.94
86,66,3,7.31
87,66,3,9.24
88,66,3,8.42
89,66,3,7.42
90,66,3,8.12
91,66,3,6.8
92,66,3,8.5
93,66,3,6.86
94,66,3,8.07
95,66,3,7.51
96,66,3,7.05
97,66,3,6.94
98,66,3,8.36
99,66,3,8.36
0,67,3,7.77
1,67,3,7.38
2,67,3,8.11
3,67,3,6.44
4,67,3,7.17
5,67,3,7.33
6,67,3,10.09
7,67,3,7.57
8,67,3,7.69
9,67,3,5.51
10,67,3,6.54
11,67,3,6.86
12,67,3,7.07
13,67,3,7.68
14,67,3,8.41
15,67,3,8.1
16,67,3,6.5
17,67,3,6.46
18,67,3,8.43
19,67,3,8.73
20,67,3,8.0
21,67,3,6.96
22,67,3,7.08
23,67,3,8.37
24,67,3,8.63
25,67,3,8.54
26,67,3,6.0
27,67,3,8.06
28,67,3,8.19
29,67,3,7.47
30,67,3,8.18
31,67,3,8.97
32,67,3,6.77
33,67,3,7.74
34,67,3,7.86
35,67,3,6.34
36,67,3,7.16
37,67,3,7.69
38,67,3,6.88
39,67,3,6.99
40,67,3,7.71
41,67,3,5.51
42,67,3,8.61
43,67,3,9.35
44,67,3,7.95
45,67,3,6.42
46,67,3,7.72
47,67,3,7.32
48,67,3,8.47
49,67,3,8.06
50,67,3,7.4
51,67,3,5.96
52,67,3,9.19
53,67,3,9.46
54,67,3,8.3
55,67,3,7.35
56,67,3,8.92
57,67,3,7.2
58,67,3,7.13
59,67,3,7.77
60,67,3,8.09
61,67,3,7.86
62,67,3,6.85
63,67,3,7.08
64,67,3,7.68
65,67,3,7.99
66,67,3,8.56
67,67,3,7.17
68,67,3,6.74
69,67,3,8.07
70,67,3,8.79
71,67,3,7.36
72,67,3,6.62
73,67,3,7.68
74,67,3,7.45
75,67,3,7.16
76,67,3,8.26
77,67,3,8.11
78,67,3,8.32
79,67,3,8.07
80,67,3,5.4
81,67,3,7.65
82,67,3,7.4
83,67,3,7.08
84,67,3,8.82
85,67,3,8.55
86,67,3,8.35
87,67,3,8.79
88,67,3,5.85
89,67,3,5.89
90,67,3,7.65
91,67,3,7.1
92,67,3,5.75
93,67,3,8.38
94,67,3,8.06
95,67,3,8.76
96,67,3,6.64
97,67,3,8.71
98,67,3,9.55
99,67,3,7.59
0,68,3,8.02
1,68,3,6.07
2,68,3,7.25
3,68,3,7.49
4,68,3,9.06
5,68,3,6.52
6,68,3,7.39
7,68,3,6.38
8,68,3,7.88
9,68,3,7.39
10,68,3,6.63
11,68,3,6.97
12,68,3,7.28
13,68,3,7.15
14,68,3,7.7
15,68,3,7.67
16,68,3,6.95
17,68,3,7.82
18,68,3,7.52
19,68,3,7.39
20,68,3,7.7
21,68,3,7.1
22,68,3,7.77
23,68,3,6.11
24,68,3,8.32
25,68,3,7.71
26,68,3,8.33
27,68,3,6.58
28,68,3,7.59
29,68,3,6.05
30,68,3,7.98
31,68,3,8.39
32,68,3,8.7
33,68,3,7.12
34,68,3,7.29
35,68,3,7.6
36,68,3,7.2
37,68,3,8.04
38,68,3,7.68
39,68,3,6.66
40,68,3,7.24
41,68,3,7.15
42,68,3,7.06
43,68,3,8.48
44,68,3,8.71
45,68,3,6.9
46,68,3,7.73
47,68,3,7.19
48,68,3,8.79
49,68,3,7.0
50,68,3,8.34
51,68,3,6.2
52,68,3,7.41
53,68,3,7.49
54,68,3,8.52
55,68,3,7.57
56,68,3,6.6
57,68,3,7.26
58,68,3,7.01
59,68,3,5.07
60,68,3,8.17
61,68,3,7.06
62,68,3,7.56
63,68,3,8.28
64,68,3,7.56
65,68,3,7.2
66,68,3,6.81
67,68,3,7.61
68,68,3,6.83
69,68,3,7.49
70,68,3,6.43
71,68,3,8.11
72,68,3,7.0
73,68,3,6.74
74,68,3,6.74
75,68,3,7.12
76,68,3,7.28
77,68,3,7.05
78,68,3,7.57
79,68,3,7.19
80,68,3,7.09
81,68,3,7.82
82,68,3,7.89
83,68,3,6.29
84,68,3,7.97
85,68,3,8.35
86,68,3,6.85
87,68,3,8.39
88,68,3,6.62
89,68,3,6.98
90,68,3,7.66
91,68,3,7.94
92,68,3,7.45
93,68,3,9.22
94,68,3,6.46
95,68,3,7.66
96,68,3,7.89
97,68,3,6.41
98,68,3,8.2
99,68,3,7.0
0,69,3,9.41
1,69,3,8.3
2,69,3,7.33
3,69,3,6.55
4,69,3,6.97
5,69,3,7.83
6,69,3,6.2
7,69,3,8.6
8,69,3,6.61
9,69,3,7.21
10,69,3,8.58
11,69,3,6.54
12,69,3,6.25
13,69,3,7.89
14,69,3,8.02
15,69,3,6.93
16,69,3,5.53
17,69,3,8.89
18,69,3,7.02
19,69,3,8.57
20,69,3,6.86
21,69,3,7.89
22,69,3,7.84
23,69,3,9.56
24,69,3,8.19
25,69,3,7.73
26,69,3,7.73
27,69,3,9.27
28,69,3,7.03
29,69,3,8.72
30,69,3,7.65
31,69,3,7.23
32,69,3,8.25
33,69,3,8.01
34,69,3,6.45
35,69,3,8.54
36,69,3,7.22
37,69,3,8.11
38,69,3,8.6
39,69,3,6.84
40,69,3,6.34
41,69,3,8.38
42,69,3,7.49
43,69,3,7.98
44,69,3,8.8
45,69,3,8.32
46,69,3,8.19
47,69,3,7.52
48,69,3,7.49
49,69,3,8.82
50,69,3,8.12
51,69,3,7.95
52,69,3,6.85
53,69,3,8.57
54,69,3,6.86
55,69,3,7.98
56,69,3,8.28
57,69,3,6.42
58,69,3,8.53
59,69,3,8.8
60,69,3,7.45
61,69,3,6.85
62,69,3,8.56
63,69,3,8.16
64,69,3,6.74
65,69,3,8.13
66,69,3,6.54
67,69,3,8.97
68,69,3,8.69
69,69,3,7.33
70,69,3,8.7
71,69,3,8.61
72,69,3,7.86
73,69,3,6.87
74,69,3,8.34
75,69,3,7.83
76,69,3,7.74
77,69,3,7.28
78,69,3,7.54
79,69,3,8.91
80,69,3,9.04
81,69,3,7.13
82,69,3,7.13
83,69,3,8.76
84,69,3,6.6
85,69,3,7.6
86,69,3,6.72
87,69,3,8.15
88,69,3,7.37
89,69,3,7.01
90,69,3,6.98
91,69,3,7.77
92,69,3,8.15
93,69,3,7.97
94,69,3,7.91
95,69,3,6.51
96,69,3,7.26
97,69,3,7.57
98,69,3,6.87
99,69,3,7.31
0,70,3,7.21
1,70,3,8.7
2,70,3,8.1
3,70,3,6.79
4,70,3,7.32
5,70,3,8.93
6,70,3,7.83
7,70,3,6.67
8,70,3,7.86
9,70,3,9.36
10,70,3,6.99
11,70,3,6.96
12,70,3,7.26
13,70,3,7.66
14,70,3,8.1
15,70,3,7.1
16,70,3,7.8
17,70,3,8.79
18,70,3,7.53
19,70,3,9.02
20,70,3,8.35
21,70,3,9.9
22,70,3,8.31
23,70,3,6.43
24,70,3,7.71
25,70,3,7.65
26,70,3,7.22
27,70,3,7.62
28,70,3,7.5
29,70,3,6.62
30,70,3,8.92
31,70,3,5.45
32,70,3,7.22
33,70,3,7.27
34,70,3,8.82
35,70,3,7.2
36,70,3,6.97
37,70,3,7.47
38,70,3,8.45
39,70,3,8.09
40,70,3,7.83
41,70,3,6.41
42,70,3,7.22
43,70,3,7.77
44,70,3,8.09
45,70,3,7.73
46,70,3,6.27
47,70,3,7.81
48,70,3,7.4
49,70,3,8.79
50,70,3,7.15
51,70,3,8.4
52,70,3,5.72
53,70,3,7.47
54,70,3,8.62
55,70,3,8.29
56,70,3,8.44
57,70,3,8.4
58,70,3,7.42
59,70,3,9.18
60,70,3,6.83
61,70,3,8.19
62,70,3,8.0
63,70,3,6.51
64,70,3,7.56
65,70,3,9.45
66,70,3,8.61
67,70,3,6.67
68,70,3,7.81
69,70,3,6.85
70,70,3,8.08
71,70,3,8.21
72,70,3,6.84
73,70,3,7.01
74,70,3,7.52
75,70,3,7.49
76,70,3,8.19
77,70,3,7.67
78,70,3,7.45
79,70,3,9.54
80,70,3,6.79
81,70,3,7.73
82,70,3,7.52
83,70,3,8.48
84,70,3,7.79
85,70,3,8.94
86,70,3,7.51
87,70,3,7.9
88,70,3,8.9
89,70,3,7.78
90,70,3,7.99
91,70,3,7.79
92,70,3,8.16
93,70,3,9.74
94,70,3,7.02
95,70,3,7.63
96,70,3,7.45
97,70,3,8.31
98,70,3,9.69
99,70,3,6.54
0,71,3,7.65
1,71,3,6.7
2,71,3,7.66
3,71,3,7.45
4,71,3,7.34
5,71,3,7.84
6,71,3,8.7
7,71,3,7.57
8,71,3,6.09
9,71,3,7.59
10,71,3,8.46
11,71,3,6.78
12,71,3,8.44
13,71,3,8.17
14,71,3,8.21
15,71,3,6.8
16,71,3,7.77
17,71,3,7.32
18,71,3,7.97
19,71,3,6.65
20,71,3,7.83
21,71,3,8.11
22,71,3,7.9
23,71,3,9.16
24,71,3,8.59
25,71,3,7.68
26,71,3,9.81
27,71,3,8.71
28,71,3,9.71
29,71,3,9.09
30,71,3,7.73
31,71,3,7.56
32,71,3,7.42
33,71,3,8.18
34,71,3,8.13
35,71,3,9.28
36,71,3,7.06
37,71,3,7.61
38,71,3,8.12
39,71,3,6.88
40,71,3,6.95
41,71,3,7.57
42,71,3,9.94
43,71,3,5.37
44,71,3,5.08
45,71,3,8.62
46,71,3,7.54
47,71,3,5.68
48,71,3,7.81
49,71,3,7.5
50,71,3,7.84
51,71,3,6.77
52,71,3,9.31
53,71,3,7.16
54,71,3,9.06
55,71,3,8.04
56,71,3,7.97
57,71,3,6.93
58,71,3,6.49
59,71,3,8.94
60,71,3,6.46
61,71,3,7.95
62,71,3,7.66
63,71,3,7.51
64,71,3,6.99
65,71,3,7.29
66,71,3,6.4
67,71,3,7.42
68,71,3,6.68
69,71,3,9.31
70,71,3,8.59
71,71,3,6.58
72,71,3,7.57
73,71,3,7.58
74,71,3,8.71
75,71,3,8.64
76,71,3,8.39
77,71,3,7.57
78,71,3,7.92
79,71,3,8.27
80,71,3,5.61
81,71,3,7.12
82,71,3,8.12
83,71,3,7.21
84,71,3,6.5
85,71,3,7.52
86,71,3,7.67
87,71,3,7.4
88,71,3,5.34
89,71,3,8.88
90,71,3,7.04
91,71,3,6.78
92,71,3,8.36
93,71,3,5.47
94,71,3,7.67
95,71,3,8.26
96,71,3,6.81
97,71,3,6.56
98,71,3,6.44
99,71,3,7.96
0,72,3,7.5
1,72,3,8.81
2,72,3,7.71
3,72,3,7.33
4,72,3,7.7
5,72,3,8.71
6,72,3,7.02
7,72,3,8.0
8,72,3,7.99
9,72,3,8.11
10,72,3,7.92
11,72,3,7.89
12,72,3,8.07
13,72,3,7.27
14,72,3,8.22
15,72,3,9.22
16,72,3,9.04
17,72,3,7.57
18,72,3,8.01
19,72,3,8.64
20,72,3,9.67
21,72,3,9.25
22,72,3,8.5
23,72,3,8.7
24,72,3,8.64
25,72,3,8.88
26,72,3,9.65
27,72,3,8.27
28,72,3,8.52
29,72,3,7.89
30,72,3,7.72
31,72,3,7.45
32,72,3,7.47
33,72,3,6.72
34,72,3,7.16
35,72,3,6.35
36,72,3,8.43
37,72,3,7.87
38,72,3,7.22
39,72,3,6.34
40,72,3,7.8
41,72,3,7.8
42,72,3,7.55
43,72,3,6.42
44,72,3,8.25
45,72,3,7.62
46,72,3,7.79
47,72,3,8.32
48,72,3,7.5
49,72,3,8.02
50,72,3,8.96
51,72,3,6.33
52,72,3,8.23
53,72,3,6.61
54,72,3,5.29
55,72,3,8.98
56,72,3,7.85
57,72,3,5.34
58,72,3,6.92
59,72,3,6.5
60,72,3,6.94
61,72,3,6.31
62,72,3,8.03
63,72,3,7.22
64,72,3,8.59
65,72,3,7.36
66,72,3,9.6
67,72,3,8.19
68,72,3,7.39
69,72,3,8.14
70,72,3,8.05
71,72,3,7.15
72,72,3,8.27
73,72,3,7.52
74,72,3,9.92
75,72,3,7.44
76,72,3,6.65
77,72,3,6.53
78,72,3,6.14
79,72,3,5.98
80,72,3,8.79
81,72,3,8.79
82,72,3,7.79
83,72,3,6.84
84,72,3,6.57
85,72,3,8.3
86,72,3,6.25
87,72,3,8.4
88,72,3,7.02
89,72,3,7.75
90,72,3,6.46
91,72,3,7.5
92,72,3,7.86
93,72,3,7.1
94,72,3,7.61
95,72,3,8.22
96,72,3,6.44
97,72,3,7.87
98,72,3,6.87
99,72,3,7.12
0,73,3,7.57
1,73,3,9.39
2,73,3,6.91
3,73,3,6.19
4,73,3,8.74
5,73,3,6.58
6,73,3,7.33
7,73,3,7.49
8,73,3,7.81
9,73,3,7.55
10,73,3,8.63
11,73,3,7.85
12,73,3,7.86
13,73,3,6.52
14,73,3,7.79
15,73,3,7.92
16,73,3,8.23
17,73,3,7.83
18,73,3,7.18
19,73,3,8.02
20,73,3,9.74
21,73,3,10.67
22,73,3,7.87
23,73,3,9.27
24,73,3,10.36
25,73,3,10.23
26,73,3,8.5
27,73,3,10.24
28,73,3,9.52
29,73,3,6.9
30,73,3,8.52
31,73,3,8.87
32,73,3,6.84
33,73,3,6.93
34,73,3,7.32
35,73,3,7.93
36,73,3,8.91
37,73,3,7.54
38,73,3,7.98
39,73,3,7.07
40,73,3,6.02
41,73,3,6.88
42,73,3,7.5
43,73,3,7.46
44,73,3,7.22
45,73,3,6.01
46,73,3,8.28
47,73,3,8.61
48,73,3,8.08
49,73,3,8.65
50,73,3,7.77
51,73,3,8.0
52,73,3,8.16
53,73,3,6.66
54,73,3,8.56
55,73,3,7.52
56,73,3,7.83
57,73,3,5.33
58,73,3,8.08
59,73,3,7.84
60,73,3,7.08
61,73,3,7.66
62,73,3,6.92
63,73,3,9.15
64,73,3,8.15
65,73,3,7.89
66,73,3,7.75
67,73,3,8.45
68,73,3,8.7
69,73,3,6.79
70,73,3,6.97
71,73,3,7.58
72,73,3,8.72
73,73,3,6.71
74,73,3,7.76
75,73,3,8.16
76,73,3,6.83
77,73,3,7.99
78,73,3,8.1
79,73,3,8.65
80,73,3,9.52
81,73,3,8.0
82,73,3,7.88
83,73,3,6.27
84,73,3,7.76
85,73,3,8.23
86,73,3,7.56
87,73,3,7.7
88,73,3,6.82
89,73,3,8.25
90,73,3,6.94
91,73,3,6.89
92,73,3,6.51
93,73,3,8.66
94,73,3,7.73
95,73,3,7.88
96,73,3,5.74
97,73,3,7.51
98,73,3,7.07
99,73,3,7.49
0,74,3,6.47
1,74,3,6.92
2,74,3,9.86
3,74,3,7.44
4,74,3,8.85
5,74,3,7.96
6,74,3,6.44
7,74,3,7.15
8,74,3,8.57
9,74,3,9.27
10,74,3,7.07
11,74,3,9.18
12,74,3,7.92
13,74,3,7.98
14,74,3,6.8
15,74,3,9.13
16,74,3,6.92
17,74,3,7.76
18,74,3,8.7
19,74,3,9.23
20,74,3,9.5
21,74,3,10.38
22,74,3,10.33
23,74,3,12.0
24,74,3,10.8
25,74,3,10.72
26,74,3,10.21
27,74,3,10.76
28,74,3,10.61
29,74,3,8.61
30,74,3,7.36
31,74,3,7.39
32,74,3,8.49
33,74,3,8.0
34,74,3,7.93
35,74,3,7.89
36,74,3,8.33
37,74,3,6.56
38,74,3,8.27
39,74,3,7.75
40,74,3,6.55
41,74,3,7.55
42,74,3,7.52
43,74,3,7.51
44,74,3,8.52
45,74,3,7.15
46,74,3,6.74
47,74,3,7.02
48,74,3,8.33
49,74,3,7.54
50,74,3,8.97
51,74,3,7.45
52,74,3,7.92
53,74,3,7.03
54,74,3,8.21
55,74,3,9.26
56,74,3,7.73
57,74,3,7.23
58,74,3,7.96
59,74,3,9.32
60,74,3,9.08
61,74,3,9.46
62,74,3,7.78
63,74,3,8.47
64,74,3,9.02
65,74,3,6.69
66,74,3,7.8
67,74,3,7.1
68,74,3,7.38
69,74,3,8.12
70,74,3,7.76
71,74,3,8.69
72,74,3,7.81
73,74,3,7.93
74,74,3,7.1
75,74,3,9.43
76,74,3,8.53
77,74,3,7.66
78,74,3,6.56
79,74,3,9.08
80,74,3,6.15
81,74,3,8.2
82,74,3,8.44
83,74,3,6.69
84,74,3,7.41
85,74,3,8.13
86,74,3,7.85
87,74,3,10.07
88,74,3,9.15
89,74,3,7.18
90,74,3,6.51
91,74,3,8.71
92,74,3,8.14
93,74,3,8.0
94,74,3,8.29
95,74,3,6.28
96,74,3,8.52
97,74,3,8.64
98,74,3,6.38
99,74,3,8.95
0,75,3,7.39
1,75,3,6.13
2,75,3,8.28
3,75,3,8.33
4,75,3,7.35
5,75,3,7.98
6,75,3,7.91
7,75,3,9.05
8,75,3,6.98
9,75,3,7.9
10,75,3,7.53
11,75,3,7.91
12,75,3,9.27
13,75,3,7.42
14,75,3,7.24
15,75,3,6.45
16,75,3,8.48
17,75,3,8.47
18,75,3,8.61
19,75,3,8.47
20,75,3,9.23
21,75,3,11.68
22,75,3,11.59
23,75,3,10.19
24,75,3,13.31
25,75,3,13.42
26,75,3,10.56
27,75,3,9.56
28,75,3,8.66
29,75,3,9.2
30,75,3,8.33
31,75,3,7.08
32,75,3,8.63
33,75,3,8.98
34,75,3,5.96
35,75,3,7.31
36,75,3,6.99
37,75,3,7.55
38,75,3,7.21
39,75,3,6.12
40,75,3,8.11
41,75,3,7.39
42,75,3,7.71
43,75,3,7.02
44,75,3,7.67
45,75,3,7.4
46,75,3,7.71
47,75,3,7.75
48,75,3,5.98
49,75,3,8.03
50,75,3,6.25
51,75,3,8.31
52,75,3,8.77
53,75,3,7.96
54,75,3,8.16
55,75,3,7.12
56,75,3,8.65
57,75,3,6.87
58,75,3,8.33
59,75,3,8.06
60,75,3,7.25
61,75,3,7.75
62,75,3,7.48
63,75,3,7.89
64,75,3,8.12
65,75,3,7.69
66,75,3,8.56
67,75,3,8.3
68,75,3,7.45
69,75,3,7.47
70,75,3,7.95
71,75,3,7.34
72,75,3,6.13
73,75,3,7.22
74,75,3,7.77
75,75,3,7.23
76,75,3,7.5
77,75,3,6.98
78,75,3,8.04
79,75,3,7.95
80,75,3,6.81
81,75,3,6.19
82,75,3,6.06
83,75,3,7.84
84,75,3,6.31
85,75,3,7.69
86,75,3,8.63
87,75,3,7.17
88,75,3,6.64
89,75,3,6.15
90,75,3,9.5
91,75,3,8.2
92,75,3,7.45
93,75,3,6.59
94,75,3,6.6
95,75,3,6.85
96,75,3,8.48
97,75,3,8.29
98,75,3,7.16
99,75,3,7.87
0,76,3,6.84
1,76,3,9.59
2,76,3,7.11
3,76,3,8.44
4,76,3,8.18
5,76,3,8.54
6,76,3,8.06
7,76,3,8.29
8,76,3,7.77
9,76,3,8.36
10,76,3,7.23
11,76,3,6.98
12,76,3,6.63
13,76,3,8.52
14,76,3,7.14
15,76,3,8.28
16,76,3,7.9
17,76,3,7.97
18,76,3,9.8
19,76,3,8.17
20,76,3,8.27
21,76,3,9.06
22,76,3,9.42
23,76,3,10.5
24,76,3,12.68
25,76,3,11.08
26,76,3,12.19
27,76,3,9.35
28,76,3,10.5
29,76,3,9.77
30,76,3,9.13
31,76,3,7.36
32,76,3,7.5
33,76,3,8.72
34,76,3,9.18
35,76,3,7.12
36,76,3,7.86
37,76,3,6.32
38,76,3,8.07
39,76,3,6.56
40,76,3,7.3
41,76,3,6.29
42,76,3,8.06
43,76,3,9.93
44,76,3,9.05
45,76,3,7.62
46,76,3,6.99
47,76,3,7.85
48,76,3,6.44
49,76,3,7.91
50,76,3,6.98
51,76,3,7.15
52,76,3,7.85
53,76,3,8.76
54,76,3,9.99
55,76,3,6.81
56,76,3,7.86
57,76,3,4.98
58,76,3,8.1
59,76,3,7.41
60,76,3,8.38
61,76,3,7.43
62,76,3,6.42
63,76,3,7.73
64,76,3,7.15
65,76,3,7.66
66,76,3,6.94
67,76,3,8.21
68,76,3,7.36
69,76,3,9.3
70,76,3,8.71
71,76,3,6.17
72,76,3,7.6
73,76,3,7.7
74,76,3,7.17
75,76,3,6.85
76,76,3,7.4
77,76,3,6.8
78,76,3,9.33
79,76,3,7.08
80,76,3,8.76
81,76,3,6.73
82,76,3,8.54
83,76,3,8.5
84,76,3,7.65
85,76,3,8.06
86,76,3,7.09
87,76,3,8.77
88,76,3,9.4
89,76,3,6.71
90,76,3,7.36
91,76,3,8.12
92,76,3,6.79
93,76,3,7.71
94,76,3,8.9
95,76,3,7.98
96,76,3,6.64
97,76,3,7.45
98,76,3,9.33
99,76,3,7.27
0,77,3,7.14
1,77,3,8.48
2,77,3,7.67
3,77,3,7.6
4,77,3,8.15
5,77,3,8.37
6,77,3,5.45
7,77,3,7.72
8,77,3,8.39
9,77,3,8.25
10,77,3,7.17
11,77,3,7.29
12,77,3,6.47
13,77,3,6.04
14,77,3,6.56
15,77,3,7.63
16,77,3,8.42
17,77,3,8.65
18,77,3,7.93
19,77,3,9.29
20,77,3,8.64
21,77,3,9.01
22,77,3,10.63
23,77,3,9.69
24,77,3,11.55
25,77,3,10.72
26,77,3,9.54
27,77,3,9.8
28,77,3,10.49
29,77,3,9.5
30,77,3,7.57
31,77,3,9.2
32,77,3,6.91
33,77,3,8.31
34,77,3,9.3
35,77,3,8.27
36,77,3,7.17
37,77,3,8.27
38,77,3,7.28
39,77,3,8.67
40,77,3,5.67
41,77,3,8.37
42,77,3,8.61
43,77,3,8.65
44,77,3,7.86
45,77,3,7.03
46,77,3,7.3
47,77,3,8.19
48,77,3,7.91
49,77,3,7.3
50,77,3,7.58
51,77,3,10.33
52,77,3,6.09
53,77,3,8.26
54,77,3,6.64
55,77,3,7.54
56,77,3,5.92
57,77,3,7.1
58,77,3,6.91
59,77,3,8.3
60,77,3,8.45
61,77,3,9.16
62,77,3,8.51
63,77,3,7.76
64,77,3,7.65
65,77,3,8.18
66,77,3,7.67
67,77,3,7.37
68,77,3,8.52
69,77,3,7.22
70,77,3,8.99
71,77,3,6.31
72,77,3,7.42
73,77,3,7.45
74,77,3,6.32
75,77,3,6.67
76,77,3,6.57
77,77,3,8.5
78,77,3,7.33
79,77,3,6.6
80,77,3,8.83
81,77,3,6.76
82,77,3,7.4
83,77,3,8.78
84,77,3,9.03
85,77,3,7.43
86,77,3,7.96
87,77,3,8.11
88,77,3,8.1
89,77,3,7.98
90,77,3,6.68
91,77,3,7.89
92,77,3,7.11
93,77,3,8.48
94,77,3,7.07
95,77,3,7.9
96,77,3,9.47
97,77,3,7.72
98,77,3,7.55
99,77,3,7.38
0,78,3,7.52
1,78,3,6.68
2,78,3,7.41
3,78,3,7.7
4,78,3,7.25
5,78,3,5.82
6,78,3,8.62
7,78,3,8.49
8,78,3,6.52
9,78,3,8.93
10,78,3,8.38
11,78,3,7.84
12,78,3,6.69
13,78,3,7.78
14,78,3,8.29
15,78,3,7.96
16,78,3,7.63
17,78,3,7.18
18,78,3,8.82
19,78,3,8.55
20,78,3,8.48
21,78,3,9.66
22,78,3,9.9
23,78,3,11.19
24,78,3,11.77
25,78,3,12.06
26,78,3,8.03
27,78,3,8.65
28,78,3,8.2
29,78,3,7.96
30,78,3,6.78
31,78,3,7.34
32,78,3,6.44
33,78,3,7.72
34,78,3,7.66
35,78,3,7.51
36,78,3,8.73
37,78,3,7.52
38,78,3,6.59
39,78,3,7.5
40,78,3,7.35
41,78,3,8.56
42,78,3,8.67
43,78,3,7.64
44,78,3,6.48
45,78,3,7.43
46,78,3,8.33
47,78,3,8.09
48,78,3,6.15
49,78,3,8.29
50,78,3,7.87
51,78,3,6.36
52,78,3,9.01
53,78,3,6.33
54,78,3,9.52
55,78,3,8.04
56,78,3,7.33
57,78,3,8.36
58,78,3,8.32
59,78,3,8.1
60,78,3,7.21
61,78,3,6.33
62,78,3,7.36
63,78,3,7.01
64,78,3,6.77
65,78,3,7.03
66,78,3,6.33
67,78,3,8.93
68,78,3,6.89
69,78,3,6.79
70,78,3,8.26
71,78,3,7.52
72,78,3,7.64
73,78,3,7.21
74,78,3,8.8
75,78,3,7.59
76,78,3,8.81
77,78,3,9.3
78,78,3,8.5
79,78,3,7.51
80,78,3,6.38
81,78,3,7.73
82,78,3,7.14
83,78,3,5.78
84,78,3,9.43
85,78,3,8.16
86,78,3,8.4
87,78,3,8.01
88,78,3,6.15
89,78,3,7.33
90,78,3,6.78
91,78,3,6.72
92,78,3,8.72
93,78,3,7.06
94,78,3,6.71
95,78,3,7.71
96,78,3,9.09
97,78,3,8.87
98,78,3,7.63
99,78,3,7.22
0,79,3,6.94
1,79,3,8.47
2,79,3,8.05
3,79,3,6.08
4,79,3,9.56
5,79,3,6.96
6,79,3,5.34
7,79,3,7.94
8,79,3,7.46
9,79,3,7.63
10,79,3,8.61
11,79,3,8.14
12,79,3,7.61
13,79,3,7.24
14,79,3,6.56
15,79,3,6.82
16,79,3,7.97
17,79,3,8.09
18,79,3,8.73
19,79,3,8.78
20,79,3,9.47
21,79,3,8.32
22,79,3,8.61
23,79,3,11.82
24,79,3,11.26
25,79,3,10.01
26,79,3,10.13
27,79,3,8.8
28,79,3,9.16
29,79,3,8.51
30,79,3,8.06
31,79,3,6.86
32,79,3,7.23
33,79,3,8.41
34,79,3,7.65
35,79,3,7.99
36,79,3,7.46
37,79,3,8.27
38,79,3,7.88
39,79,3,6.09
40,79,3,8.31
41,79,3,7.57
42,79,3,8.79
43,79,3,9.21
44,79,3,8.79
45,79,3,7.95
46,79,3,7.72
47,79,3,7.67
48,79,3,8.53
49,79,3,6.9
50,79,3,8.99
51,79,3,8.21
52,79,3,7.74
53,79,3,8.11
54,79,3,9.82
55,79,3,8.11
56,79,3,5.72
57,79,3,6.46
58,79,3,6.67
59,79,3,6.59
60,79,3,8.61
61,79,3,7.24
62,79,3,8.23
63,79,3,8.96
64,79,3,7.22
65,79,3,7.13
66,79,3,8.49
67,79,3,7.3
68,79,3,6.98
69,79,3,7.72
70,79,3,8.76
71,79,3,6.53
72,79,3,7.37
73,79,3,7.09
74,79,3,7.24
75,79,3,7.66
76,79,3,8.62
77,79,3,8.58
78,79,3,8.65
79,79,3,6.12
80,79,3,8.97
81,79,3,7.4
82,79,3,6.23
83,79,3,8.44
84,79,3,7.5
85,79,3,6.79
86,79,3,7.29
87,79,3,7.35
88,79,3,6.25
89,79,3,7.44
90,79,3,6.68
91,79,3,5.2
92,79,3,6.23
93,79,3,8.27
94,79,3,8.96
95,79,3,7.66
96,79,3,6.65
97,79,3,9.83
98,79,3,8.29
99,79,3,8.26
0,80,3,8.21
1,80,3,6.74
2,80,3,7.78
3,80,3,7.33
4,80,3,7.88
5,80,3,6.98
6,80,3,6.72
7,80,3,7.44
8,80,3,7.5
9,80,3,7.97
10,80,3,8.52
11,80,3,7.37
12,80,3,7.3
13,80,3,7.44
14,80,3,6.84
15,80,3,8.11
16,80,3,7.73
17,80,3,7.24
18,80,3,8.99
19,80,3,7.88
20,80,3,10.07
21,80,3,10.83
22,80,3,8.11
23,80,3,9.14
24,80,3,9.38
25,80,3,9.53
26,80,3,9.53
27,80,3,8.0
28,80,3,8.04
29,80,3,8.31
30,80,3,6.65
31,80,3,7.58
32,80,3,7.89
33,80,3,6.93
34,80,3,7.96
35,80,3,7.79
36,80,3,6.98
37,80,3,8.75
38,80,3,8.32
39,80,3,7.52
40,80,3,6.72
41,80,3,8.54
42,80,3,8.56
43,80,3,8.86
44,80,3,8.12
45,80,3,9.39
46,80,3,8.42
47,80,3,6.89
48,80,3,7.76
49,80,3,8.02
50,80,3,6.64
51,80,3,7.43
52,80,3,7.41
53,80,3,6.06
54,80,3,6.03
55,80,3,7.84
56,80,3,7.96
57,80,3,7.26
58,80,3,7.77
59,80,3,7.03
60,80,3,9.26
61,80,3,8.26
62,80,3,7.62
63,80,3,7.39
64,80,3,7.11
65,80,3,5.2
66,80,3,8.74
67,80,3,8.9
68,80,3,6.59
69,80,3,9.26
70,80,3,7.79
71,80,3,8.06
72,80,3,5.72
73,80,3,7.84
74,80,3,8.76
75,80,3,8.76
76,80,3,7.53
77,80,3,8.78
78,80,3,5.85
79,80,3,8.4
80,80,3,7.85
81,80,3,7.66
82,80,3,7.95
83,80,3,7.13
84,80,3,6.49
85,80,3,9.03
86,80,3,7.87
87,80,3,7.82
88,80,3,5.99
89,80,3,7.98
90,80,3,6.93
91,80,3,8.15
92,80,3,6.63
93,80,3,8.15
94,80,3,7.63
95,80,3,8.42
96,80,3,6.73
97,80,3,9.74
98,80,3,7.49
99,80,3,7.27
0,81,3,8.23
1,81,3,7.66
2,81,3,8.77
3,81,3,7.26
4,81,3,7.74
5,81,3,7.58
6,81,3,8.04
7,81,3,8.79
8,81,3,7.65
9,81,3,6.51
10,81,3,8.02
11,81,3,5.51
12,81,3,7.16
13,81,3,9.08
14,81,3,6.53
15,81,3,7.63
16,81,3,6.86
17,81,3,6.32
18,81,3,8.14
19,81,3,7.63
20,81,3,8.52
21,81,3,8.99
22,81,3,10.14
23,81,3,9.42
24,81,3,7.07
25,81,3,8.53
26,81,3,7.68
27,81,3,6.26
28,81,3,7.66
29,81,3,5.83
30,81,3,6.74
31,81,3,6.53
32,81,3,6.93
33,81,3,9.28
34,81,3,7.43
35,81,3,7.92
36,81,3,7.33
37,81,3,7.77
38,81,3,6.33
39,81,3,8.94
40,81,3,6.55
41,81,3,7.2
42,81,3,8.92
43,81,3,7.52
44,81,3,8.45
45,81,3,6.64
46,81,3,7.49
47,81,3,7.12
48,81,3,5.7
49,81,3,8.57
50,81,3,8.2
51,81,3,6.95
52,81,3,7.63
53,81,3,7.42
54,81,3,7.91
55,81,3,8.67
56,81,3,7.78
57,81,3,6.76
58,81,3,8.21
59,81,3,8.91
60,81,3,7.45
61,81,3,6.29
62,81,3,6.16
63,81,3,7.04
64,81,3,7.45
65,81,3,6.87
66,81,3,8.81
67,81,3,7.14
68,81,3,7.2
69,81,3,7.18
70,81,3,8.02
71,81,3,7.87
72,81,3,8.0
73,81,3,6.23
74,81,3,8.02
75,81,3,7.47
76,81,3,7.59
77,81,3,6.63
78,81,3,6.61
79,81,3,9.39
80,81,3,7.6
81,81,3,6.6
82,81,3,8.72
83,81,3,7.74
84,81,3,6.9
85,81,3,6.75
86,81,3,8.8
87,81,3,8.14
88,81,3,6.63
89,81,3,6.83
90,81,3,6.93
91,81,3,8.44
92,81,3,8.84
93,81,3,8.15
94,81,3,8.28
95,81,3,7.73
96,81,3,6.5
97,81,3,7.44
98,81,3,8.14
99,81,3,8.16
0,82,3,6.81
1,82,3,8.84
2,82,3,6.63
3,82,3,8.03
4,82,3,7.19
5,82,3,7.5
6,82,3,7.4
7,82,3,7.81
8,82,3,8.77
9,82,3,7.61
10,82,3,8.86
11,82,3,7.41
12,82,3,5.81
13,82,3,9.05
14,82,3,5.67
15,82,3,8.06
16,82,3,8.17
17,82,3,8.07
18,82,3,9.35
19,82,3,8.45
20,82,3,7.57
21,82,3,7.83
22,82,3,8.96
23,82,3,8.69
24,82,3,9.34
25,82,3,9.32
26,82,3,7.91
27,82,3,7.48
28,82,3,7.16
29,82,3,7.29
30,82,3,6.82
31,82,3,8.53
32,82,3,8.76
33,82,3,6.86
34,82,3,7.5
35,82,3,8.97
36,82,3,7.9
37,82,3,5.68
38,82,3,7.68
39,82,3,7.12
40,82,3,8.55
41,82,3,7.93
42,82,3,6.98
43,82,3,7.69
44,82,3,7.16
45,82,3,7.48
46,82,3,8.84
47,82,3,7.4
48,82,3,8.31
49,82,3,8.8
50,82,3,8.03
51,82,3,7.71
52,82,3,6.46
53,82,3,6.77
54,82,3,6.93
55,82,3,7.85
56,82,3,7.31
57,82,3,7.21
58,82,3,7.4
59,82,3,6.71
60,82,3,8.78
61,82,3,7.64
62,82,3,6.91
63,82,3,8.38
64,82,3,8.51
65,82,3,7.09
66,82,3,7.65
67,82,3,9.57
68,82,3,7.86
69,82,3,8.37
70,82,3,7.25
71,82,3,7.22
72,82,3,8.42
73,82,3,6.46
74,82,3,7.81
75,82,3,7.5
76,82,3,8.33
77,82,3,6.89
78,82,3,7.6
79,82,3,7.46
80,82,3,6.68
81,82,3,7.37
82,82,3,6.56
83,82,3,7.3
84,82,3,6.75
85,82,3,6.77
86,82,3,8.82
87,82,3,8.84
88,82,3,9.12
89,82,3,7.52
90,82,3,6.83
91,82,3,7.68
92,82,3,6.28
93,82,3,6.49
94,82,3,7.94
95,82,3,7.52
96,82,3,7.95
97,82,3,7.06
98,82,3,7.69
99,82,3,8.04
0,83,3,8.45
1,83,3,7.58
2,83,3,7.33
3,83,3,7.56
4,83,3,6.81
5,83,3,7.15
6,83,3,6.37
7,83,3,8.64
8,83,3,5.82
9,83,3,7.88
10,83,3,7.17
11,83,3,8.05
12,83,3,9.69
13,83,3,6.57
14,83,3,8.1
15,83,3,7.1
16,83,3,7.72
17,83,3,7.49
18,83,3,7.87
19,83,3,7.53
20,83,3,7.43
21,83,3,6.64
22,83,3,7.85
23,83,3,7.4
24,83,3,6.64
25,83,3,8.73
26,83,3,6.34
27,83,3,7.21
28,83,3,8.12
29,83,3,7.18
30,83,3,7.31
31,83,3,8.43
32,83,3,7.9
33,83,3,6.87
34,83,3,8.86
35,83,3,9.32
36,83,3,7.54
37,83,3,7.52
38,83,3,8.07
39,83,3,7.48
40,83,3,6.63
41,83,3,7.13
42,83,3,7.26
43,83,3,7.48
44,83,3,8.25
45,83,3,8.35
46,83,3,5.78
47,83,3,6.62
48,83,3,8.1
49,83,3,7.64
50,83,3,7.13
51,83,3,7.25
52,83,3,6.57
53,83,3,8.84
54,83,3,6.2
55,83,3,8.16
56,83,3,9.35
57,83,3,8.3
58,83,3,8.92
59,83,3,7.57
60,83,3,7.66
61,83,3,7.52
62,83,3,8.62
63,83,3,7.82
64,83,3,7.71
65,83,3,7.33
66,83,3,7.54
67,83,3,6.38
68,83,3,7.9
69,83,3,6.93
70,83,3,6.68
71,83,3,8.01
72,83,3,7.04
73,83,3,7.74
74,83,3,7.21
75,83,3,9.39
76,83,3,7.61
77,83,3,8.33
78,83,3,7.08
79,83,3,6.64
80,83,3,8.47
81,83,3,7.91
82,83,3,8.75
83,83,3,9.1
84,83,3,7.93
85,83,3,6.19
86,83,3,6.99
87,83,3,8.18
88,83,3,8.63
89,83,3,8.98
90,83,3,8.67
91,83,3,7.24
92,83,3,7.99
93,83,3,7.04
94,83,3,9.03
95,83,3,7.28
96,83,3,8.54
97,83,3,8.54
98,83,3,8.29
99,83,3,6.79
0,84,3,7.62
1,84,3,7.63
2,84,3,7.61
3,84,3,5.94
4,84,3,7.35
5,84,3,8.14
6,84,3,8.72
7,84,3,8.82
8,84,3,7.62
9,84,3,7.96
10,84,3,7.27
11,84,3,5.89
12,84,3,8.06
13,84,3,8.31
14,84,3,7.22
15,84,3,6.68
16,84,3,7.39
17,84,3,7.84
18,84,3,5.2
19,84,3,8.08
20,84,3,6.35
21,84,3,7.43
22,84,3,9.1
23,84,3,8.24
24,84,3,7.68
25,84,3,8.06
26,84,3,8.46
27,84,3,8.11
28,84,3,8.29
29,84,3,8.58
30,84,3,6.7
31,84,3,7.24
32,84,3,7.83
33,84,3,5.11
34,84,3,6.53
35,84,3,7.88
36,84,3,8.95
37,84,3,6.31
38,84,3,7.18
39,84,3,6.77
40,84,3,8.48
41,84,3,7.66
42,84,3,7.54
43,84,3,8.65
44,84,3,6.27
45,84,3,6.92
46,84,3,7.58
47,84,3,8.74
48,84,3,8.08
49,84,3,8.12
50,84,3,6.19
51,84,3,7.61
52,84,3,7.65
53,84,3,7.74
54,84,3,8.51
55,84,3,6.69
56,84,3,7.61
57,84,3,7.26
58,84,3,7.5
59,84,3,7.92
60,84,3,6.87
61,84,3,8.14
62,84,3,8.91
63,84,3,7.34
64,84,3,6.29
65,84,3,7.92
66,84,3,6.78
67,84,3,8.85
68,84,3,7.92
69,84,3,7.11
70,84,3,9.23
71,84,3,6.42
72,84,3,5.87
73,84,3,7.32
74,84,3,8.25
75,84,3,8.71
76,84,3,7.52
77,84,3,8.21
78,84,3,7.78
79,84,3,8.93
80,84,3,7.8
81,84,3,9.25
82,84,3,6.98
83,84,3,8.26
84,84,3,9.3
85,84,3,6.97
86,84,3,9.15
87,84,3,7.64
88,84,3,7.89
89,84,3,7.31
90,84,3,8.54
91,84,3,8.92
92,84,3,8.21
93,84,3,8.21
94,84,3,8.46
95,84,3,7.0
96,84,3,9.2
97,84,3,7.19
98,84,3,7.39
99,84,3,8.57
0,85,3,8.16
1,85,3,8.18
2,85,3,7.97
3,85,3,6.28
4,85,3,6.49
5,85,3,6.56
6,85,3,7.14
7,85,3,6.87
8,85,3,6.91
9,85,3,8.47
10,85,3,6.59
11,85,3,5.63
12,85,3,7.97
13,85,3,6.86
14,85,3,8.44
15,85,3,6.31
16,85,3,6.86
17,85,3,6.69
18,85,3,9.1
19,85,3,7.21
20,85,3,6.71
21,85,3,8.03
22,85,3,7.39
23,85,3,7.19
24,85,3,8.96
25,85,3,8.1
26,85,3,9.79
27,85,3,6.83
28,85,3,7.88
29,85,3,7.81
30,85,3,6.81
31,85,3,7.88
32,85,3,7.43
33,85,3,6.46
34,85,3,8.35
35,85,3,7.04
36,85,3,7.92
37,85,3,9.14
38,85,3,8.55
39,85,3,7.12
40,85,3,7.26
41,85,3,7.79
42,85,3,7.41
43,85,3,7.98
44,85,3,7.34
45,85,3,7.42
46,85,3,6.78
47,85,3,7.35
48,85,3,7.16
49,85,3,7.53
50,85,3,7.77
51,85,3,7.59
52,85,3,6.74
53,85,3,7.1
54,85,3,8.03
55,85,3,7.84
56,85,3,7.35
57,85,3,7.9
58,85,3,8.31
59,85,3,9.4
60,85,3,7.47
61,85,3,8.67
62,85,3,8.22
63,85,3,6.5
64,85,3,6.49
65,85,3,8.53
66,85,3,7.37
67,85,3,7.71
68,85,3,6.98
69,85,3,7.5
70,85,3,8.13
71,85,3,7.54
72,85,3,7.1
73,85,3,6.4
74,85,3,9.48
75,85,3,6.17
76,85,3,6.72
77,85,3,7.01
78,85,3,6.91
79,85,3,6.94
80,85,3,7.89
81,85,3,9.18
82,85,3,7.54
83,85,3,6.09
84,85,3,7.63
85,85,3,8.75
86,85,3,6.49
87,85,3,9.03
88,85,3,7.69
89,85,3,6.52
90,85,3,7.6
91,85,3,8.86
92,85,3,7.98
93,85,3,6.87
94,85,3,6.79
95,85,3,8.23
96,85,3,6.82
97,85,3,7.27
98,85,3,9.31
99,85,3,8.19
0,86,3,7.56
1,86,3,7.62
2,86,3,7.68
3,86,3,7.29
4,86,3,7.26
5,86,3,6.86
6,86,3,8.62
7,86,3,6.82
8,86,3,6.54
9,86,3,6.84
10,86,3,7.85
11,86,3,7.4
12,86,3,8.12
13,86,3,8.5
14,86,3,7.98
15,86,3,7.75
16,86,3,10.07
17,86,3,8.69
18,86,3,7.9
19,86,3,5.9
20,86,3,6.78
21,86,3,7.78
22,86,3,6.69
23,86,3,5.7
24,86,3,7.56
25,86,3,8.29
26,86,3,7.68
27,86,3,9.02
28,86,3,7.48
29,86,3,7.17
30,86,3,8.13
31,86,3,7.98
32,86,3,9.25
33,86,3,7.7
34,86,3,9.63
35,86,3,7.53
36,86,3,7.6
37,86,3,6.76
38,86,3,7.15
39,86,3,8.02
40,86,3,7.05
41,86,3,8.58
42,86,3,8.19
43,86,3,7.7
44,86,3,7.62
45,86,3,8.23
46,86,3,8.37
47,86,3,5.72
48,86,3,7.51
49,86,3,7.67
50,86,3,8.05
51,86,3,7.39
52,86,3,7.17
53,86,3,9.83
54,86,3,8.16
55,86,3,7.78
56,86,3,6.86
57,86,3,7.98
58,86,3,7.23
59,86,3,9.36
60,86,3,7.32
61,86,3,6.61
62,86,3,6.23
63,86,3,8.02
64,86,3,8.59
65,86,3,7.29
66,86,3,7.63
67,86,3,8.15
68,86,3,7.1
69,86,3,8.12
70,86,3,7.68
71,86,3,5.99
72,86,3,8.16
73,86,3,7.26
74,86,3,7.65
75,86,3,7.88
76,86,3,6.76
77,86,3,7.19
78,86,3,8.68
79,86,3,8.09
80,86,3,7.66
81,86,3,6.99
82,86,3,8.34
83,86,3,8.67
84,86,3,8.59
85,86,3,7.91
86,86,3,6.6
87,86,3,6.37
88,86,3,7.35
89,86,3,7.72
90,86,3,8.9
91,86,3,8.72
92,86,3,7.76
93,86,3,8.02
94,86,3,7.98
95,86,3,8.17
96,86,3,8.15
97,86,3,7.64
98,86,3,8.4
99,86,3,6.87
0,87,3,8.38
1,87,3,7.55
2,87,3,7.95
3,87,3,7.5
4,87,3,9.29
5,87,3,7.23
6,87,3,7.43
7,87,3,7.03
8,87,3,6.71
9,87,3,8.16
10,87,3,6.97
11,87,3,7.22
12,87,3,9.04
13,87,3,6.19
14,87,3,7.95
15,87,3,8.7
16,87,3,8.55
17,87,3,7.47
18,87,3,8.83
19,87,3,8.14
20,87,3,9.16
21,87,3,5.84
22,87,3,7.35
23,87,3,8.59
24,87,3,7.27
25,87,3,9.15
26,87,3,8.89
27,87,3,6.92
28,87,3,8.23
29,87,3,6.58
30,87,3,7.41
31,87,3,7.85
32,87,3,7.0
33,87,3,7.19
34,87,3,7.58
35,87,3,7.2
36,87,3,8.17
37,87,3,8.19
38,87,3,7.08
39,87,3,8.02
40,87,3,6.45
41,87,3,7.56
42,87,3,7.03
43,87,3,7.19
44,87,3,9.73
45,87,3,6.08
46,87,3,8.66
47,87,3,6.62
48,87,3,6.07
49,87,3,8.03
50,87,3,6.61
51,87,3,5.69
52,87,3,7.62
53,87,3,6.65
54,87,3,9.01
55,87,3,7.15
56,87,3,7.47
57,87,3,6.91
58,87,3,8.65
59,87,3,6.91
60,87,3,7.45
61,87,3,8.93
62,87,3,8.09
63,87,3,7.3
64,87,3,7.31
65,87,3,6.33
66,87,3,8.36
67,87,3,7.17
68,87,3,8.56
69,87,3,7.16
70,87,3,7.15
71,87,3,9.13
72,87,3,7.26
73,87,3,7.64
74,87,3,7.47
75,87,3,8.69
76,87,3,7.67
77,87,3,8.2
78,87,3,8.01
79,87,3,6.99
80,87,3,7.78
81,87,3,7.11
82,87,3,8.59
83,87,3,7.19
84,87,3,7.69
85,87,3,6.78
86,87,3,7.4
87,87,3,9.53
88,87,3,6.94
89,87,3,7.75
90,87,3,6.55
91,87,3,8.12
92,87,3,8.53
93,87,3,7.98
94,87,3,8.4
95,87,3,8.76
96,87,3,7.87
97,87,3,6.49
98,87,3,7.7
99,87,3,8.59
0,88,3,6.28
1,88,3,7.04
2,88,3,7.84
3,88,3,7.28
4,88,3,6.77
5,88,3,7.64
6,88,3,7.55
7,88,3,7.04
8,88,3,6.99
9,88,3,7.77
10,88,3,7.68
11,88,3,6.52
12,88,3,8.1
13,88,3,7.73
14,88,3,8.16
15,88,3,7.19
16,88,3,8.55
17,88,3,7.56
18,88,3,7.98
19,88,3,7.45
20,88,3,7.16
21,88,3,6.53
22,88,3,7.68
23,88,3,8.75
24,88,3,8.21
25,88,3,8.15
26,88,3,8.91
27,88,3,7.0
28,88,3,8.52
29,88,3,8.01
30,88,3,8.94
31,88,3,7.31
32,88,3,6.78
33,88,3,8.0
34,88,3,6.87
35,88,3,8.44
36,88,3,8.17
37,88,3,7.88
38,88,3,8.55
39,88,3,6.37
40,88,3,7.39
41,88,3,8.47
42,88,3,9.05
43,88,3,8.54
44,88,3,8.05
45,88,3,8.72
46,88,3,7.72
47,88,3,7.46
48,88,3,6.98
49,88,3,8.58
50,88,3,7.7
51,88,3,8.4
52,88,3,7.23
53,88,3,7.04
54,88,3,8.51
55,88,3,6.84
56,88,3,7.47
57,88,3,7.92
58,88,3,7.15
59,88,3,8.8
60,88,3,6.86
61,88,3,6.9
62,88,3,6.97
63,88,3,8.74
64,88,3,7.0
65,88,3,6.93
66,88,3,8.02
67,88,3,7.44
68,88,3,9.05
69,88,3,6.59
70,88,3,7.77
71,88,3,7.98
72,88,3,7.34
73,88,3,7.78
74,88,3,7.57
75,88,3,7.99
76,88,3,5.63
77,88,3,6.36
78,88,3,8.91
79,88,3,8.15
80,88,3,6.12
81,88,3,7.31
82,88,3,6.48
83,88,3,7.69
84,88,3,8.12
85,88,3,7.05
86,88,3,7.32
87,88,3,6.88
88,88,3,7.54
89,88,3,6.85
90,88,3,7.52
91,88,3,5.77
92,88,3,6.56
93,88,3,7.87
94,88,3,6.94
95,88,3,6.65
96,88,3,6.94
97,88,3,6.61
98,88,3,9.07
99,88,3,6.71
0,89,3,6.45
1,89,3,8.92
2,89,3,8.04
3,89,3,8.57
4,89,3,8.51
5,89,3,8.54
6,89,3,8.8
7,89,3,6.28
8,89,3,7.9
9,89,3,7.76
10,89,3,7.2
11,89,3,7.41
12,89,3,8.12
13,89,3,7.04
14,89,3,6.67
15,89,3,5.94
16,89,3,8.48
17,89,3,8.63
18,89,3,7.85
19,89,3,8.85
20,89,3,8.32
21,89,3,7.38
22,89,3,7.53
23,89,3,8.87
24,89,3,8.2
25,89,3,6.35
26,89,3,7.41
27,89,3,8.43
28,89,3,6.44
29,89,3,8.48
30,89,3,8.25
31,89,3,7.64
32,89,3,6.14
33,89,3,7.56
34,89,3,7.1
35,89,3,8.36
36,89,3,7.21
37,89,3,8.78
38,89,3,7.25
39,89,3,6.53
40,89,3,6.24
41,89,3,8.12
42,89,3,8.34
43,89,3,7.17
44,89,3,8.48
45,89,3,8.25
46,89,3,6.69
47,89,3,7.36
48,89,3,6.54
49,89,3,7.84
50,89,3,8.16
51,89,3,7.15
52,89,3,8.71
53,89,3,6.54
54,89,3,6.53
55,89,3,8.45
56,89,3,6.49
57,89,3,8.77
58,89,3,8.24
59,89,3,7.63
60,89,3,6.54
61,89,3,7.19
62,89,3,8.77
63,89,3,7.93
64,89,3,5.94
65,89,3,9.31
66,89,3,8.03
67,89,3,9.21
68,89,3,7.45
69,89,3,6.43
70,89,3,7.95
71,89,3,7.11
72,89,3,5.99
73,89,3,7.08
74,89,3,7.28
75,89,3,9.31
76,89,3,7.21
77,89,3,5.43
78,89,3,8.08
79,89,3,6.89
80,89,3,6.6
81,89,3,8.97
82,89,3,7.66
83,89,3,7.41
84,89,3,5.85
85,89,3,8.37
86,89,3,8.13
87,89,3,8.46
88,89,3,9.45
89,89,3,8.39
90,89,3,8.3
91,89,3,7.62
92,89,3,8.95
93,89,3,6.61
94,89,3,6.08
95,89,3,9.89
96,89,3,6.01
97,89,3,6.56
98,89,3,7.1
99,89,3,5.79
0,90,3,7.46
1,90,3,6.47
2,90,3,7.58
3,90,3,7.04
4,90,3,7.56
5,90,3,7.27
6,90,3,8.05
7,90,3,9.13
8,90,3,8.14
9,90,3,8.25
10,90,3,7.74
11,90,3,6.09
12,90,3,7.86
13,90,3,7.21
14,90,3,8.53
15,90,3,7.42
16,90,3,8.2
17,90,3,8.78
18,90,3,7.85
19,90,3,7.4
20,90,3,7.78
21,90,3,8.92
22,90,3,8.67
23,90,3,6.13
24,90,3,7.31
25,90,3,7.97
26,90,3,8.5
27,90,3,8.12
28,90,3,6.28
29,90,3,7.61
30,90,3,7.02
31,90,3,7.59
32,90,3,7.95
33,90,3,7.67
34,90,3,6.45
35,90,3,8.93
36,90,3,7.47
37,90,3,6.51
38,90,3,7.14
39,90,3,7.59
40,90,3,6.03
41,90,3,8.92
42,90,3,9.59
43,90,3,7.64
44,90,3,8.0
45,90,3,8.85
46,90,3,8.69
47,90,3,6.97
48,90,3,7.3
49,90,3,7.56
50,90,3,7.8
51,90,3,8.18
52,90,3,7.7
53,90,3,6.09
54,90,3,8.14
55,90,3,5.73
56,90,3,8.05
57,90,3,7.08
58,90,3,7.68
59,90,3,7.37
60,90,3,6.8
61,90,3,6.93
62,90,3,9.32
63,90,3,7.19
64,90,3,7.33
65,90,3,7.36
66,90,3,8.11
67,90,3,7.54
68,90,3,7.97
69,90,3,7.32
70,90,3,8.0
71,90,3,9.05
72,90,3,7.16
73,90,3,8.43
74,90,3,8.08
75,90,3,7.46
76,90,3,7.81
77,90,3,7.87
78,90,3,7.07
79,90,3,8.68
80,90,3,8.12
81,90,3,8.13
82,90,3,7.96
83,90,3,6.33
84,90,3,7.89
85,90,3,10.47
86,90,3,7.6
87,90,3,6.49
88,90,3,7.32
89,90,3,9.41
90,90,3,8.1
91,90,3,8.15
92,90,3,6.13
93,90,3,7.73
94,90,3,8.33
95,90,3,7.69
96,90,3,7.81
97,90,3,5.93
98,90,3,7.78
99,90,3,7.92
0,91,3,6.89
1,91,3,7.42
2,91,3,8.25
3,91,3,6.63
4,91,3,7.34
5,91,3,8.16
6,91,3,8.0
7,91,3,5.62
8,91,3,7.68
9,91,3,7.63
10,91,3,8.58
11,91,3,8.24
12,91,3,6.64
13,91,3,8.13
14,91,3,7.35
15,91,3,7.18
16,91,3,7.78
17,91,3,8.05
18,91,3,6.32
19,91,3,7.35
20,91,3,7.24
21,91,3,7.79
22,91,3,7.94
23,91,3,7.74
24,91,3,9.01
25,91,3,6.6
26,91,3,7.32
27,91,3,7.64
28,91,3,9.26
29,91,3,7.41
30,91,3,7.09
31,91,3,7.54
32,91,3,7.94
33,91,3,7.5
34,91,3,6.97
35,91,3,7.29
36,91,3,8.21
37,91,3,8.97
38,91,3,6.98
39,91,3,6.82
40,91,3,6.32
41,91,3,7.33
42,91,3,8.41
43,91,3,7.84
44,91,3,6.62
45,91,3,8.42
46,91,3,9.2
47,91,3,8.1
48,91,3,7.88
49,91,3,8.42
50,91,3,7.45
51,91,3,5.64
52,91,3,7.01
53,91,3,7.95
54,91,3,7.34
55,91,3,7.98
56,91,3,7.35
57,91,3,8.63
58,91,3,8.86
59,91,3,5.67
60,91,3,9.5
61,91,3,8.25
62,91,3,8.48
63,91,3,7.6
64,91,3,7.08
65,91,3,6.72
66,91,3,7.41
67,91,3,7.47
68,91,3,7.66
69,91,3,6.35
70,91,3,7.58
71,91,3,6.72
72,91,3,8.15
73,91,3,7.19
74,91,3,8.01
75,91,3,6.43
76,91,3,6.76
77,91,3,8.69
78,91,3,8.2
79,91,3,7.89
80,91,3,7.81
81,91,3,6.04
82,91,3,6.33
83,91,3,8.14
84,91,3,7.59
85,91,3,7.48
86,91,3,8.17
87,91,3,8.36
88,91,3,7.33
89,91,3,9.76
90,91,3,8.75
91,91,3,7.35
92,91,3,7.74
93,91,3,8.17
94,91,3,8.03
95,91,3,7.69
96,91,3,6.51
97,91,3,7.12
98,91,3,6.28
99,91,3,7.84
0,92,3,7.64
1,92,3,7.47
2,92,3,6.81
3,92,3,8.01
4,92,3,9.29
5,92,3,8.46
6,92,3,7.36
7,92,3,8.17
8,92,3,7.6
9,92,3,8.08
10,92,3,8.14
11,92,3,7.61
12,92,3,8.43
13,92,3,8.4
14,92,3,6.66
15,92,3,6.81
16,92,3,6.81
17,92,3,7.47
18,92,3,7.29
19,92,3,9.55
20,92,3,6.53
21,92,3,6.48
22,92,3,7.98
23,92,3,8.79
24,92,3,7.48
25,92,3,5.87
26,92,3,7.94
27,92,3,7.68
28,92,3,6.98
29,92,3,7.12
30,92,3,6.39
31,92,3,5.05
32,92,3,9.16
33,92,3,6.44
34,92,3,8.09
35,92,3,7.98
36,92,3,8.05
37,92,3,7.52
38,92,3,7.16
39,92,3,8.66
40,92,3,6.42
41,92,3,6.95
42,92,3,6.18
43,92,3,7.24
44,92,3,6.85
45,92,3,7.13
46,92,3,7.51
47,92,3,9.92
48,92,3,8.2
49,92,3,7.81
50,92,3,6.87
51,92,3,8.6
52,92,3,7.16
53,92,3,8.25
54,92,3,7.15
55,92,3,7.54
56,92,3,8.01
57,92,3,8.21
58,92,3,7.49
59,92,3,7.69
60,92,3,6.74
61,92,3,6.94
62,92,3,9.48
63,92,3,7.86
64,92,3,7.27
65,92,3,8.52
66,92,3,6.98
67,92,3,8.01
68,92,3,6.9
69,92,3,8.33
70,92,3,7.66
71,92,3,6.89
72,92,3,8.65
73,92,3,6.9
74,92,3,7.91
75,92,3,7.98
76,92,3,7.33
77,92,3,8.21
78,92,3,7.44
79,92,3,7.85
80,92,3,9.17
81,92,3,7.65
82,92,3,7.79
83,92,3,8.7
84,92,3,8.59
85,92,3,8.75
86,92,3,8.26
87,92,3,7.5
88,92,3,8.45
89,92,3,7.4
90,92,3,7.81
91,92,3,6.61
92,92,3,6.98
93,92,3,7.55
94,92,3,7.28
95,92,3,6.79
96,92,3,7.33
97,92,3,7.52
98,92,3,8.51
99,92,3,6.84
0,93,3,8.11
1,93,3,7.05
2,93,3,7.64
3,93,3,8.48
4,93,3,6.52
5,93,3,8.34
6,93,3,7.54
7,93,3,6.93
8,93,3,5.6
9,93,3,7.36
10,93,3,8.0
11,93,3,6.74
12,93,3,8.03
13,93,3,6.3
14,93,3,7.47
15,93,3,7.42
16,93,3,7.56
17,93,3,6.39
18,93,3,8.77
19,93,3,8.65
20,93,3,8.66
21,93,3,7.95
22,93,3,9.52
23,93,3,8.01
24,93,3,6.76
25,93,3,6.9
26,93,3,8.58
27,93,3,7.74
28,93,3,6.35
29,93,3,8.23
30,93,3,8.51
31,93,3,6.23
32,93,3,8.0
33,93,3,7.27
34,93,3,7.52
35,93,3,7.27
36,93,3,7.25
37,93,3,8.13
38,93,3,6.52
39,93,3,7.77
40,93,3,8.4
41,93,3,7.67
42,93,3,7.76
43,93,3,7.08
44,93,3,7.28
45,93,3,8.31
46,93,3,8.41
47,93,3,8.37
48,93,3,8.48
49,93,3,7.96
50,93,3,7.62
51,93,3,6.44
52,93,3,7.52
53,93,3,7.68
54,93,3,6.84
55,93,3,8.63
56,93,3,7.06
57,93,3,7.85
58,93,3,7.42
59,93,3,7.97
60,93,3,8.03
61,93,3,7.44
62,93,3,8.39
63,93,3,8.4
64,93,3,6.63
65,93,3,7.86
66,93,3,7.25
67,93,3,7.33
68,93,3,7.87
69,93,3,9.36
70,93,3,7.87
71,93,3,5.58
72,93,3,7.9
73,93,3,5.31
74,93,3,7.56
75,93,3,7.89
76,93,3,8.8
77,93,3,7.18
78,93,3,7.83
79,93,3,8.52
80,93,3,6.6
81,93,3,8.64
82,93,3,8.44
83,93,3,6.27
84,93,3,6.51
85,93,3,8.44
86,93,3,5.96
87,93,3,6.8
88,93,3,5.69
89,93,3,7.36
90,93,3,7.05
91,93,3,7.58
92,93,3,7.25
93,93,3,6.15
94,93,3,8.13
95,93,3,6.77
96,93,3,6.33
97,93,3,8.71
98,93,3,6.65
99,93,3,9.82
0,94,3,6.63
1,94,3,7.49
2,94,3,8.27
3,94,3,6.95
4,94,3,7.75
5,94,3,8.41
6,94,3,8.75
7,94,3,7.84
8,94,3,8.75
9,94,3,7.73
10,94,3,6.54
11,94,3,7.96
12,94,3,7.57
13,94,3,6.83
14,94,3,6.3
15,94,3,7.31
16,94,3,7.85
17,94,3,9.06
18,94,3,6.72
19,94,3,8.77
20,94,3,7.39
21,94,3,7.0
22,94,3,6.88
23,94,3,7.89
24,94,3,9.23
25,94,3,6.79
26,94,3,8.32
27,94,3,6.73
28,94,3,7.67
29,94,3,7.43
30,94,3,6.71
31,94,3,7.7
32,94,3,7.87
33,94,3,8.91
34,94,3,7.15
35,94,3,8.4
36,94,3,8.21
37,94,3,7.34
38,94,3,8.48
39,94,3,9.08
40,94,3,9.44
41,94,3,7.97
42,94,3,6.62
43,94,3,8.88
44,94,3,7.83
45,94,3,7.84
46,94,3,7.07
47,94,3,7.19
48,94,3,9.86
49,94,3,7.53
50,94,3,8.58
51,94,3,6.33
52,94,3,5.69
53,94,3,6.91
54,94,3,8.21
55,94,3,5.99
56,94,3,8.77
57,94,3,8.68
58,94,3,8.13
59,94,3,5.54
60,94,3,7.42
61,94,3,8.12
62,94,3,7.03
63,94,3,8.08
64,94,3,6.53
65,94,3,7.69
66,94,3,7.16
67,94,3,6.6
68,94,3,9.53
69,94,3,8.69
70,94,3,8.37
71,94,3,8.5
72,94,3,6.6
73,94,3,7.87
74,94,3,7.09
75,94,3,8.27
76,94,3,8.17
77,94,3,8.18
78,94,3,8.41
79,94,3,8.37
80,94,3,7.49
81,94,3,6.03
82,94,3,9.02
83,94,3,7.92
84,94,3,7.43
85,94,3,8.17
86,94,3,5.73
87,94,3,7.73
88,94,3,7.66
89,94,3,7.74
90,94,3,6.35
91,94,3,9.3
92,94,3,7.97
93,94,3,8.22
94,94,3,7.39
95,94,3,6.86
96,94,3,6.23
97,94,3,6.88
98,94,3,7.38
99,94,3,7.89
0,95,3,9.01
1,95,3,8.32
2,95,3,7.0
3,95,3,6.66
4,95,3,8.25
5,95,3,6.63
6,95,3,8.59
7,95,3,8.04
8,95,3,7.9
9,95,3,7.43
10,95,3,7.42
11,95,3,9.31
12,95,3,8.03
13,95,3,6.84
14,95,3,8.34
15,95,3,8.63
16,95,3,5.16
17,95,3,9.36
18,95,3,6.23
19,95,3,7.21
20,95,3,7.02
21,95,3,7.04
22,95,3,7.26
23,95,3,8.57
24,95,3,6.52
25,95,3,8.41
26,95,3,7.9
27,95,3,7.82
28,95,3,5.03
29,95,3,7.63
30,95,3,7.35
31,95,3,7.47
32,95,3,8.88
33,95,3,9.1
34,95,3,7.69
35,95,3,9.63
36,95,3,6.77
37,95,3,7.29
38,95,3,7.47
39,95,3,7.06
40,95,3,6.5
41,95,3,9.03
42,95,3,8.85
43,95,3,6.81
44,95,3,5.94
45,95,3,7.52
46,95,3,8.62
47,95,3,6.74
48,95,3,7.73
49,95,3,7.26
50,95,3,7.8
51,95,3,7.2
52,95,3,8.0
53,95,3,10.38
54,95,3,6.7
55,95,3,8.82
56,95,3,8.97
57,95,3,6.73
58,95,3,6.85
59,95,3,8.28
60,95,3,7.16
61,95,3,6.38
62,95,3,6.51
63,95,3,7.48
64,95,3,5.97
65,95,3,8.12
66,95,3,7.13
67,95,3,5.48
68,95,3,8.58
69,95,3,6.46
70,95,3,8.43
71,95,3,6.96
72,95,3,7.46
73,95,3,8.47
74,95,3,6.91
75,95,3,8.28
76,95,3,8.91
77,95,3,7.96
78,95,3,6.0
79,95,3,6.49
80,95,3,7.7
81,95,3,7.9
82,95,3,6.95
83,95,3,8.75
84,95,3,7.94
85,95,3,7.26
86,95,3,6.68
87,95,3,6.56
88,95,3,7.14
89,95,3,8.51
90,95,3,7.61
91,95,3,6.59
92,95,3,9.16
93,95,3,8.05
94,95,3,7.5
95,95,3,7.54
96,95,3,7.7
97,95,3,8.13
98,95,3,6.17
99,95,3,6.84
0,96,3,7.26
1,96,3,8.7
2,96,3,7.1
3,96,3,8.66
4,96,3,8.67
5,96,3,8.54
6,96,3,7.63
7,96,3,8.17
8,96,3,7.9
9,96,3,8.01
10,96,3,7.85
11,96,3,6.91
12,96,3,8.26
13,96,3,8.55
14,96,3,7.38
15,96,3,6.38
16,96,3,8.86
17,96,3,8.58
18,96,3,6.35
19,96,3,7.01
20,96,3,7.92
21,96,3,7.19
22,96,3,7.55
23,96,3,6.45
24,96,3,8.29
25,96,3,8.27
26,96,3,6.82
27,96,3,6.58
28,96,3,8.01
29,96,3,7.13
30,96,3,9.19
31,96,3,5.62
32,96,3,7.82
33,96,3,7.25
34,96,3,8.53
35,96,3,7.62
36,96,3,8.91
37,96,3,7.93
38,96,3,8.95
39,96,3,6.84
40,96,3,7.94
41,96,3,7.68
42,96,3,7.39
43,96,3,8.13
44,96,3,6.27
45,96,3,7.41
46,96,3,7.58
47,96,3,7.91
48,96,3,8.5
49,96,3,7.18
50,96,3,8.44
51,96,3,8.37
52,96,3,8.21
53,96,3,8.31
54,96,3,7.34
55,96,3,8.62
56,96,3,8.14
57,96,3,7.9
58,96,3,7.21
59,96,3,8.48
60,96,3,7.83
61,96,3,6.67
62,96,3,7.56
63,96,3,7.81
64,96,3,6.37
65,96,3,8.21
66,96,3,8.54
67,96,3,7.39
68,96,3,7.49
69,96,3,8.07
70,96,3,7.65
71,96,3,8.15
72,96,3,8.94
73,96,3,6.49
74,96,3,7.93
75,96,3,7.5
76,96,3,6.6
77,96,3,8.07
78,96,3,6.57
79,96,3,7.49
80,96,3,7.21
81,96,3,7.0
82,96,3,7.87
83,96,3,8.78
84,96,3,6.91
85,96,3,7.85
86,96,3,8.55
87,96,3,7.6
88,96,3,7.59
89,96,3,7.63
90,96,3,7.91
91,96,3,7.72
92,96,3,8.27
93,96,3,8.25
94,96,3,6.33
95,96,3,8.03
96,96,3,7.06
97,96,3,9.06
98,96,3,7.17
99,96,3,7.07
0,97,3,6.09
1,97,3,7.78
2,97,3,8.84
3,97,3,6.7
4,97,3,6.5
5,97,3,8.41
6,97,3,7.0
7,97,3,8.61
8,97,3,7.51
9,97,3,7.42
10,97,3,7.45
11,97,3,8.09
12,97,3,6.4
13,97,3,8.41
14,97,3,7.78
15,97,3,7.66
16,97,3,6.98
17,97,3,8.63
18,97,3,7.97
19,97,3,6.05
20,97,3,6.78
21,97,3,7.46
22,97,3,6.44
23,97,3,7.84
24,97,3,7.79
25,97,3,6.84
26,97,3,8.27
27,97,3,7.83
28,97,3,7.07
29,97,3,7.7
30,97,3,7.8
31,97,3,7.36
32,97,3,5.76
33,97,3,7.44
34,97,3,7.17
35,97,3,7.47
36,97,3,6.99
37,97,3,8.58
38,97,3,6.42
39,97,3,6.66
40,97,3,8.51
41,97,3,9.72
42,97,3,6.96
43,97,3,8.58
44,97,3,8.36
45,97,3,7.53
46,97,3,8.04
47,97,3,7.6
48,97,3,7.32
49,97,3,6.46
50,97,3,6.76
51,97,3,7.25
52,97,3,8.83
53,97,3,7.31
54,97,3,9.01
55,97,3,7.32
56,97,3,6.7
57,97,3,7.39
58,97,3,7.23
59,97,3,8.57
60,97,3,8.4
61,97,3,6.67
62,97,3,7.52
63,97,3,8.31
64,97,3,8.1
65,97,3,7.53
66,97,3,7.57
67,97,3,7.77
68,97,3,7.48
69,97,3,7.71
70,97,3,6.91
71,97,3,7.64
72,97,3,8.36
73,97,3,6.85
74,97,3,9.12
75,97,3,8.28
76,97,3,7.37
77,97,3,8.13
78,97,3,7.57
79,97,3,6.87
80,97,3,7.73
81,97,3,7.79
82,97,3,8.01
83,97,3,7.67
84,97,3,7.42
85,97,3,8.55
86,97,3,7.81
87,97,3,8.48
88,97,3,6.3
89,97,3,8.85
90,97,3,7.16
91,97,3,7.58
92,97,3,8.02
93,97,3,7.08
94,97,3,7.17
95,97,3,7.41
96,97,3,7.1
97,97,3,5.71
98,97,3,9.62
99,97,3,7.55
0,98,3,7.97
1,98,3,8.75
2,98,3,8.04
3,98,3,7.3
4,98,3,8.2
5,98,3,7.12
6,98,3,6.99
7,98,3,7.71
8,98,3,7.94
9,98,3,6.92
10,98,3,7.84
11,98,3,8.75
12,98,3,7.49
13,98,3,5.16
14,98,3,7.42
15,98,3,8.14
16,98,3,8.05
17,98,3,8.54
18,98,3,7.22
19,98,3,8.7
20,98,3,9.07
21,98,3,8.54
22,98,3,7.84
23,98,3,7.03
24,98,3,7.34
25,98,3,7.29
26,98,3,5.65
27,98,3,7.66
28,98,3,5.36
29,98,3,8.51
30,98,3,8.66
31,98,3,6.91
32,98,3,7.85
33,98,3,7.62
34,98,3,7.69
35,98,3,9.13
36,98,3,9.1
37,98,3,7.04
38,98,3,6.57
39,98,3,6.55
40,98,3,7.9
41,98,3,8.35
42,98,3,7.4
43,98,3,7.03
44,98,3,6.66
45,98,3,7.55
46,98,3,6.64
47,98,3,6.66
48,98,3,8.35
49,98,3,8.25
50,98,3,9.07
51,98,3,7.15
52,98,3,7.26
53,98,3,8.42
54,98,3,7.58
55,98,3,8.36
56,98,3,8.21
57,98,3,7.76
58,98,3,6.31
59,98,3,6.07
60,98,3,7.33
61,98,3,6.62
62,98,3,7.94
63,98,3,7.78
64,98,3,7.17
65,98,3,6.82
66,98,3,7.92
67,98,3,8.75
68,98,3,9.67
69,98,3,6.77
70,98,3,7.05
71,98,3,7.66
72,98,3,7.65
73,98,3,7.57
74,98,3,5.92
75,98,3,7.76
76,98,3,9.77
77,98,3,6.98
78,98,3,7.25
79,98,3,6.61
80,98,3,6.87
81,98,3,8.2
82,98,3,7.08
83,98,3,8.04
84,98,3,7.26
85,98,3,6.16
86,98,3,7.27
87,98,3,6.91
88,98,3,9.06
89,98,3,7.87
90,98,3,5.0
91,98,3,7.96
92,98,3,7.02
93,98,3,8.68
94,98,3,7.73
95,98,3,6.83
96,98,3,8.1
97,98,3,7.39
98,98,3,7.31
99,98,3,6.47
0,99,3,7.56
1,99,3,7.59
2,99,3,7.37
3,99,3,8.08
4,99,3,8.48
5,99,3,8.76
6,99,3,7.06
7,99,3,8.21
8,99,3,10.03
9,99,3,8.51
10,99,3,8.08
11,99,3,7.47
12,99,3,8.11
13,99,3,7.48
14,99,3,7.29
15,99,3,8.14
16,99,3,8.12
17,99,3,6.66
18,99,3,8.0
19,99,3,8.1
20,99,3,7.8
21,99,3,8.29
22,99,3,6.93
23,99,3,9.64
24,99,3,8.18
25,99,3,8.1
26,99,3,7.82
27,99,3,7.2
28,99,3,7.61
29,99,3,6.19
30,99,3,6.93
31,99,3,7.91
32,99,3,6.68
33,99,3,7.3
34,99,3,9.12
35,99,3,7.7
36,99,3,8.58
37,99,3,6.62
38,99,3,9.22
39,99,3,6.79
40,99,3,7.82
41,99,3,9.0
42,99,3,7.22
43,99,3,4.93
44,99,3,5.76
45,99,3,5.96
46,99,3,6.62
47,99,3,7.86
48,99,3,8.91
49,99,3,5.97
50,99,3,7.9
51,99,3,7.91
52,99,3,7.86
53,99,3,6.55
54,99,3,7.12
55,99,3,8.44
56,99,3,7.62
57,99,3,8.66
58,99,3,7.15
59,99,3,6.79
60,99,3,6.24
61,99,3,8.63
62,99,3,6.53
63,99,3,8.12
64,99,3,8.42
65,99,3,7.38
66,99,3,6.86
67,99,3,8.07
68,99,3,8.29
69,99,3,6.62
70,99,3,7.71
71,99,3,9.74
72,99,3,6.2
73,99,3,7.65
74,99,3,6.99
75,99,3,7.7
76,99,3,7.01
77,99,3,6.85
78,99,3,8.58
79,99,3,7.5
80,99,3,5.19
81,99,3,6.14
82,99,3,8.38
83,99,3,6.1
84,99,3,7.73
85,99,3,6.94
86,99,3,7.65
87,99,3,8.09
88,99,3,7.8
89,99,3,8.19
90,99,3,7.76
91,99,3,8.23
92,99,3,8.65
93,99,3,7.57
94,99,3,8.11
95,99,3,6.64
96,99,3,7.98
97,99,3,8.27
98,99,3,8.14
99,99,3,6.92
0,0,4,6.92
1,0,4,7.31
2,0,4,8.01
3,0,4,6.94
4,0,4,6.31
5,0,4,7.76
6,0,4,7.08
7,0,4,7.4
8,0,4,8.17
9,0,4,7.18
10,0,4,6.44
11,0,4,6.78
12,0,4,6.84
13,0,4,8.92
14,0,4,8.02
15,0,4,7.2
16,0,4,6.44
17,0,4,5.82
18,0,4,8.04
19,0,4,7.4
20,0,4,8.33
21,0,4,9.06
22,0,4,7.19
23,0,4,7.42
24,0,4,5.62
25,0,4,6.61
26,0,4,7.14
27,0,4,7.75
28,0,4,7.79
29,0,4,6.85
30,0,4,8.78
31,0,4,7.52
32,0,4,6.68
33,0,4,4.62
34,0,4,6.93
35,0,4,6.7
36,0,4,8.04
37,0,4,7.05
38,0,4,7.52
39,0,4,7.14
40,0,4,8.33
41,0,4,9.0
42,0,4,6.58
43,0,4,8.87
44,0,4,7.21
45,0,4,7.26
46,0,4,7.38
47,0,4,6.9
48,0,4,7.4
49,0,4,6.44
50,0,4,8.15
51,0,4,6.66
52,0,4,7.32
53,0,4,6.76
54,0,4,7.66
55,0,4,7.33
56,0,4,6.91
57,0,4,7.37
58,0,4,9.64
59,0,4,7.0
60,0,4,6.32
61,0,4,5.61
62,0,4,7.95
63,0,4,8.09
64,0,4,7.56
65,0,4,8.55
66,0,4,6.21
67,0,4,8.0
68,0,4,6.85
69,0,4,8.21
70,0,4,8.5
71,0,4,7.14
72,0,4,6.27
73,0,4,7.27
74,0,4,7.66
75,0,4,7.27
76,0,4,8.46
77,0,4,6.54
78,0,4,6.43
79,0,4,7.46
80,0,4,6.82
81,0,4,8.31
82,0,4,8.78
83,0,4,6.24
84,0,4,7.64
85,0,4,9.23
86,0,4,7.51
87,0,4,7.95
88,0,4,6.68
89,0,4,7.02
90,0,4,8.06
91,0,4,6.63
92,0,4,6.99
93,0,4,7.24
94,0,4,7.88
95,0,4,7.91
96,0,4,7.4
97,0,4,7.37
98,0,4,7.24
99,0,4,6.07
0,1,4,7.51
1,1,4,5.55
2,1,4,8.35
3,1,4,7.07
4,1,4,6.75
5,1,4,6.46
6,1,4,7.55
7,1,4,6.91
8,1,4,8.22
9,1,4,6.41
10,1,4,7.74
11,1,4,7.28
12,1,4,6.72
13,1,4,7.47
14,1,4,7.97
15,1,4,7.11
16,1,4,6.49
17,1,4,7.55
18,1,4,7.43
19,1,4,8.13
20,1,4,8.08
21,1,4,6.87
22,1,4,7.91
23,1,4,7.62
24,1,4,7.64
25,1,4,6.98
26,1,4,8.02
27,1,4,5.34
28,1,4,6.1
29,1,4,6.91
30,1,4,9.02
31,1,4,7.03
32,1,4,6.8
33,1,4,7.21
34,1,4,6.58
35,1,4,7.89
36,1,4,7.84
37,1,4,9.21
38,1,4,6.03
39,1,4,7.34
40,1,4,6.2
41,1,4,6.97
42,1,4,6.91
43,1,4,8.9
44,1,4,7.24
45,1,4,7.4
46,1,4,6.18
47,1,4,7.69
48,1,4,7.25
49,1,4,7.15
50,1,4,7.48
51,1,4,6.04
52,1,4,5.63
53,1,4,6.67
54,1,4,6.56
55,1,4,7.3
56,1,4,5.86
57,1,4,7.13
58,1,4,6.85
59,1,4,7.03
60,1,4,7.38
61,1,4,7.3
62,1,4,8.74
63,1,4,8.91
64,1,4,8.71
65,1,4,6.87
66,1,4,6.43
67,1,4,8.13
68,1,4,7.99
69,1,4,6.61
70,1,4,6.95
71,1,4,6.97
72,1,4,8.13
73,1,4,7.09
74,1,4,8.7
75,1,4,8.62
76,1,4,7.28
77,1,4,8.51
78,1,4,6.56
79,1,4,7.11
80,1,4,8.08
81,1,4,8.2
82,1,4,6.23
83,1,4,8.26
84,1,4,9.14
85,1,4,5.57
86,1,4,6.92
87,1,4,7.86
88,1,4,7.66
89,1,4,7.49
90,1,4,10.35
91,1,4,7.84
92,1,4,7.68
93,1,4,4.38
94,1,4,7.33
95,1,4,5.62
96,1,4,7.48
97,1,4,7.14
98,1,4,8.23
99,1,4,7.32
0,2,4,6.31
1,2,4,6.79
2,2,4,6.61
3,2,4,7.7
4,2,4,8.27
5,2,4,7.55
6,2,4,8.98
7,2,4,7.49
8,2,4,4.66
9,2,4,6.6
10,2,4,7.81
11,2,4,7.39
12,2,4,6.24
13,2,4,6.53
14,2,4,7.8
15,2,4,7.4
16,2,4,9.2
17,2,4,5.93
18,2,4,5.89
19,2,4,6.72
20,2,4,7.59
21,2,4,5.48
22,2,4,8.16
23,2,4,6.84
24,2,4,6.65
25,2,4,7.74
26,2,4,6.42
27,2,4,5.86
28,2,4,5.41
29,2,4,7.61
30,2,4,5.55
31,2,4,7.64
32,2,4,8.31
33,2,4,7.01
34,2,4,7.61
35,2,4,7.34
36,2,4,6.39
37,2,4,7.42
38,2,4,7.13
39,2,4,7.12
40,2,4,7.85
41,2,4,6.82
42,2,4,8.24
43,2,4,7.29
44,2,4,5.64
45,2,4,7.2
46,2,4,7.9
47,2,4,7.05
48,2,4,7.28
49,2,4,7.77
50,2,4,7.27
51,2,4,6.7
52,2,4,6.01
53,2,4,7.49
54,2,4,9.57
55,2,4,6.53
56,2,4,8.2
57,2,4,5.73
58,2,4,7.68
59,2,4,8.75
60,2,4,7.53
61,2,4,7.75
62,2,4,7.26
63,2,4,5.7
64,2,4,6.95
65,2,4,6.06
66,2,4,6.82
67,2,4,7.48
68,2,4,7.33
69,2,4,7.14
70,2,4,6.95
71,2,4,5.82
72,2,4,7.32
73,2,4,6.22
74,2,4,6.51
75,2,4,5.6
76,2,4,6.04
77,2,4,6.74
78,2,4,6.54
79,2,4,8.89
80,2,4,5.94
81,2,4,7.04
82,2,4,7.09
83,2,4,8.38
84,2,4,6.35
85,2,4,7.45
86,2,4,8.14
87,2,4,7.23
88,2,4,8.91
89,2,4,8.16
90,2,4,8.27
91,2,4,7.33
92,2,4,7.88
93,2,4,7.3
94,2,4,6.81
95,2,4,6.6
96,2,4,6.64
97,2,4,6.75
98,2,4,7.21
99,2,4,7.38
0,3,4,7.14
1,3,4,5.91
2,3,4,7.36
3,3,4,5.91
4,3,4,7.33
5,3,4,5.24
6,3,4,5.8
7,3,4,7.73
8,3,4,5.31
9,3,4,9.31
10,3,4,6.86
11,3,4,6.45
12,3,4,7.14
13,3,4,7.48
14,3,4,7.24
15,3,4,5.39
16,3,4,9.46
17,3,4,6.63
18,3,4,8.03
19,3,4,6.82
20,3,4,6.75
21,3,4,8.08
22,3,4,5.14
23,3,4,7.12
24,3,4,7.2
25,3,4,7.89
26,3,4,5.38
27,3,4,6.19
28,3,4,8.54
29,3,4,6.97
30,3,4,5.5
31,3,4,7.31
32,3,4,8.09
33,3,4,6.71
34,3,4,7.64
35,3,4,7.42
36,3,4,7.11
37,3,4,7.46
38,3,4,7.35
39,3,4,8.14
40,3,4,8.8
41,3,4,8.07
42,3,4,7.15
43,3,4,8.48
44,3,4,6.38
45,3,4,8.02
46,3,4,7.89
47,3,4,7.45
48,3,4,6.75
49,3,4,7.04
50,3,4,7.08
51,3,4,6.43
52,3,4,7.0
53,3,4,5.82
54,3,4,8.7
55,3,4,8.19
56,3,4,8.34
57,3,4,8.21
58,3,4,4.96
59,3,4,6.57
60,3,4,9.06
61,3,4,7.44
62,3,4,6.64
63,3,4,9.5
64,3,4,5.75
65,3,4,8.47
66,3,4,7.08
67,3,4,8.24
68,3,4,7.01
69,3,4,7.55
70,3,4,5.89
71,3,4,7.05
72,3,4,7.36
73,3,4,6.89
74,3,4,8.09
75,3,4,6.34
76,3,4,6.99
77,3,4,6.67
78,3,4,6.99
79,3,4,7.43
80,3,4,7.65
81,3,4,7.43
82,3,4,5.65
83,3,4,6.87
84,3,4,7.23
85,3,4,6.95
86,3,4,5.65
87,3,4,7.07
88,3,4,6.92
89,3,4,7.79
90,3,4,6.83
91,3,4,7.37
92,3,4,6.04
93,3,4,7.11
94,3,4,7.32
95,3,4,6.87
96,3,4,8.16
97,3,4,6.55
98,3,4,8.59
99,3,4,6.9
0,4,4,7.82
1,4,4,7.33
2,4,4,5.92
3,4,4,6.53
4,4,4,6.57
5,4,4,6.68
6,4,4,8.58
7,4,4,6.96
8,4,4,8.7
9,4,4,7.68
10,4,4,7.08
11,4,4,5.85
12,4,4,6.83
13,4,4,9.49
14,4,4,7.35
15,4,4,7.16
16,4,4,7.0
17,4,4,8.41
18,4,4,7.12
19,4,4,7.4
20,4,4,7.46
21,4,4,7.63
22,4,4,6.69
23,4,4,8.25
24,4,4,7.52
25,4,4,6.2
26,4,4,6.91
27,4,4,6.78
28,4,4,7.07
29,4,4,6.99
30,4,4,6.76
31,4,4,7.78
32,4,4,7.02
33,4,4,7.43
34,4,4,7.93
35,4,4,6.22
36,4,4,8.53
37,4,4,5.81
38,4,4,8.4
39,4,4,8.58
40,4,4,6.31
41,4,4,6.04
42,4,4,6.68
43,4,4,7.39
44,4,4,7.73
45,4,4,8.25
46,4,4,7.42
47,4,4,6.01
48,4,4,6.61
49,4,4,6.87
50,4,4,8.72
51,4,4,8.39
52,4,4,7.13
53,4,4,7.66
54,4,4,5.89
55,4,4,5.63
56,4,4,7.88
57,4,4,7.28
58,4,4,8.11
59,4,4,7.31
60,4,4,8.51
61,4,4,6.31
62,4,4,6.83
63,4,4,7.15
64,4,4,6.24
65,4,4,6.19
66,4,4,5.53
67,4,4,5.82
68,4,4,8.38
69,4,4,7.22
70,4,4,7.54
71,4,4,5.92
72,4,4,7.52
73,4,4,7.04
74,4,4,7.3
75,4,4,8.72
76,4,4,7.54
77,4,4,8.41
78,4,4,5.68
79,4,4,6.25
80,4,4,7.62
81,4,4,6.41
82,4,4,8.04
83,4,4,8.72
84,4,4,6.08
85,4,4,6.76
86,4,4,6.69
87,4,4,9.07
88,4,4,6.37
89,4,4,7.46
90,4,4,7.01
91,4,4,7.31
92,4,4,8.59
93,4,4,6.77
94,4,4,7.29
95,4,4,6.15
96,4,4,6.94
97,4,4,6.83
98,4,4,6.94
99,4,4,7.44
0,5,4,7.29
1,5,4,5.23
2,5,4,6.42
3,5,4,6.79
4,5,4,7.58
5,5,4,7.16
6,5,4,7.86
7,5,4,6.12
8,5,4,6.62
9,5,4,8.11
10,5,4,8.53
11,5,4,7.09
12,5,4,7.22
13,5,4,8.36
14,5,4,7.81
15,5,4,8.36
16,5,4,8.2
17,5,4,6.24
18,5,4,7.41
19,5,4,7.05
20,5,4,6.64
21,5,4,7.79
22,5,4,7.63
23,5,4,6.24
24,5,4,8.2
25,5,4,7.74
26,5,4,7.14
27,5,4,6.99
28,5,4,7.93
29,5,4,7.55
30,5,4,7.36
31,5,4,7.45
32,5,4,8.0
33,5,4,7.51
34,5,4,5.82
35,5,4,7.24
36,5,4,6.96
37,5,4,7.82
38,5,4,8.46
39,5,4,6.61
40,5,4,7.65
41,5,4,7.86
42,5,4,7.76
43,5,4,7.85
44,5,4,6.68
45,5,4,8.12
46,5,4,7.02
47,5,4,7.03
48,5,4,7.34
49,5,4,8.79
50,5,4,6.21
51,5,4,6.11
52,5,4,7.2
53,5,4,8.18
54,5,4,7.02
55,5,4,7.72
56,5,4,6.33
57,5,4,7.28
58,5,4,6.23
59,5,4,6.92
60,5,4,5.72
61,5,4,8.15
62,5,4,5.13
63,5,4,8.93
64,5,4,6.4
65,5,4,7.3
66,5,4,8.26
67,5,4,7.13
68,5,4,7.35
69,5,4,10.36
70,5,4,7.93
71,5,4,8.34
72,5,4,6.68
73,5,4,8.87
74,5,4,6.05
75,5,4,7.25
76,5,4,6.24
77,5,4,6.11
78,5,4,6.82
79,5,4,6.71
80,5,4,7.63
81,5,4,6.25
82,5,4,7.01
83,5,4,8.04
84,5,4,6.15
85,5,4,6.76
86,5,4,6.09
87,5,4,5.48
88,5,4,7.11
89,5,4,8.1
90,5,4,5.93
91,5,4,7.08
92,5,4,7.06
93,5,4,5.8
94,5,4,6.61
95,5,4,7.52
96,5,4,8.2
97,5,4,6.6
98,5,4,4.68
99,5,4,6.03
0,6,4,6.94
1,6,4,7.78
2,6,4,8.7
3,6,4,8.29
4,6,4,7.05
5,6,4,6.05
6,6,4,5.74
7,6,4,6.87
8,6,4,7.79
9,6,4,7.16
10,6,4,6.07
11,6,4,5.49
12,6,4,6.34
13,6,4,7.45
14,6,4,7.49
15,6,4,7.57
16,6,4,7.04
17,6,4,7.54
18,6,4,5.91
19,6,4,6.23
20,6,4,6.12
21,6,4,7.81
22,6,4,5.09
23,6,4,7.95
24,6,4,6.93
25,6,4,7.5
26,6,4,6.57
27,6,4,8.03
28,6,4,7.56
29,6,4,6.55
30,6,4,8.5
31,6,4,5.9
32,6,4,6.36
33,6,4,8.01
34,6,4,6.68
35,6,4,8.37
36,6,4,8.82
37,6,4,6.32
38,6,4,7.34
39,6,4,8.99
40,6,4,8.51
41,6,4,7.37
42,6,4,8.63
43,6,4,6.28
44,6,4,7.36
45,6,4,7.38
46,6,4,6.33
47,6,4,5.97
48,6,4,8.52
49,6,4,7.65
50,6,4,8.27
51,6,4,7.18
52,6,4,7.98
53,6,4,6.34
54,6,4,7.11
55,6,4,7.81
56,6,4,7.71
57,6,4,9.11
58,6,4,7.58
59,6,4,8.04
60,6,4,6.59
61,6,4,7.43
62,6,4,7.59
63,6,4,9.34
64,6,4,8.46
65,6,4,6.26
66,6,4,6.16
67,6,4,6.35
68,6,4,5.82
69,6,4,8.04
70,6,4,9.08
71,6,4,5.8
72,6,4,6.33
73,6,4,7.77
74,6,4,7.66
75,6,4,7.14
76,6,4,8.54
77,6,4,7.3
78,6,4,7.42
79,6,4,8.56
80,6,4,5.5
81,6,4,6.14
82,6,4,7.03
83,6,4,9.0
84,6,4,5.76
85,6,4,7.13
86,6,4,5.93
87,6,4,7.45
88,6,4,6.87
89,6,4,7.88
90,6,4,7.56
91,6,4,6.94
92,6,4,6.74
93,6,4,8.07
94,6,4,6.51
95,6,4,8.43
96,6,4,8.79
97,6,4,5.63
98,6,4,8.32
99,6,4,7.81
0,7,4,6.26
1,7,4,7.61
2,7,4,7.38
3,7,4,7.34
4,7,4,7.73
5,7,4,7.22
6,7,4,7.23
7,7,4,8.75
8,7,4,8.43
9,7,4,5.53
10,7,4,6.84
11,7,4,7.68
12,7,4,5.4
13,7,4,7.05
14,7,4,8.42
15,7,4,7.64
16,7,4,5.65
17,7,4,8.61
18,7,4,6.15
19,7,4,5.62
20,7,4,5.93
21,7,4,7.48
22,7,4,6.4
23,7,4,7.93
24,7,4,7.21
25,7,4,6.94
26,7,4,6.46
27,7,4,6.72
28,7,4,6.51
29,7,4,5.87
30,7,4,5.87
31,7,4,6.86
32,7,4,6.06
33,7,4,7.64
34,7,4,6.19
35,7,4,4.88
36,7,4,7.0
37,7,4,6.3
38,7,4,7.66
39,7,4,7.41
40,7,4,5.59
41,7,4,6.27
42,7,4,8.27
43,7,4,7.67
44,7,4,6.35
45,7,4,7.52
46,7,4,5.89
47,7,4,8.59
48,7,4,7.58
49,7,4,6.26
50,7,4,6.05
51,7,4,8.12
52,7,4,6.39
53,7,4,8.12
54,7,4,6.73
55,7,4,7.34
56,7,4,5.44
57,7,4,7.28
58,7,4,8.7
59,7,4,6.2
60,7,4,6.86
61,7,4,7.49
62,7,4,6.4
63,7,4,7.38
64,7,4,8.05
65,7,4,6.82
66,7,4,7.79
67,7,4,7.93
68,7,4,6.83
69,7,4,6.96
70,7,4,7.37
71,7,4,7.26
72,7,4,8.11
73,7,4,8.09
74,7,4,7.65
75,7,4,6.41
76,7,4,6.99
77,7,4,7.57
78,7,4,8.28
79,7,4,6.09
80,7,4,5.1
81,7,4,8.54
82,7,4,7.66
83,7,4,6.64
84,7,4,7.47
85,7,4,6.26
86,7,4,7.75
87,7,4,6.35
88,7,4,6.49
89,7,4,7.95
90,7,4,6.7
91,7,4,9.08
92,7,4,6.46
93,7,4,7.68
94,7,4,5.45
95,7,4,7.15
96,7,4,7.92
97,7,4,7.15
98,7,4,6.0
99,7,4,6.58
0,8,4,6.38
1,8,4,5.96
2,8,4,9.11
3,8,4,6.99
4,8,4,8.29
5,8,4,7.29
6,8,4,8.56
7,8,4,7.62
8,8,4,7.89
9,8,4,7.9
10,8,4,8.42
11,8,4,7.34
12,8,4,7.16
13,8,4,7.32
14,8,4,5.59
15,8,4,5.67
16,8,4,7.25
17,8,4,7.79
18,8,4,6.39
19,8,4,5.79
20,8,4,6.64
21,8,4,6.74
22,8,4,7.42
23,8,4,7.83
24,8,4,4.73
25,8,4,7.61
26,8,4,8.4
27,8,4,6.29
28,8,4,6.71
29,8,4,7.77
30,8,4,6.76
31,8,4,8.61
32,8,4,6.01
33,8,4,8.27
34,8,4,7.46
35,8,4,5.71
36,8,4,8.24
37,8,4,6.88
38,8,4,8.03
39,8,4,3.8
40,8,4,7.22
41,8,4,5.5
42,8,4,8.42
43,8,4,6.75
44,8,4,7.34
45,8,4,6.89
46,8,4,6.83
47,8,4,5.74
48,8,4,6.13
49,8,4,8.25
50,8,4,6.56
51,8,4,5.7
52,8,4,5.51
53,8,4,5.61
54,8,4,6.34
55,8,4,7.2
56,8,4,7.05
57,8,4,7.78
58,8,4,6.3
59,8,4,6.08
60,8,4,6.21
61,8,4,6.02
62,8,4,4.76
63,8,4,6.27
64,8,4,7.66
65,8,4,7.29
66,8,4,7.83
67,8,4,7.85
68,8,4,7.33
69,8,4,6.64
70,8,4,6.19
71,8,4,5.61
72,8,4,5.41
73,8,4,5.63
74,8,4,7.72
75,8,4,6.66
76,8,4,8.42
77,8,4,7.33
78,8,4,7.67
79,8,4,6.9
80,8,4,8.66
81,8,4,7.88
82,8,4,7.74
83,8,4,6.68
84,8,4,7.18
85,8,4,6.85
86,8,4,7.09
87,8,4,7.3
88,8,4,7.48
89,8,4,7.78
90,8,4,6.77
91,8,4,6.98
92,8,4,6.63
93,8,4,6.71
94,8,4,7.06
95,8,4,6.41
96,8,4,5.6
97,8,4,6.52
98,8,4,6.61
99,8,4,5.46
0,9,4,6.91
1,9,4,6.88
2,9,4,7.09
3,9,4,8.51
4,9,4,8.88
5,9,4,8.58
6,9,4,7.69
7,9,4,7.06
8,9,4,6.66
9,9,4,6.53
10,9,4,6.86
11,9,4,7.55
12,9,4,7.56
13,9,4,7.18
14,9,4,7.62
15,9,4,5.86
16,9,4,7.05
17,9,4,7.38
18,9,4,7.77
19,9,4,8.23
20,9,4,6.76
21,9,4,6.38
22,9,4,6.69
23,9,4,6.3
24,9,4,7.38
25,9,4,7.96
26,9,4,8.25
27,9,4,8.08
28,9,4,7.95
29,9,4,6.47
30,9,4,6.96
31,9,4,6.35
32,9,4,7.91
33,9,4,5.99
34,9,4,6.65
35,9,4,7.0
36,9,4,5.62
37,9,4,6.22
38,9,4,6.04
39,9,4,7.43
40,9,4,6.31
41,9,4,7.1
42,9,4,6.25
43,9,4,8.0
44,9,4,7.04
45,9,4,7.05
46,9,4,5.21
47,9,4,9.0
48,9,4,7.28
49,9,4,7.7
50,9,4,7.31
51,9,4,5.62
52,9,4,6.35
53,9,4,5.71
54,9,4,7.92
55,9,4,7.23
56,9,4,7.67
57,9,4,6.42
58,9,4,7.21
59,9,4,5.58
60,9,4,7.09
61,9,4,5.68
62,9,4,6.27
63,9,4,6.45
64,9,4,8.13
65,9,4,6.55
66,9,4,6.25
67,9,4,6.73
68,9,4,7.75
69,9,4,7.12
70,9,4,7.94
71,9,4,7.24
72,9,4,7.91
73,9,4,6.06
74,9,4,6.51
75,9,4,7.56
76,9,4,7.26
77,9,4,7.81
78,9,4,7.51
79,9,4,7.12
80,9,4,7.13
81,9,4,7.97
82,9,4,7.75
83,9,4,7.32
84,9,4,8.48
85,9,4,7.0
86,9,4,6.78
87,9,4,9.46
88,9,4,7.2
89,9,4,6.38
90,9,4,7.64
91,9,4,5.83
92,9,4,6.27
93,9,4,6.69
94,9,4,8.88
95,9,4,8.11
96,9,4,7.44
97,9,4,6.14
98,9,4,8.04
99,9,4,6.72
0,10,4,6.59
1,10,4,7.92
2,10,4,7.74
3,10,4,8.13
4,10,4,7.67
5,10,4,6.88
6,10,4,7.05
7,10,4,6.99
8,10,4,7.24
9,10,4,7.43
10,10,4,7.79
11,10,4,8.44
12,10,4,6.53
13,10,4,6.79
14,10,4,8.2
15,10,4,6.81
16,10,4,6.95
17,10,4,7.5
18,10,4,6.89
19,10,4,7.67
20,10,4,8.63
21,10,4,9.08
22,10,4,7.4
23,10,4,7.76
24,10,4,4.63
25,10,4,5.78
26,10,4,7.5
27,10,4,7.56
28,10,4,7.49
29,10,4,7.12
30,10,4,6.88
31,10,4,4.96
32,10,4,7.92
33,10,4,7.45
34,10,4,6.08
35,10,4,7.8
36,10,4,6.44
37,10,4,7.2
38,10,4,8.38
39,10,4,7.06
40,10,4,8.02
41,10,4,7.5
42,10,4,6.02
43,10,4,7.54
44,10,4,7.67
45,10,4,7.37
46,10,4,7.54
47,10,4,5.88
48,10,4,6.8
49,10,4,7.96
50,10,4,7.17
51,10,4,7.79
52,10,4,7.09
53,10,4,6.57
54,10,4,5.79
55,10,4,7.41
56,10,4,5.45
57,10,4,7.79
58,10,4,7.07
59,10,4,7.32
60,10,4,7.31
61,10,4,7.99
62,10,4,6.02
63,10,4,6.52
64,10,4,6.46
65,10,4,7.22
66,10,4,6.76
67,10,4,8.48
68,10,4,7.96
69,10,4,7.78
70,10,4,6.81
71,10,4,6.28
72,10,4,8.68
73,10,4,7.02
74,10,4,7.45
75,10,4,7.46
76,10,4,8.12
77,10,4,8.27
78,10,4,7.62
79,10,4,7.87
80,10,4,8.24
81,10,4,6.95
82,10,4,7.76
83,10,4,6.94
84,10,4,6.6
85,10,4,7.21
86,10,4,6.1
87,10,4,8.71
88,10,4,7.32
89,10,4,8.45
90,10,4,8.35
91,10,4,7.9
92,10,4,7.62
93,10,4,8.22
94,10,4,6.27
95,10,4,7.49
96,10,4,7.77
97,10,4,6.94
98,10,4,7.67
99,10,4,6.94
0,11,4,7.75
1,11,4,8.76
2,11,4,8.35
3,11,4,6.27
4,11,4,6.72
5,11,4,6.62
6,11,4,7.31
7,11,4,6.35
8,11,4,7.26
9,11,4,9.23
10,11,4,7.04
11,11,4,7.66
12,11,4,6.4
13,11,4,7.5
14,11,4,5.91
15,11,4,8.36
16,11,4,7.07
17,11,4,8.02
18,11,4,7.37
19,11,4,8.56
20,11,4,7.15
21,11,4,7.36
22,11,4,4.77
23,11,4,6.56
24,11,4,7.27
25,11,4,7.11
26,11,4,8.01
27,11,4,5.95
28,11,4,7.72
29,11,4,5.47
30,11,4,6.36
31,11,4,8.08
32,11,4,6.42
33,11,4,8.27
34,11,4,7.7
35,11,4,7.07
36,11,4,6.66
37,11,4,6.6
38,11,4,8.33
39,11,4,7.63
40,11,4,8.49
41,11,4,8.52
42,11,4,5.54
43,11,4,7.77
44,11,4,6.7
45,11,4,6.7
46,11,4,6.7
47,11,4,5.95
48,11,4,7.93
49,11,4,7.62
50,11,4,8.05
51,11,4,6.93
52,11,4,6.77
53,11,4,7.34
54,11,4,6.38
55,11,4,5.86
56,11,4,9.35
57,11,4,6.99
58,11,4,7.15
59,11,4,6.78
60,11,4,8.28
61,11,4,7.63
62,11,4,6.51
63,11,4,6.93
64,11,4,7.4
65,11,4,8.14
66,11,4,3.84
67,11,4,6.74
68,11,4,8.04
69,11,4,6.41
70,11,4,7.85
71,11,4,6.64
72,11,4,7.3
73,11,4,7.72
74,11,4,6.66
75,11,4,7.35
76,11,4,7.39
77,11,4,6.64
78,11,4,8.06
79,11,4,7.63
80,11,4,6.39
81,11,4,8.64
82,11,4,7.01
83,11,4,7.48
84,11,4,6.77
85,11,4,6.08
86,11,4,7.54
87,11,4,9.31
88,11,4,7.61
89,11,4,7.48
90,11,4,7.63
91,11,4,6.31
92,11,4,6.85
93,11,4,8.03
94,11,4,8.67
95,11,4,7.2
96,11,4,6.74
97,11,4,6.34
98,11,4,6.26
99,11,4,6.32
0,12,4,8.3
1,12,4,8.38
2,12,4,5.91
3,12,4,6.05
4,12,4,8.52
5,12,4,7.61
6,12,4,6.71
7,12,4,7.47
8,12,4,6.82
9,12,4,6.65
10,12,4,8.05
11,12,4,7.14
12,12,4,6.73
13,12,4,6.73
14,12,4,9.34
15,12,4,9.1
16,12,4,7.29
17,12,4,6.69
18,12,4,7.47
19,12,4,7.09
20,12,4,6.56
21,12,4,7.59
22,12,4,6.45
23,12,4,7.13
24,12,4,7.07
25,12,4,7.72
26,12,4,7.77
27,12,4,7.03
28,12,4,7.95
29,12,4,7.34
30,12,4,7.69
31,12,4,7.77
32,12,4,8.18
33,12,4,6.92
34,12,4,9.53
35,12,4,7.11
36,12,4,8.73
37,12,4,5.91
38,12,4,8.19
39,12,4,7.74
40,12,4,7.2
41,12,4,7.94
42,12,4,6.99
43,12,4,7.39
44,12,4,7.99
45,12,4,7.4
46,12,4,6.5
47,12,4,8.14
48,12,4,8.19
49,12,4,5.6
50,12,4,6.44
51,12,4,6.23
52,12,4,7.01
53,12,4,6.64
54,12,4,6.15
55,12,4,6.94
56,12,4,7.97
57,12,4,6.33
58,12,4,6.85
59,12,4,9.44
60,12,4,6.51
61,12,4,7.34
62,12,4,6.67
63,12,4,8.01
64,12,4,5.5
65,12,4,7.8
66,12,4,7.58
67,12,4,7.69
68,12,4,7.97
69,12,4,7.03
70,12,4,6.55
71,12,4,7.84
72,12,4,5.65
73,12,4,6.43
74,12,4,8.17
75,12,4,7.06
76,12,4,4.24
77,12,4,8.51
78,12,4,7.71
79,12,4,8.95
80,12,4,7.83
81,12,4,5.93
82,12,4,6.32
83,12,4,7.47
84,12,4,7.42
85,12,4,6.0
86,12,4,7.48
87,12,4,7.38
88,12,4,7.38
89,12,4,8.34
90,12,4,7.49
91,12,4,6.64
92,12,4,5.38
93,12,4,6.09
94,12,4,6.39
95,12,4,8.03
96,12,4,6.89
97,12,4,7.68
98,12,4,8.06
99,12,4,6.73
0,13,4,6.64
1,13,4,8.52
2,13,4,7.47
3,13,4,7.8
4,13,4,8.0
5,13,4,6.65
6,13,4,6.57
7,13,4,7.99
8,13,4,6.52
9,13,4,8.56
10,13,4,7.89
11,13,4,7.26
12,13,4,6.35
13,13,4,7.72
14,13,4,7.34
15,13,4,8.3
16,13,4,5.79
17,13,4,9.5
18,13,4,7.03
19,13,4,7.13
20,13,4,6.36
21,13,4,8.35
22,13,4,6.93
23,13,4,9.18
24,13,4,6.14
25,13,4,6.38
26,13,4,6.46
27,13,4,6.76
28,13,4,7.0
29,13,4,5.85
30,13,4,6.8
31,13,4,7.91
32,13,4,7.42
33,13,4,8.07
34,13,4,8.26
35,13,4,6.43
36,13,4,7.13
37,13,4,8.93
38,13,4,7.62
39,13,4,7.6
40,13,4,6.88
41,13,4,6.3
42,13,4,6.84
43,13,4,7.33
44,13,4,8.74
45,13,4,8.1
46,13,4,6.58
47,13,4,7.58
48,13,4,8.33
49,13,4,7.87
50,13,4,6.98
51,13,4,7.3
52,13,4,8.18
53,13,4,7.04
54,13,4,9.1
55,13,4,7.38
56,13,4,6.85
57,13,4,6.83
58,13,4,7.33
59,13,4,7.43
60,13,4,6.76
61,13,4,7.65
62,13,4,7.46
63,13,4,6.97
64,13,4,6.54
65,13,4,8.21
66,13,4,7.38
67,13,4,7.32
68,13,4,7.34
69,13,4,8.05
70,13,4,7.65
71,13,4,6.82
72,13,4,5.8
73,13,4,7.3
74,13,4,6.59
75,13,4,7.28
76,13,4,8.26
77,13,4,6.61
78,13,4,7.31
79,13,4,6.67
80,13,4,7.22
81,13,4,7.65
82,13,4,6.94
83,13,4,6.35
84,13,4,6.6
85,13,4,7.5
86,13,4,6.93
87,13,4,7.34
88,13,4,6.09
89,13,4,7.9
90,13,4,7.36
91,13,4,7.26
92,13,4,6.42
93,13,4,6.59
94,13,4,6.36
95,13,4,7.37
96,13,4,7.46
97,13,4,6.46
98,13,4,6.82
99,13,4,8.42
0,14,4,6.56
1,14,4,8.15
2,14,4,7.84
3,14,4,7.32
4,14,4,8.75
5,14,4,6.5
6,14,4,9.4
7,14,4,6.77
8,14,4,6.13
9,14,4,6.4
10,14,4,7.99
11,14,4,7.78
12,14,4,8.03
13,14,4,5.84
14,14,4,8.18
15,14,4,7.38
16,14,4,8.03
17,14,4,5.52
18,14,4,7.02
19,14,4,5.78
20,14,4,6.84
21,14,4,7.24
22,14,4,6.56
23,14,4,8.8
24,14,4,7.91
25,14,4,7.79
26,14,4,6.51
27,14,4,8.67
28,14,4,7.17
29,14,4,5.91
30,14,4,7.67
31,14,4,8.32
32,14,4,7.97
33,14,4,6.75
34,14,4,6.54
35,14,4,8.38
36,14,4,7.23
37,14,4,7.19
38,14,4,7.48
39,14,4,6.38
40,14,4,4.9
41,14,4,8.22
42,14,4,7.46
43,14,4,6.92
44,14,4,8.05
45,14,4,7.73
46,14,4,7.91
47,14,4,8.0
48,14,4,5.51
49,14,4,6.73
50,14,4,8.73
51,14,4,7.19
52,14,4,8.28
53,14,4,7.41
54,14,4,7.73
55,14,4,7.14
56,14,4,6.55
57,14,4,6.14
58,14,4,7.62
59,14,4,7.42
60,14,4,7.38
61,14,4,6.67
62,14,4,7.61
63,14,4,7.85
64,14,4,7.58
65,14,4,7.12
66,14,4,7.37
67,14,4,7.59
68,14,4,8.44
69,14,4,6.6
70,14,4,7.23
71,14,4,6.93
72,14,4,8.75
73,14,4,7.46
74,14,4,8.18
75,14,4,7.89
76,14,4,8.56
77,14,4,7.29
78,14,4,7.91
79,14,4,7.3
80,14,4,7.61
81,14,4,7.42
82,14,4,6.6
83,14,4,7.46
84,14,4,3.89
85,14,4,7.58
86,14,4,6.48
87,14,4,7.74
88,14,4,6.55
89,14,4,7.21
90,14,4,7.88
91,14,4,6.88
92,14,4,6.88
93,14,4,7.11
94,14,4,6.51
95,14,4,7.22
96,14,4,7.21
97,14,4,7.57
98,14,4,6.29
99,14,4,7.33
0,15,4,6.8
1,15,4,6.5
2,15,4,7.07
3,15,4,6.08
4,15,4,8.66
5,15,4,8.4
6,15,4,6.82
7,15,4,6.76
8,15,4,6.9
9,15,4,6.08
10,15,4,8.74
11,15,4,5.24
12,15,4,6.66
13,15,4,7.04
14,15,4,8.01
15,15,4,6.84
16,15,4,7.68
17,15,4,7.59
18,15,4,5.92
19,15,4,6.11
20,15,4,7.2
21,15,4,7.88
22,15,4,8.89
23,15,4,7.22
24,15,4,7.55
25,15,4,5.48
26,15,4,7.89
27,15,4,7.6
28,15,4,7.53
29,15,4,5.18
30,15,4,6.75
31,15,4,5.07
32,15,4,7.4
33,15,4,8.42
34,15,4,6.46
35,15,4,8.57
36,15,4,6.4
37,15,4,6.59
38,15,4,7.9
39,15,4,6.45
40,15,4,5.52
41,15,4,7.52
42,15,4,7.96
43,15,4,6.24
44,15,4,6.84
45,15,4,6.53
46,15,4,7.33
47,15,4,7.92
48,15,4,7.89
49,15,4,5.9
50,15,4,6.82
51,15,4,6.57
52,15,4,7.61
53,15,4,9.11
54,15,4,6.8
55,15,4,6.24
56,15,4,6.83
57,15,4,5.63
58,15,4,6.34
59,15,4,6.97
60,15,4,6.84
61,15,4,8.98
62,15,4,7.73
63,15,4,7.41
64,15,4,7.04
65,15,4,7.76
66,15,4,7.16
67,15,4,7.32
68,15,4,7.43
69,15,4,8.3
70,15,4,8.17
71,15,4,8.36
72,15,4,9.64
73,15,4,7.37
74,15,4,9.03
75,15,4,6.62
76,15,4,8.32
77,15,4,6.16
78,15,4,7.36
79,15,4,7.57
80,15,4,7.51
81,15,4,7.86
82,15,4,6.27
83,15,4,8.1
84,15,4,9.35
85,15,4,5.67
86,15,4,8.05
87,15,4,7.48
88,15,4,7.81
89,15,4,6.23
90,15,4,6.47
91,15,4,8.52
92,15,4,6.6
93,15,4,7.18
94,15,4,7.27
95,15,4,6.39
96,15,4,5.46
97,15,4,7.37
98,15,4,6.46
99,15,4,7.11
0,16,4,7.6
1,16,4,6.18
2,16,4,6.65
3,16,4,7.45
4,16,4,6.69
5,16,4,7.74
6,16,4,6.76
7,16,4,7.23
8,16,4,9.06
9,16,4,5.03
10,16,4,5.52
11,16,4,6.0
12,16,4,7.16
13,16,4,7.21
14,16,4,6.52
15,16,4,6.88
16,16,4,6.8
17,16,4,7.59
18,16,4,7.21
19,16,4,7.89
20,16,4,8.96
21,16,4,6.61
22,16,4,8.42
23,16,4,6.65
24,16,4,6.84
25,16,4,6.32
26,16,4,6.79
27,16,4,8.02
28,16,4,8.07
29,16,4,7.77
30,16,4,7.31
31,16,4,6.79
32,16,4,8.22
33,16,4,8.44
34,16,4,8.12
35,16,4,8.09
36,16,4,8.24
37,16,4,7.06
38,16,4,7.36
39,16,4,7.06
40,16,4,7.54
41,16,4,5.54
42,16,4,7.05
43,16,4,7.95
44,16,4,6.91
45,16,4,7.57
46,16,4,8.11
47,16,4,7.56
48,16,4,7.72
49,16,4,5.97
50,16,4,6.38
51,16,4,7.16
52,16,4,7.97
53,16,4,7.12
54,16,4,6.38
55,16,4,8.01
56,16,4,4.79
57,16,4,6.12
58,16,4,7.12
59,16,4,7.34
60,16,4,6.56
61,16,4,7.31
62,16,4,6.92
63,16,4,7.73
64,16,4,7.09
65,16,4,6.27
66,16,4,6.46
67,16,4,6.68
68,16,4,7.91
69,16,4,6.35
70,16,4,6.73
71,16,4,7.49
72,16,4,6.44
73,16,4,6.0
74,16,4,7.86
75,16,4,8.01
76,16,4,7.54
77,16,4,7.98
78,16,4,7.9
79,16,4,6.45
80,16,4,6.27
81,16,4,6.92
82,16,4,6.33
83,16,4,7.91
84,16,4,8.32
85,16,4,5.21
86,16,4,7.36
87,16,4,7.25
88,16,4,6.94
89,16,4,6.51
90,16,4,7.96
91,16,4,5.85
92,16,4,7.33
93,16,4,7.16
94,16,4,7.46
95,16,4,7.37
96,16,4,7.32
97,16,4,7.08
98,16,4,7.08
99,16,4,7.25
0,17,4,6.14
1,17,4,8.65
2,17,4,5.89
3,17,4,6.54
4,17,4,5.76
5,17,4,6.01
6,17,4,7.67
7,17,4,6.32
8,17,4,7.21
9,17,4,6.44
10,17,4,7.68
11,17,4,8.39
12,17,4,7.53
13,17,4,6.19
14,17,4,6.5
15,17,4,7.96
16,17,4,8.37
17,17,4,7.06
18,17,4,7.41
19,17,4,7.38
20,17,4,5.21
21,17,4,6.98
22,17,4,8.4
23,17,4,8.48
24,17,4,7.75
25,17,4,6.15
26,17,4,8.32
27,17,4,6.83
28,17,4,7.46
29,17,4,7.11
30,17,4,7.9
31,17,4,7.28
32,17,4,7.88
33,17,4,8.48
34,17,4,5.42
35,17,4,6.23
36,17,4,5.75
37,17,4,6.12
38,17,4,6.17
39,17,4,7.43
40,17,4,5.11
41,17,4,8.66
42,17,4,7.94
43,17,4,6.93
44,17,4,7.85
45,17,4,7.21
46,17,4,9.07
47,17,4,6.45
48,17,4,6.59
49,17,4,5.84
50,17,4,5.64
51,17,4,7.6
52,17,4,5.89
53,17,4,8.3
54,17,4,6.92
55,17,4,7.98
56,17,4,7.91
57,17,4,7.01
58,17,4,9.04
59,17,4,7.39
60,17,4,6.73
61,17,4,7.59
62,17,4,7.67
63,17,4,7.12
64,17,4,7.36
65,17,4,6.51
66,17,4,6.68
67,17,4,7.3
68,17,4,8.99
69,17,4,8.52
70,17,4,7.72
71,17,4,8.09
72,17,4,7.54
73,17,4,5.46
74,17,4,7.26
75,17,4,6.63
76,17,4,7.09
77,17,4,7.5
78,17,4,8.84
79,17,4,6.6
80,17,4,6.74
81,17,4,7.92
82,17,4,6.88
83,17,4,6.84
84,17,4,6.52
85,17,4,7.22
86,17,4,7.72
87,17,4,5.93
88,17,4,6.67
89,17,4,5.91
90,17,4,6.57
91,17,4,7.52
92,17,4,6.96
93,17,4,8.38
94,17,4,7.76
95,17,4,6.78
96,17,4,7.13
97,17,4,6.19
98,17,4,7.5
99,17,4,6.57
0,18,4,7.95
1,18,4,7.2
2,18,4,6.74
3,18,4,8.76
4,18,4,7.31
5,18,4,5.93
6,18,4,7.15
7,18,4,6.63
8,18,4,7.64
9,18,4,7.29
10,18,4,7.55
11,18,4,7.85
12,18,4,6.74
13,18,4,6.42
14,18,4,7.04
15,18,4,7.44
16,18,4,7.59
17,18,4,7.37
18,18,4,6.94
19,18,4,7.56
20,18,4,7.12
21,18,4,8.26
22,18,4,7.54
23,18,4,6.89
24,18,4,5.79
25,18,4,7.66
26,18,4,6.52
27,18,4,7.67
28,18,4,4.67
29,18,4,7.51
30,18,4,7.05
31,18,4,6.53
32,18,4,7.02
33,18,4,6.82
34,18,4,6.25
35,18,4,6.56
36,18,4,6.78
37,18,4,5.99
38,18,4,5.79
39,18,4,5.95
40,18,4,7.29
41,18,4,7.98
42,18,4,9.14
43,18,4,7.12
44,18,4,8.48
45,18,4,8.13
46,18,4,5.1
47,18,4,7.31
48,18,4,8.23
49,18,4,6.69
50,18,4,6.5
51,18,4,6.52
52,18,4,7.93
53,18,4,7.33
54,18,4,7.08
55,18,4,6.86
56,18,4,5.6
57,18,4,7.81
58,18,4,9.19
59,18,4,8.34
60,18,4,8.03
61,18,4,7.31
62,18,4,8.19
63,18,4,6.72
64,18,4,8.26
65,18,4,7.76
66,18,4,7.66
67,18,4,9.23
68,18,4,6.58
69,18,4,9.89
70,18,4,9.11
71,18,4,8.45
72,18,4,7.06
73,18,4,6.93
74,18,4,8.82
75,18,4,7.46
76,18,4,6.37
77,18,4,7.43
78,18,4,7.41
79,18,4,7.83
80,18,4,9.0
81,18,4,7.83
82,18,4,7.0
83,18,4,7.93
84,18,4,8.27
85,18,4,7.4
86,18,4,6.6
87,18,4,6.5
88,18,4,6.88
89,18,4,6.74
90,18,4,6.98
91,18,4,7.22
92,18,4,7.3
93,18,4,7.58
94,18,4,6.98
95,18,4,7.92
96,18,4,6.54
97,18,4,8.32
98,18,4,6.44
99,18,4,7.11
0,19,4,7.11
1,19,4,6.64
2,19,4,5.54
3,19,4,4.23
4,19,4,6.36
5,19,4,5.17
6,19,4,6.07
7,19,4,7.28
8,19,4,7.14
9,19,4,7.26
10,19,4,8.2
11,19,4,7.73
12,19,4,5.47
13,19,4,5.75
14,19,4,6.99
15,19,4,5.74
16,19,4,6.65
17,19,4,7.68
18,19,4,9.45
19,19,4,7.57
20,19,4,8.22
21,19,4,8.32
22,19,4,8.01
23,19,4,7.68
24,19,4,7.51
25,19,4,8.1
26,19,4,6.93
27,19,4,5.82
28,19,4,8.94
29,19,4,7.53
30,19,4,9.11
31,19,4,5.97
32,19,4,8.87
33,19,4,6.3
34,19,4,7.39
35,19,4,7.25
36,19,4,9.03
37,19,4,6.3
38,19,4,7.8
39,19,4,6.36
40,19,4,6.0
41,19,4,7.05
42,19,4,7.95
43,19,4,7.39
44,19,4,7.55
45,19,4,6.6
46,19,4,6.14
47,19,4,7.0
48,19,4,7.58
49,19,4,6.62
50,19,4,8.52
51,19,4,6.32
52,19,4,6.22
53,19,4,6.69
54,19,4,6.9
55,19,4,6.4
56,19,4,7.16
57,19,4,6.79
58,19,4,6.28
59,19,4,9.01
60,19,4,7.41
61,19,4,9.08
62,19,4,7.38
63,19,4,6.94
64,19,4,8.09
65,19,4,6.22
66,19,4,9.19
67,19,4,10.38
68,19,4,9.52
69,19,4,8.65
70,19,4,9.72
71,19,4,9.44
72,19,4,8.29
73,19,4,8.67
74,19,4,9.32
75,19,4,7.16
76,19,4,6.42
77,19,4,5.81
78,19,4,8.81
79,19,4,9.08
80,19,4,5.96
81,19,4,7.28
82,19,4,6.41
83,19,4,7.06
84,19,4,8.21
85,19,4,8.15
86,19,4,8.34
87,19,4,7.85
88,19,4,9.18
89,19,4,7.69
90,19,4,6.63
91,19,4,8.34
92,19,4,7.39
93,19,4,6.88
94,19,4,5.84
95,19,4,7.15
96,19,4,8.48
97,19,4,8.2
98,19,4,8.0
99,19,4,6.81
0,20,4,6.38
1,20,4,7.38
2,20,4,9.27
3,20,4,7.11
4,20,4,7.69
5,20,4,7.69
6,20,4,5.55
7,20,4,4.86
8,20,4,6.28
9,20,4,7.37
10,20,4,5.05
11,20,4,7.85
12,20,4,6.56
13,20,4,8.54
14,20,4,8.28
15,20,4,7.35
16,20,4,7.15
17,20,4,6.8
18,20,4,5.58
19,20,4,7.45
20,20,4,6.43
21,20,4,7.63
22,20,4,7.2
23,20,4,8.06
24,20,4,6.83
25,20,4,7.76
26,20,4,8.18
27,20,4,7.02
28,20,4,8.8
29,20,4,4.48
30,20,4,5.83
31,20,4,6.77
32,20,4,9.24
33,20,4,7.17
34,20,4,6.21
35,20,4,7.31
36,20,4,6.38
37,20,4,6.74
38,20,4,7.75
39,20,4,7.57
40,20,4,5.68
41,20,4,5.93
42,20,4,7.75
43,20,4,8.53
44,20,4,8.54
45,20,4,7.49
46,20,4,8.1
47,20,4,7.16
48,20,4,6.48
49,20,4,6.15
50,20,4,7.46
51,20,4,7.55
52,20,4,6.6
53,20,4,8.54
54,20,4,8.97
55,20,4,7.74
56,20,4,7.27
57,20,4,7.02
58,20,4,6.5
59,20,4,5.38
60,20,4,6.75
61,20,4,8.92
62,20,4,6.66
63,20,4,8.27
64,20,4,7.89
65,20,4,7.11
66,20,4,7.69
67,20,4,9.12
68,20,4,7.41
69,20,4,9.43
70,20,4,9.81
71,20,4,7.64
72,20,4,8.56
73,20,4,6.99
74,20,4,8.48
75,20,4,8.15
76,20,4,8.09
77,20,4,6.53
78,20,4,8.65
79,20,4,8.39
80,20,4,7.68
81,20,4,7.23
82,20,4,6.59
83,20,4,6.61
84,20,4,7.98
85,20,4,7.03
86,20,4,7.52
87,20,4,6.16
88,20,4,5.24
89,20,4,7.1
90,20,4,8.35
91,20,4,7.54
92,20,4,6.71
93,20,4,7.49
94,20,4,7.94
95,20,4,7.59
96,20,4,8.3
97,20,4,6.98
98,20,4,6.39
99,20,4,7.41
0,21,4,6.6
1,21,4,6.87
2,21,4,5.76
3,21,4,7.8
4,21,4,9.33
5,21,4,7.27
6,21,4,7.0
7,21,4,9.09
8,21,4,6.63
9,21,4,8.46
10,21,4,7.29
11,21,4,6.37
12,21,4,7.43
13,21,4,8.73
14,21,4,7.92
15,21,4,7.13
16,21,4,7.31
17,21,4,7.24
18,21,4,8.48
19,21,4,6.76
20,21,4,6.89
21,21,4,7.36
22,21,4,7.27
23,21,4,6.43
24,21,4,6.98
25,21,4,6.62
26,21,4,7.34
27,21,4,6.47
28,21,4,6.98
29,21,4,6.61
30,21,4,7.1
31,21,4,7.36
32,21,4,8.77
33,21,4,7.86
34,21,4,8.78
35,21,4,8.59
36,21,4,7.93
37,21,4,7.51
38,21,4,6.51
39,21,4,6.21
40,21,4,6.04
41,21,4,8.04
42,21,4,6.55
43,21,4,5.88
44,21,4,7.62
45,21,4,6.26
46,21,4,6.85
47,21,4,8.48
48,21,4,7.2
49,21,4,6.74
50,21,4,6.77
51,21,4,7.77
52,21,4,7.04
53,21,4,6.76
54,21,4,6.91
55,21,4,8.16
56,21,4,7.09
57,21,4,7.93
58,21,4,7.7
59,21,4,8.34
60,21,4,7.88
61,21,4,6.74
62,21,4,8.4
63,21,4,7.48
64,21,4,8.44
65,21,4,8.96
66,21,4,7.09
67,21,4,7.51
68,21,4,8.52
69,21,4,8.26
70,21,4,9.84
71,21,4,9.61
72,21,4,8.3
73,21,4,7.67
74,21,4,9.33
75,21,4,9.69
76,21,4,8.59
77,21,4,8.03
78,21,4,7.75
79,21,4,9.1
80,21,4,7.73
81,21,4,8.4
82,21,4,8.11
83,21,4,7.58
84,21,4,8.14
85,21,4,8.48
86,21,4,6.77
87,21,4,6.69
88,21,4,7.95
89,21,4,8.33
90,21,4,8.7
91,21,4,7.54
92,21,4,4.67
93,21,4,7.26
94,21,4,7.45
95,21,4,7.45
96,21,4,8.19
97,21,4,7.6
98,21,4,9.09
99,21,4,5.62
0,22,4,7.86
1,22,4,6.01
2,22,4,5.34
3,22,4,6.82
4,22,4,6.99
5,22,4,6.0
6,22,4,8.26
7,22,4,8.44
8,22,4,5.65
9,22,4,6.68
10,22,4,7.4
11,22,4,7.86
12,22,4,6.75
13,22,4,7.08
14,22,4,6.89
15,22,4,7.1
16,22,4,7.58
17,22,4,8.07
18,22,4,6.06
19,22,4,7.77
20,22,4,6.39
21,22,4,8.05
22,22,4,7.34
23,22,4,7.95
24,22,4,7.88
25,22,4,7.66
26,22,4,7.07
27,22,4,6.08
28,22,4,6.19
29,22,4,7.36
30,22,4,5.98
31,22,4,6.41
32,22,4,7.23
33,22,4,6.19
34,22,4,8.95
35,22,4,6.3
36,22,4,8.42
37,22,4,6.68
38,22,4,8.07
39,22,4,6.52
40,22,4,8.29
41,22,4,7.82
42,22,4,6.86
43,22,4,7.66
44,22,4,6.33
45,22,4,9.51
46,22,4,7.59
47,22,4,6.54
48,22,4,7.12
49,22,4,6.98
50,22,4,7.74
51,22,4,6.96
52,22,4,8.29
53,22,4,7.04
54,22,4,6.52
55,22,4,6.15
56,22,4,6.11
57,22,4,7.11
58,22,4,8.17
59,22,4,7.18
60,22,4,6.6
61,22,4,6.8
62,22,4,8.93
63,22,4,9.27
64,22,4,8.42
65,22,4,7.0
66,22,4,9.54
67,22,4,9.76
68,22,4,9.01
69,22,4,9.14
70,22,4,9.65
71,22,4,7.89
72,22,4,8.42
73,22,4,9.5
74,22,4,8.34
75,22,4,9.84
76,22,4,8.83
77,22,4,8.49
78,22,4,8.54
79,22,4,8.05
80,22,4,7.4
81,22,4,8.44
82,22,4,7.84
83,22,4,7.05
84,22,4,7.67
85,22,4,7.49
86,22,4,6.7
87,22,4,6.79
88,22,4,7.65
89,22,4,7.82
90,22,4,7.35
91,22,4,6.43
92,22,4,8.22
93,22,4,6.87
94,22,4,6.77
95,22,4,6.53
96,22,4,6.7
97,22,4,8.12
98,22,4,7.37
99,22,4,8.08
0,23,4,8.96
1,23,4,7.56
2,23,4,8.16
3,23,4,7.04
4,23,4,5.96
5,23,4,6.06
6,23,4,5.88
7,23,4,6.2
8,23,4,8.61
9,23,4,6.79
10,23,4,6.05
11,23,4,6.24
12,23,4,6.58
13,23,4,8.1
14,23,4,6.8
15,23,4,7.57
16,23,4,8.21
17,23,4,7.52
18,23,4,6.04
19,23,4,7.96
20,23,4,8.06
21,23,4,8.59
22,23,4,6.29
23,23,4,7.93
24,23,4,5.59
25,23,4,7.53
26,23,4,7.3
27,23,4,6.42
28,23,4,7.12
29,23,4,7.09
30,23,4,5.97
31,23,4,7.5
32,23,4,7.18
33,23,4,7.43
34,23,4,7.15
35,23,4,7.29
36,23,4,7.29
37,23,4,9.77
38,23,4,6.74
39,23,4,8.15
40,23,4,6.93
41,23,4,7.75
42,23,4,5.76
43,23,4,7.98
44,23,4,6.33
45,23,4,7.68
46,23,4,6.02
47,23,4,6.09
48,23,4,6.77
49,23,4,7.19
50,23,4,6.9
51,23,4,8.13
52,23,4,8.53
53,23,4,7.81
54,23,4,8.15
55,23,4,7.28
56,23,4,7.22
57,23,4,6.61
58,23,4,8.48
59,23,4,7.94
60,23,4,9.35
61,23,4,7.77
62,23,4,8.08
63,23,4,8.28
64,23,4,9.69
65,23,4,9.23
66,23,4,8.62
67,23,4,7.45
68,23,4,7.76
69,23,4,8.15
70,23,4,9.58
71,23,4,9.03
72,23,4,9.33
73,23,4,7.73
74,23,4,9.82
75,23,4,7.25
76,23,4,8.08
77,23,4,8.48
78,23,4,8.3
79,23,4,8.01
80,23,4,7.0
81,23,4,7.02
82,23,4,7.63
83,23,4,8.98
84,23,4,7.91
85,23,4,7.51
86,23,4,9.23
87,23,4,8.51
88,23,4,6.74
89,23,4,6.05
90,23,4,5.53
91,23,4,7.91
92,23,4,6.29
93,23,4,7.74
94,23,4,5.95
95,23,4,6.7
96,23,4,8.28
97,23,4,7.45
98,23,4,6.46
99,23,4,8.05
0,24,4,7.22
1,24,4,6.81
2,24,4,6.09
3,24,4,6.17
4,24,4,7.85
5,24,4,6.03
6,24,4,6.97
7,24,4,9.23
8,24,4,7.96
9,24,4,7.8
10,24,4,7.91
11,24,4,5.96
12,24,4,6.8
13,24,4,7.96
14,24,4,7.13
15,24,4,6.96
16,24,4,8.28
17,24,4,6.83
18,24,4,5.36
19,24,4,7.7
20,24,4,8.61
21,24,4,8.55
22,24,4,9.46
23,24,4,7.05
24,24,4,7.35
25,24,4,7.98
26,24,4,7.7
27,24,4,7.85
28,24,4,7.6
29,24,4,6.81
30,24,4,8.11
31,24,4,7.87
32,24,4,7.11
33,24,4,8.17
34,24,4,5.0
35,24,4,7.08
36,24,4,6.17
37,24,4,7.29
38,24,4,7.03
39,24,4,7.01
40,24,4,5.79
41,24,4,7.84
42,24,4,6.76
43,24,4,6.12
44,24,4,7.54
45,24,4,6.57
46,24,4,6.65
47,24,4,8.03
48,24,4,6.14
49,24,4,6.3
50,24,4,7.02
51,24,4,7.03
52,24,4,7.14
53,24,4,7.45
54,24,4,8.21
55,24,4,7.6
56,24,4,6.34
57,24,4,8.31
58,24,4,8.03
59,24,4,6.56
60,24,4,7.17
61,24,4,7.9
62,24,4,9.31
63,24,4,7.89
64,24,4,9.91
65,24,4,9.3
66,24,4,9.95
67,24,4,8.4
68,24,4,8.48
69,24,4,8.51
70,24,4,9.02
71,24,4,9.11
72,24,4,9.18
73,24,4,10.45
74,24,4,9.35
75,24,4,9.78
76,24,4,7.96
77,24,4,8.56
78,24,4,10.68
79,24,4,7.88
80,24,4,6.77
81,24,4,7.83
82,24,4,8.58
83,24,4,8.18
84,24,4,6.04
85,24,4,6.08
86,24,4,7.7
87,24,4,6.89
88,24,4,7.93
89,24,4,7.46
90,24,4,7.91
91,24,4,7.1
92,24,4,7.32
93,24,4,8.16
94,24,4,8.2
95,24,4,7.04
96,24,4,6.67
97,24,4,7.24
98,24,4,7.65
99,24,4,7.93
0,25,4,5.83
1,25,4,6.63
2,25,4,7.06
3,25,4,5.64
4,25,4,4.57
5,25,4,7.8
6,25,4,7.52
7,25,4,6.36
8,25,4,6.01
9,25,4,8.37
10,25,4,9.01
11,25,4,6.76
12,25,4,7.43
13,25,4,5.87
14,25,4,5.76
15,25,4,7.31
16,25,4,7.15
17,25,4,7.46
18,25,4,6.8
19,25,4,7.86
20,25,4,7.33
21,25,4,5.99
22,25,4,6.86
23,25,4,7.79
24,25,4,6.26
25,25,4,7.76
26,25,4,7.8
27,25,4,7.33
28,25,4,7.76
29,25,4,6.94
30,25,4,7.03
31,25,4,7.36
32,25,4,6.67
33,25,4,7.62
34,25,4,6.27
35,25,4,7.48
36,25,4,6.59
37,25,4,6.72
38,25,4,7.12
39,25,4,8.76
40,25,4,7.52
41,25,4,8.19
42,25,4,6.75
43,25,4,8.36
44,25,4,7.58
45,25,4,6.6
46,25,4,6.14
47,25,4,8.11
48,25,4,7.75
49,25,4,6.43
50,25,4,7.17
51,25,4,8.44
52,25,4,6.62
53,25,4,7.6
54,25,4,5.87
55,25,4,5.32
56,25,4,9.0
57,25,4,7.09
58,25,4,8.49
59,25,4,7.1
60,25,4,8.03
61,25,4,8.99
62,25,4,7.2
63,25,4,8.22
64,25,4,8.7
65,25,4,9.2
66,25,4,9.08
67,25,4,8.32
68,25,4,9.02
69,25,4,9.92
70,25,4,9.68
71,25,4,9.93
72,25,4,9.93
73,25,4,10.21
74,25,4,10.58
75,25,4,10.46
76,25,4,6.95
77,25,4,8.71
78,25,4,10.11
79,25,4,10.17
80,25,4,7.73
81,25,4,7.2
82,25,4,10.22
83,25,4,6.14
84,25,4,6.87
85,25,4,8.08
86,25,4,7.05
87,25,4,7.12
88,25,4,7.13
89,25,4,8.48
90,25,4,6.29
91,25,4,6.67
92,25,4,6.47
93,25,4,7.69
94,25,4,7.61
95,25,4,5.28
96,25,4,7.15
97,25,4,6.3
98,25,4,7.62
99,25,4,6.91
0,26,4,6.08
1,26,4,8.1
2,26,4,7.26
3,26,4,5.36
4,26,4,7.06
5,26,4,6.56
6,26,4,8.11
7,26,4,6.33
8,26,4,7.8
9,26,4,8.65
10,26,4,6.02
11,26,4,8.55
12,26,4,8.84
13,26,4,5.71
14,26,4,7.24
15,26,4,6.36
16,26,4,6.33
17,26,4,7.41
18,26,4,6.99
19,26,4,7.67
20,26,4,7.13
21,26,4,6.38
22,26,4,7.42
23,26,4,6.67
24,26,4,5.97
25,26,4,7.9
26,26,4,7.55
27,26,4,8.17
28,26,4,6.68
29,26,4,6.64
30,26,4,7.37
31,26,4,7.61
32,26,4,8.17
33,26,4,5.61
34,26,4,8.73
35,26,4,5.4
36,26,4,7.43
37,26,4,7.37
38,26,4,7.4
39,26,4,8.48
40,26,4,7.6
41,26,4,8.02
42,26,4,8.84
43,26,4,7.04
44,26,4,9.88
45,26,4,8.53
46,26,4,7.87
47,26,4,7.05
48,26,4,5.99
49,26,4,7.08
50,26,4,6.32
51,26,4,7.37
52,26,4,7.36
53,26,4,5.78
54,26,4,7.39
55,26,4,7.44
56,26,4,6.73
57,26,4,7.55
58,26,4,8.64
59,26,4,6.81
60,26,4,9.85
61,26,4,8.5
62,26,4,7.81
63,26,4,9.68
64,26,4,7.87
65,26,4,9.63
66,26,4,11.28
67,26,4,8.86
68,26,4,8.02
69,26,4,9.7
70,26,4,9.79
71,26,4,7.41
72,26,4,8.3
73,26,4,8.27
74,26,4,10.25
75,26,4,8.62
76,26,4,7.32
77,26,4,8.32
78,26,4,7.51
79,26,4,9.81
80,26,4,7.05
81,26,4,8.04
82,26,4,8.73
83,26,4,8.66
84,26,4,8.98
85,26,4,6.73
86,26,4,6.23
87,26,4,5.45
88,26,4,6.37
89,26,4,6.88
90,26,4,8.84
91,26,4,8.79
92,26,4,7.71
93,26,4,7.69
94,26,4,7.91
95,26,4,6.6
96,26,4,6.7
97,26,4,7.35
98,26,4,5.85
99,26,4,6.76
0,27,4,8.49
1,27,4,8.73
2,27,4,6.55
3,27,4,7.0
4,27,4,7.1
5,27,4,6.83
6,27,4,8.1
7,27,4,7.74
8,27,4,7.36
9,27,4,7.74
10,27,4,7.43
11,27,4,6.46
12,27,4,7.0
13,27,4,7.23
14,27,4,7.64
15,27,4,7.07
16,27,4,6.63
17,27,4,8.33
18,27,4,5.99
19,27,4,6.69
20,27,4,8.6
21,27,4,7.91
22,27,4,8.28
23,27,4,8.31
24,27,4,6.9
25,27,4,8.56
26,27,4,7.83
27,27,4,8.18
28,27,4,8.59
29,27,4,7.87
30,27,4,7.16
31,27,4,6.06
32,27,4,6.39
33,27,4,7.26
34,27,4,6.25
35,27,4,8.82
36,27,4,7.89
37,27,4,6.82
38,27,4,6.98
39,27,4,5.82
40,27,4,9.36
41,27,4,5.81
42,27,4,7.76
43,27,4,6.76
44,27,4,8.39
45,27,4,7.76
46,27,4,5.55
47,27,4,7.94
48,27,4,7.96
49,27,4,7.31
50,27,4,7.51
51,27,4,6.75
52,27,4,6.64
53,27,4,7.05
54,27,4,7.77
55,27,4,6.95
56,27,4,8.51
57,27,4,5.75
58,27,4,8.7
59,27,4,6.97
60,27,4,9.52
61,27,4,8.23
62,27,4,7.81
63,27,4,9.94
64,27,4,9.42
65,27,4,9.8
66,27,4,10.07
67,27,4,8.67
68,27,4,10.12
69,27,4,9.29
70,27,4,8.77
71,27,4,10.3
72,27,4,7.89
73,27,4,10.98
74,27,4,8.8
75,27,4,9.46
76,27,4,9.0
77,27,4,9.26
78,27,4,8.39
79,27,4,9.16
80,27,4,8.33
81,27,4,7.65
82,27,4,7.91
83,27,4,9.21
84,27,4,8.41
85,27,4,7.1
86,27,4,8.75
87,27,4,5.8
88,27,4,7.64
89,27,4,8.61
90,27,4,6.73
91,27,4,7.78
92,27,4,9.41
93,27,4,7.86
94,27,4,7.03
95,27,4,6.83
96,27,4,6.43
97,27,4,5.4
98,27,4,5.3
99,27,4,7.09
0,28,4,7.21
1,28,4,8.79
2,28,4,7.27
3,28,4,7.14
4,28,4,7.5
5,28,4,7.8
6,28,4,7.58
7,28,4,7.58
8,28,4,6.97
9,28,4,6.82
10,28,4,8.01
11,28,4,6.13
12,28,4,6.44
13,28,4,8.29
14,28,4,8.36
15,28,4,6.56
16,28,4,7.16
17,28,4,7.3
18,28,4,8.01
19,28,4,8.09
20,28,4,8.36
21,28,4,8.44
22,28,4,8.92
23,28,4,8.54
24,28,4,7.24
25,28,4,6.25
26,28,4,7.06
27,28,4,6.54
28,28,4,7.32
29,28,4,6.9
30,28,4,7.9
31,28,4,5.67
32,28,4,7.19
33,28,4,7.61
34,28,4,6.38
35,28,4,6.0
36,28,4,7.83
37,28,4,7.42
38,28,4,7.79
39,28,4,7.49
40,28,4,7.75
41,28,4,6.55
42,28,4,8.18
43,28,4,6.09
44,28,4,6.83
45,28,4,6.67
46,28,4,8.0
47,28,4,8.23
48,28,4,7.8
49,28,4,6.98
50,28,4,6.8
51,28,4,7.2
52,28,4,6.88
53,28,4,8.02
54,28,4,6.81
55,28,4,7.39
56,28,4,5.57
57,28,4,7.22
58,28,4,9.07
59,28,4,9.37
60,28,4,7.96
61,28,4,10.33
62,28,4,10.18
63,28,4,9.16
64,28,4,10.4
65,28,4,10.86
66,28,4,9.74
67,28,4,8.46
68,28,4,10.06
69,28,4,10.69
70,28,4,9.51
71,28,4,8.01
72,28,4,10.35
73,28,4,9.55
74,28,4,9.88
75,28,4,8.37
76,28,4,8.11
77,28,4,8.07
78,28,4,7.53
79,28,4,8.55
80,28,4,7.46
81,28,4,9.13
82,28,4,7.92
83,28,4,9.1
84,28,4,8.31
85,28,4,6.77
86,28,4,6.75
87,28,4,5.83
88,28,4,7.67
89,28,4,6.44
90,28,4,5.67
91,28,4,7.94
92,28,4,5.97
93,28,4,6.71
94,28,4,7.34
95,28,4,7.89
96,28,4,7.46
97,28,4,7.82
98,28,4,6.82
99,28,4,5.8
0,29,4,7.44
1,29,4,6.54
2,29,4,5.25
3,29,4,6.7
4,29,4,9.58
5,29,4,7.62
6,29,4,6.12
7,29,4,7.65
8,29,4,7.38
9,29,4,7.38
10,29,4,8.44
11,29,4,6.35
12,29,4,6.67
13,29,4,7.1
14,29,4,7.74
15,29,4,6.2
16,29,4,6.19
17,29,4,7.95
18,29,4,7.53
19,29,4,7.88
20,29,4,6.8
21,29,4,6.69
22,29,4,6.74
23,29,4,8.19
24,29,4,7.47
25,29,4,7.71
26,29,4,5.93
27,29,4,6.77
28,29,4,8.09
29,29,4,9.27
30,29,4,7.15
31,29,4,8.57
32,29,4,7.93
33,29,4,7.57
34,29,4,8.49
35,29,4,7.53
36,29,4,8.76
37,29,4,6.45
38,29,4,7.03
39,29,4,7.67
40,29,4,7.26
41,29,4,7.06
42,29,4,7.62
43,29,4,6.22
44,29,4,6.2
45,29,4,7.31
46,29,4,6.96
47,29,4,8.13
48,29,4,7.09
49,29,4,6.73
50,29,4,5.67
51,29,4,6.86
52,29,4,8.02
53,29,4,7.62
54,29,4,8.15
55,29,4,6.92
56,29,4,7.84
57,29,4,7.08
58,29,4,7.24
59,29,4,7.45
60,29,4,8.26
61,29,4,9.34
62,29,4,9.46
63,29,4,8.5
64,29,4,8.93
65,29,4,7.12
66,29,4,10.08
67,29,4,10.81
68,29,4,11.43
69,29,4,9.7
70,29,4,9.02
71,29,4,10.6
72,29,4,9.21
73,29,4,10.8
74,29,4,9.4
75,29,4,8.73
76,29,4,8.62
77,29,4,9.26
78,29,4,8.4
79,29,4,8.86
80,29,4,8.78
81,29,4,7.09
82,29,4,8.09
83,29,4,9.28
84,29,4,7.05
85,29,4,7.0
86,29,4,6.97
87,29,4,6.78
88,29,4,7.46
89,29,4,7.09
90,29,4,8.38
91,29,4,7.14
92,29,4,7.51
93,29,4,5.8
94,29,4,8.19
95,29,4,8.19
96,29,4,5.71
97,29,4,7.08
98,29,4,6.96
99,29,4,8.03
0,30,4,6.41
1,30,4,7.2
2,30,4,8.26
3,30,4,7.49
4,30,4,7.44
5,30,4,7.5
6,30,4,7.39
7,30,4,6.93
8,30,4,6.75
9,30,4,7.92
10,30,4,7.51
11,30,4,7.43
12,30,4,7.45
13,30,4,8.91
14,30,4,7.15
15,30,4,8.57
16,30,4,7.77
17,30,4,7.48
18,30,4,8.54
19,30,4,6.39
20,30,4,7.45
21,30,4,8.2
22,30,4,8.19
23,30,4,6.53
24,30,4,6.65
25,30,4,5.92
26,30,4,9.85
27,30,4,6.25
28,30,4,6.96
29,30,4,8.03
30,30,4,8.35
31,30,4,7.85
32,30,4,8.49
33,30,4,8.22
34,30,4,5.5
35,30,4,7.72
36,30,4,6.52
37,30,4,7.06
38,30,4,7.73
39,30,4,5.39
40,30,4,5.54
41,30,4,8.49
42,30,4,5.89
43,30,4,7.07
44,30,4,9.18
45,30,4,6.84
46,30,4,7.36
47,30,4,6.85
48,30,4,6.8
49,30,4,7.51
50,30,4,6.01
51,30,4,6.62
52,30,4,9.23
53,30,4,7.24
54,30,4,6.78
55,30,4,5.93
56,30,4,7.07
57,30,4,8.44
58,30,4,7.28
59,30,4,8.24
60,30,4,7.84
61,30,4,8.6
62,30,4,10.57
63,30,4,9.65
64,30,4,9.95
65,30,4,10.17
66,30,4,10.8
67,30,4,9.97
68,30,4,10.4
69,30,4,9.46
70,30,4,11.01
71,30,4,10.04
72,30,4,10.45
73,30,4,9.54
74,30,4,9.09
75,30,4,10.64
76,30,4,8.48
77,30,4,9.01
78,30,4,8.52
79,30,4,8.05
80,30,4,7.83
81,30,4,9.16
82,30,4,8.43
83,30,4,8.85
84,30,4,7.49
85,30,4,8.32
86,30,4,8.55
87,30,4,7.2
88,30,4,7.57
89,30,4,8.81
90,30,4,7.2
91,30,4,7.6
92,30,4,6.33
93,30,4,7.0
94,30,4,8.22
95,30,4,7.33
96,30,4,7.89
97,30,4,7.96
98,30,4,7.01
99,30,4,8.52
0,31,4,7.56
1,31,4,7.09
2,31,4,8.75
3,31,4,6.91
4,31,4,7.05
5,31,4,6.35
6,31,4,8.66
7,31,4,5.96
8,31,4,6.78
9,31,4,6.75
10,31,4,8.02
11,31,4,7.77
12,31,4,6.19
13,31,4,8.19
14,31,4,6.3
15,31,4,8.35
16,31,4,8.28
17,31,4,8.51
18,31,4,7.75
19,31,4,7.78
20,31,4,7.75
21,31,4,7.36
22,31,4,7.53
23,31,4,7.51
24,31,4,8.35
25,31,4,6.7
26,31,4,8.29
27,31,4,5.52
28,31,4,7.74
29,31,4,6.67
30,31,4,6.51
31,31,4,8.91
32,31,4,7.35
33,31,4,8.37
34,31,4,6.79
35,31,4,7.4
36,31,4,6.61
37,31,4,7.64
38,31,4,8.41
39,31,4,7.15
40,31,4,6.04
41,31,4,7.7
42,31,4,6.65
43,31,4,6.66
44,31,4,8.39
45,31,4,6.82
46,31,4,6.41
47,31,4,7.03
48,31,4,6.86
49,31,4,6.84
50,31,4,6.05
51,31,4,6.85
52,31,4,6.69
53,31,4,6.5
54,31,4,7.49
55,31,4,6.04
56,31,4,6.79
57,31,4,7.87
58,31,4,8.35
59,31,4,7.74
60,31,4,7.48
61,31,4,9.87
62,31,4,9.76
63,31,4,10.57
64,31,4,10.32
65,31,4,9.33
66,31,4,10.79
67,31,4,8.87
68,31,4,11.36
69,31,4,7.99
70,31,4,9.75
71,31,4,11.36
72,31,4,9.92
73,31,4,10.46
74,31,4,8.87
75,31,4,8.94
76,31,4,9.99
77,31,4,8.87
78,31,4,9.63
79,31,4,7.01
80,31,4,7.19
81,31,4,8.79
82,31,4,9.1
83,31,4,6.53
84,31,4,7.81
85,31,4,8.08
86,31,4,7.55
87,31,4,7.99
88,31,4,7.89
89,31,4,6.74
90,31,4,7.93
91,31,4,8.08
92,31,4,6.94
93,31,4,6.43
94,31,4,6.42
95,31,4,8.99
96,31,4,7.7
97,31,4,7.0
98,31,4,7.68
99,31,4,6.84
0,32,4,6.71
1,32,4,6.14
2,32,4,6.05
3,32,4,8.75
4,32,4,6.5
5,32,4,6.71
6,32,4,5.51
7,32,4,8.74
8,32,4,6.82
9,32,4,9.45
10,32,4,6.3
11,32,4,8.19
12,32,4,7.77
13,32,4,6.91
14,32,4,5.84
15,32,4,8.52
16,32,4,6.96
17,32,4,5.15
18,32,4,6.32
19,32,4,7.88
20,32,4,5.63
21,32,4,6.56
22,32,4,6.94
23,32,4,5.99
24,32,4,8.13
25,32,4,7.8
26,32,4,7.38
27,32,4,6.91
28,32,4,7.39
29,32,4,5.87
30,32,4,6.96
31,32,4,5.84
32,32,4,6.17
33,32,4,6.36
34,32,4,7.18
35,32,4,7.02
36,32,4,7.12
37,32,4,6.49
38,32,4,8.36
39,32,4,6.67
40,32,4,7.34
41,32,4,6.35
42,32,4,7.6
43,32,4,6.24
44,32,4,6.71
45,32,4,7.68
46,32,4,6.59
47,32,4,8.14
48,32,4,7.9
49,32,4,6.93
50,32,4,6.05
51,32,4,8.12
52,32,4,7.89
53,32,4,8.2
54,32,4,8.73
55,32,4,7.24
56,32,4,6.63
57,32,4,6.62
58,32,4,9.21
59,32,4,8.71
60,32,4,8.53
61,32,4,9.12
62,32,4,8.26
63,32,4,8.69
64,32,4,8.19
65,32,4,9.3
66,32,4,9.14
67,32,4,9.73
68,32,4,10.91
69,32,4,7.86
70,32,4,9.67
71,32,4,8.62
72,32,4,9.73
73,32,4,10.55
74,32,4,9.49
75,32,4,8.47
76,32,4,8.89
77,32,4,8.45
78,32,4,9.41
79,32,4,7.75
80,32,4,8.11
81,32,4,8.51
82,32,4,8.91
83,32,4,6.81
84,32,4,7.55
85,32,4,6.95
86,32,4,8.93
87,32,4,8.96
88,32,4,7.32
89,32,4,7.11
90,32,4,5.13
91,32,4,6.28
92,32,4,7.26
93,32,4,6.35
94,32,4,6.55
95,32,4,7.32
96,32,4,5.93
97,32,4,8.59
98,32,4,8.56
99,32,4,7.54
0,33,4,6.25
1,33,4,8.57
2,33,4,6.29
3,33,4,6.85
4,33,4,6.11
5,33,4,5.87
6,33,4,6.89
7,33,4,6.96
8,33,4,6.84
9,33,4,7.93
10,33,4,6.13
11,33,4,6.2
12,33,4,7.15
13,33,4,7.62
14,33,4,5.95
15,33,4,6.61
16,33,4,8.23
17,33,4,6.75
18,33,4,6.67
19,33,4,6.5
20,33,4,8.46
21,33,4,7.65
22,33,4,6.01
23,33,4,7.23
24,33,4,6.42
25,33,4,9.08
26,33,4,7.49
27,33,4,5.96
28,33,4,7.61
29,33,4,5.35
30,33,4,7.1
31,33,4,7.01
32,33,4,7.86
33,33,4,8.24
34,33,4,7.71
35,33,4,7.32
36,33,4,6.17
37,33,4,7.43
38,33,4,8.01
39,33,4,7.19
40,33,4,5.92
41,33,4,6.71
42,33,4,7.76
43,33,4,8.66
44,33,4,6.23
45,33,4,8.89
46,33,4,7.42
47,33,4,7.44
48,33,4,7.33
49,33,4,6.07
50,33,4,6.75
51,33,4,6.87
52,33,4,7.17
53,33,4,5.88
54,33,4,6.19
55,33,4,7.58
56,33,4,7.2
57,33,4,6.24
58,33,4,7.61
59,33,4,7.52
60,33,4,10.44
61,33,4,10.22
62,33,4,10.69
63,33,4,8.48
64,33,4,7.08
65,33,4,9.33
66,33,4,8.9
67,33,4,9.77
68,33,4,10.16
69,33,4,10.4
70,33,4,11.65
71,33,4,8.82
72,33,4,8.87
73,33,4,10.16
74,33,4,8.07
75,33,4,9.86
76,33,4,10.37
77,33,4,8.6
78,33,4,7.98
79,33,4,10.5
80,33,4,7.08
81,33,4,7.39
82,33,4,6.88
83,33,4,8.12
84,33,4,7.39
85,33,4,7.22
86,33,4,7.46
87,33,4,7.09
88,33,4,8.21
89,33,4,7.34
90,33,4,7.41
91,33,4,6.98
92,33,4,6.14
93,33,4,8.36
94,33,4,8.32
95,33,4,6.26
96,33,4,7.33
97,33,4,8.61
98,33,4,8.11
99,33,4,6.99
0,34,4,7.59
1,34,4,7.35
2,34,4,7.46
3,34,4,6.69
4,34,4,7.45
5,34,4,6.6
6,34,4,9.45
7,34,4,7.37
8,34,4,7.11
9,34,4,7.89
10,34,4,5.42
11,34,4,7.59
12,34,4,6.15
13,34,4,7.95
14,34,4,7.48
15,34,4,8.0
16,34,4,7.97
17,34,4,8.4
18,34,4,8.25
19,34,4,7.34
20,34,4,6.54
21,34,4,6.61
22,34,4,7.86
23,34,4,7.49
24,34,4,6.0
25,34,4,6.08
26,34,4,7.99
27,34,4,8.82
28,34,4,7.22
29,34,4,8.41
30,34,4,6.28
31,34,4,7.18
32,34,4,5.81
33,34,4,7.36
34,34,4,8.09
35,34,4,8.46
36,34,4,7.29
37,34,4,7.47
38,34,4,7.28
39,34,4,6.98
40,34,4,7.4
41,34,4,7.52
42,34,4,8.72
43,34,4,7.61
44,34,4,6.7
45,34,4,7.84
46,34,4,6.21
47,34,4,8.67
48,34,4,7.14
49,34,4,6.37
50,34,4,7.07
51,34,4,7.62
52,34,4,7.36
53,34,4,6.79
54,34,4,9.75
55,34,4,6.34
56,34,4,8.33
57,34,4,7.19
58,34,4,7.81
59,34,4,8.56
60,34,4,8.1
61,34,4,10.18
62,34,4,9.82
63,34,4,8.25
64,34,4,9.62
65,34,4,10.84
66,34,4,10.98
67,34,4,9.67
68,34,4,9.52
69,34,4,10.21
70,34,4,9.77
71,34,4,9.12
72,34,4,9.6
73,34,4,10.4
74,34,4,9.69
75,34,4,8.65
76,34,4,8.83
77,34,4,8.89
78,34,4,9.43
79,34,4,8.03
80,34,4,10.0
81,34,4,8.0
82,34,4,8.8
83,34,4,7.51
84,34,4,7.66
85,34,4,8.19
86,34,4,7.05
87,34,4,6.25
88,34,4,6.4
89,34,4,6.91
90,34,4,6.23
91,34,4,8.02
92,34,4,7.19
93,34,4,7.34
94,34,4,6.41
95,34,4,7.57
96,34,4,8.5
97,34,4,8.52
98,34,4,6.77
99,34,4,6.55
0,35,4,6.75
1,35,4,7.01
2,35,4,8.64
3,35,4,5.13
4,35,4,6.14
5,35,4,6.23
6,35,4,9.04
7,35,4,7.6
8,35,4,7.71
9,35,4,7.8
10,35,4,5.78
11,35,4,8.74
12,35,4,6.55
13,35,4,8.77
14,35,4,7.62
15,35,4,7.19
16,35,4,6.04
17,35,4,7.41
18,35,4,8.32
19,35,4,7.92
20,35,4,5.86
21,35,4,7.13
22,35,4,7.13
23,35,4,8.12
24,35,4,7.81
25,35,4,6.72
26,35,4,8.3
27,35,4,6.36
28,35,4,7.15
29,35,4,7.14
30,35,4,6.9
31,35,4,6.71
32,35,4,6.59
33,35,4,6.92
34,35,4,5.91
35,35,4,7.06
36,35,4,3.86
37,35,4,7.84
38,35,4,7.54
39,35,4,7.39
40,35,4,8.92
41,35,4,8.66
42,35,4,8.61
43,35,4,6.88
44,35,4,5.11
45,35,4,6.74
46,35,4,7.03
47,35,4,8.63
48,35,4,8.52
49,35,4,7.08
50,35,4,9.21
51,35,4,7.23
52,35,4,7.03
53,35,4,8.29
54,35,4,7.85
55,35,4,5.41
56,35,4,7.13
57,35,4,8.98
58,35,4,8.83
59,35,4,7.71
60,35,4,6.74
61,35,4,10.37
62,35,4,9.35
63,35,4,10.89
64,35,4,9.83
65,35,4,8.96
66,35,4,9.11
67,35,4,9.56
68,35,4,9.52
69,35,4,9.95
70,35,4,10.11
71,35,4,9.72
72,35,4,8.16
73,35,4,8.92
74,35,4,7.88
75,35,4,9.83
76,35,4,8.84
77,35,4,8.08
78,35,4,8.26
79,35,4,8.77
80,35,4,9.61
81,35,4,8.24
82,35,4,7.46
83,35,4,8.98
84,35,4,8.29
85,35,4,5.51
86,35,4,7.03
87,35,4,5.79
88,35,4,6.68
89,35,4,7.27
90,35,4,5.99
91,35,4,5.82
92,35,4,7.97
93,35,4,7.43
94,35,4,6.96
95,35,4,6.92
96,35,4,7.24
97,35,4,7.67
98,35,4,6.97
99,35,4,7.88
0,36,4,7.27
1,36,4,6.16
2,36,4,7.49
3,36,4,8.0
4,36,4,7.03
5,36,4,7.91
6,36,4,7.9
7,36,4,8.18
8,36,4,8.05
9,36,4,7.42
10,36,4,6.78
11,36,4,7.5
12,36,4,7.89
13,36,4,7.0
14,36,4,8.39
15,36,4,7.51
16,36,4,5.34
17,36,4,7.05
18,36,4,6.37
19,36,4,6.76
20,36,4,6.24
21,36,4,6.35
22,36,4,8.07
23,36,4,7.95
24,36,4,7.95
25,36,4,7.63
26,36,4,5.5
27,36,4,7.24
28,36,4,7.59
29,36,4,5.34
30,36,4,8.43
31,36,4,7.29
32,36,4,6.99
33,36,4,7.17
34,36,4,6.74
35,36,4,6.76
36,36,4,6.51
37,36,4,5.63
38,36,4,7.75
39,36,4,8.99
40,36,4,7.25
41,36,4,6.81
42,36,4,8.3
43,36,4,6.45
44,36,4,9.03
45,36,4,8.34
46,36,4,8.18
47,36,4,6.87
48,36,4,6.75
49,36,4,7.91
50,36,4,8.65
51,36,4,6.87
52,36,4,8.87
53,36,4,6.33
54,36,4,7.42
55,36,4,8.05
56,36,4,8.08
57,36,4,7.07
58,36,4,7.41
59,36,4,9.08
60,36,4,9.78
61,36,4,8.85
62,36,4,8.74
63,36,4,9.81
64,36,4,7.05
65,36,4,8.68
66,36,4,9.37
67,36,4,9.15
68,36,4,8.47
69,36,4,9.77
70,36,4,8.58
71,36,4,9.11
72,36,4,9.65
73,36,4,10.85
74,36,4,11.75
75,36,4,9.95
76,36,4,8.91
77,36,4,9.14
78,36,4,6.67
79,36,4,7.89
80,36,4,8.87
81,36,4,7.51
82,36,4,9.79
83,36,4,7.53
84,36,4,7.89
85,36,4,7.1
86,36,4,6.84
87,36,4,7.6
88,36,4,6.9
89,36,4,8.37
90,36,4,5.64
91,36,4,7.1
92,36,4,8.16
93,36,4,7.94
94,36,4,6.27
95,36,4,7.09
96,36,4,7.36
97,36,4,6.43
98,36,4,8.86
99,36,4,6.52
0,37,4,7.33
1,37,4,8.44
2,37,4,8.62
3,37,4,8.42
4,37,4,8.22
5,37,4,9.35
6,37,4,7.55
7,37,4,8.44
8,37,4,7.34
9,37,4,7.8
10,37,4,6.53
11,37,4,5.72
12,37,4,8.16
13,37,4,6.8
14,37,4,6.78
15,37,4,6.17
16,37,4,8.37
17,37,4,7.55
18,37,4,5.67
19,37,4,6.93
20,37,4,7.18
21,37,4,5.93
22,37,4,7.01
23,37,4,5.64
24,37,4,8.0
25,37,4,9.73
26,37,4,7.56
27,37,4,7.2
28,37,4,9.11
29,37,4,8.97
30,37,4,7.75
31,37,4,5.35
32,37,4,7.7
33,37,4,5.86
34,37,4,7.56
35,37,4,6.52
36,37,4,7.51
37,37,4,7.49
38,37,4,8.45
39,37,4,6.98
40,37,4,5.23
41,37,4,7.55
42,37,4,9.16
43,37,4,6.83
44,37,4,6.06
45,37,4,5.68
46,37,4,8.23
47,37,4,5.38
48,37,4,7.94
49,37,4,7.26
50,37,4,7.36
51,37,4,7.72
52,37,4,6.82
53,37,4,7.47
54,37,4,7.94
55,37,4,7.92
56,37,4,8.02
57,37,4,6.82
58,37,4,6.7
59,37,4,7.31
60,37,4,8.06
61,37,4,9.12
62,37,4,7.87
63,37,4,8.78
64,37,4,7.73
65,37,4,11.46
66,37,4,9.67
67,37,4,10.69
68,37,4,8.98
69,37,4,9.88
70,37,4,10.49
71,37,4,9.25
72,37,4,9.08
73,37,4,8.69
74,37,4,10.26
75,37,4,10.04
76,37,4,8.89
77,37,4,6.54
78,37,4,8.85
79,37,4,8.95
80,37,4,8.15
81,37,4,7.44
82,37,4,7.49
83,37,4,7.46
84,37,4,7.22
85,37,4,7.85
86,37,4,8.18
87,37,4,6.42
88,37,4,7.54
89,37,4,9.67
90,37,4,7.4
91,37,4,7.68
92,37,4,7.25
93,37,4,6.64
94,37,4,7.94
95,37,4,6.69
96,37,4,6.07
97,37,4,6.33
98,37,4,6.21
99,37,4,6.06
0,38,4,9.19
1,38,4,8.62
2,38,4,7.69
3,38,4,5.87
4,38,4,9.05
5,38,4,6.7
6,38,4,6.7
7,38,4,7.52
8,38,4,6.16
9,38,4,7.04
10,38,4,6.36
11,38,4,8.21
12,38,4,7.23
13,38,4,7.15
14,38,4,8.21
15,38,4,6.27
16,38,4,7.51
17,38,4,7.62
18,38,4,7.04
19,38,4,7.62
20,38,4,6.14
21,38,4,7.33
22,38,4,6.28
23,38,4,7.94
24,38,4,7.2
25,38,4,8.65
26,38,4,8.03
27,38,4,6.85
28,38,4,7.6
29,38,4,7.63
30,38,4,8.1
31,38,4,7.48
32,38,4,8.64
33,38,4,6.62
34,38,4,7.96
35,38,4,7.21
36,38,4,7.72
37,38,4,7.36
38,38,4,6.9
39,38,4,7.94
40,38,4,6.23
41,38,4,7.49
42,38,4,7.23
43,38,4,7.37
44,38,4,5.36
45,38,4,7.22
46,38,4,8.36
47,38,4,6.52
48,38,4,7.34
49,38,4,7.85
50,38,4,7.2
51,38,4,7.15
52,38,4,6.98
53,38,4,8.45
54,38,4,7.21
55,38,4,8.75
56,38,4,8.99
57,38,4,7.62
58,38,4,7.02
59,38,4,6.69
60,38,4,7.7
61,38,4,7.97
62,38,4,9.92
63,38,4,10.24
64,38,4,10.03
65,38,4,11.49
66,38,4,8.9
67,38,4,7.25
68,38,4,7.82
69,38,4,8.25
70,38,4,9.13
71,38,4,8.38
72,38,4,8.37
73,38,4,7.9
74,38,4,8.54
75,38,4,9.82
76,38,4,9.98
77,38,4,7.69
78,38,4,9.37
79,38,4,8.21
80,38,4,7.21
81,38,4,7.79
82,38,4,7.09
83,38,4,7.43
84,38,4,8.06
85,38,4,8.01
86,38,4,4.91
87,38,4,6.84
88,38,4,8.42
89,38,4,6.55
90,38,4,8.03
91,38,4,7.0
92,38,4,7.86
93,38,4,7.93
94,38,4,9.1
95,38,4,8.89
96,38,4,8.32
97,38,4,6.66
98,38,4,8.14
99,38,4,7.69
0,39,4,6.51
1,39,4,6.34
2,39,4,7.83
3,39,4,6.86
4,39,4,6.33
5,39,4,6.33
6,39,4,8.68
7,39,4,7.85
8,39,4,8.2
9,39,4,8.83
10,39,4,8.42
11,39,4,5.71
12,39,4,7.31
13,39,4,7.68
14,39,4,7.42
15,39,4,7.73
16,39,4,7.22
17,39,4,6.7
18,39,4,6.7
19,39,4,7.64
20,39,4,7.53
21,39,4,7.14
22,39,4,7.79
23,39,4,9.74
24,39,4,7.59
25,39,4,6.71
26,39,4,7.98
27,39,4,5.98
28,39,4,7.01
29,39,4,7.23
30,39,4,6.74
31,39,4,9.07
32,39,4,7.15
33,39,4,7.59
34,39,4,7.42
35,39,4,7.33
36,39,4,7.32
37,39,4,7.99
38,39,4,7.09
39,39,4,7.37
40,39,4,7.93
41,39,4,7.29
42,39,4,7.75
43,39,4,7.02
44,39,4,5.99
45,39,4,6.38
46,39,4,8.58
47,39,4,7.08
48,39,4,7.6
49,39,4,7.46
50,39,4,7.13
51,39,4,6.66
52,39,4,8.01
53,39,4,8.31
54,39,4,6.46
55,39,4,9.49
56,39,4,7.04
57,39,4,8.39
58,39,4,7.64
59,39,4,7.95
60,39,4,6.99
61,39,4,8.43
62,39,4,9.35
63,39,4,8.04
64,39,4,8.48
65,39,4,8.2
66,39,4,8.52
67,39,4,8.73
68,39,4,9.34
69,39,4,8.45
70,39,4,9.9
71,39,4,9.74
72,39,4,9.75
73,39,4,8.27
74,39,4,8.06
75,39,4,8.93
76,39,4,6.93
77,39,4,8.45
78,39,4,8.26
79,39,4,5.33
80,39,4,6.91
81,39,4,6.87
82,39,4,7.08
83,39,4,8.39
84,39,4,8.34
85,39,4,8.59
86,39,4,7.01
87,39,4,7.04
88,39,4,7.94
89,39,4,6.91
90,39,4,7.69
91,39,4,7.32
92,39,4,6.9
93,39,4,8.21
94,39,4,7.64
95,39,4,7.15
96,39,4,6.72
97,39,4,6.98
98,39,4,9.02
99,39,4,8.45
0,40,4,6.11
1,40,4,7.1
2,40,4,6.97
3,40,4,5.63
4,40,4,7.92
5,40,4,7.6
6,40,4,5.91
7,40,4,7.13
8,40,4,6.76
9,40,4,7.87
10,40,4,7.14
11,40,4,7.29
12,40,4,6.18
13,40,4,9.6
14,40,4,7.7
15,40,4,8.05
16,40,4,7.33
17,40,4,7.39
18,40,4,8.02
19,40,4,8.92
20,40,4,8.23
21,40,4,6.8
22,40,4,7.92
23,40,4,7.39
24,40,4,8.3
25,40,4,7.41
26,40,4,7.27
27,40,4,6.41
28,40,4,5.96
29,40,4,6.97
30,40,4,8.28
31,40,4,7.97
32,40,4,8.21
33,40,4,7.47
34,40,4,5.89
35,40,4,5.56
36,40,4,6.44
37,40,4,5.89
38,40,4,7.94
39,40,4,5.98
40,40,4,7.79
41,40,4,7.29
42,40,4,7.56
43,40,4,6.63
44,40,4,7.09
45,40,4,4.97
46,40,4,7.18
47,40,4,6.22
48,40,4,7.11
49,40,4,6.38
50,40,4,6.42
51,40,4,7.02
52,40,4,7.02
53,40,4,7.86
54,40,4,8.23
55,40,4,8.57
56,40,4,7.78
57,40,4,7.37
58,40,4,7.88
59,40,4,6.74
60,40,4,8.11
61,40,4,7.46
62,40,4,8.94
63,40,4,7.98
64,40,4,7.95
65,40,4,8.91
66,40,4,8.64
67,40,4,7.89
68,40,4,8.28
69,40,4,8.7
70,40,4,8.66
71,40,4,8.29
72,40,4,9.63
73,40,4,8.78
74,40,4,8.68
75,40,4,9.62
76,40,4,8.63
77,40,4,8.83
78,40,4,7.29
79,40,4,7.46
80,40,4,8.27
81,40,4,7.48
82,40,4,7.5
83,40,4,6.69
84,40,4,8.07
85,40,4,8.06
86,40,4,6.14
87,40,4,8.87
88,40,4,6.03
89,40,4,7.39
90,40,4,5.92
91,40,4,8.31
92,40,4,6.73
93,40,4,7.49
94,40,4,7.28
95,40,4,7.63
96,40,4,9.1
97,40,4,6.69
98,40,4,8.66
99,40,4,7.83
0,41,4,7.7
1,41,4,7.34
2,41,4,8.18
3,41,4,6.66
4,41,4,6.78
5,41,4,7.31
6,41,4,7.08
7,41,4,4.86
8,41,4,7.87
9,41,4,6.39
10,41,4,6.15
11,41,4,6.57
12,41,4,7.52
13,41,4,7.92
14,41,4,7.26
15,41,4,7.6
16,41,4,7.54
17,41,4,6.77
18,41,4,8.28
19,41,4,8.75
20,41,4,8.22
21,41,4,4.73
22,41,4,8.21
23,41,4,7.71
24,41,4,5.22
25,41,4,6.76
26,41,4,7.22
27,41,4,8.21
28,41,4,8.06
29,41,4,7.09
30,41,4,6.48
31,41,4,7.2
32,41,4,8.25
33,41,4,7.0
34,41,4,6.13
35,41,4,6.73
36,41,4,8.48
37,41,4,7.56
38,41,4,6.87
39,41,4,7.57
40,41,4,7.16
41,41,4,6.64
42,41,4,7.07
43,41,4,7.46
44,41,4,7.67
45,41,4,5.91
46,41,4,7.87
47,41,4,8.0
48,41,4,7.66
49,41,4,8.09
50,41,4,6.8
51,41,4,8.09
52,41,4,7.89
53,41,4,7.03
54,41,4,7.77
55,41,4,5.64
56,41,4,7.55
57,41,4,5.92
58,41,4,7.55
59,41,4,8.27
60,41,4,6.03
61,41,4,7.63
62,41,4,5.89
63,41,4,8.46
64,41,4,6.53
65,41,4,9.52
66,41,4,8.54
67,41,4,8.1
68,41,4,9.27
69,41,4,7.29
70,41,4,9.27
71,41,4,9.43
72,41,4,7.53
73,41,4,8.44
74,41,4,6.18
75,41,4,9.67
76,41,4,7.43
77,41,4,7.78
78,41,4,6.8
79,41,4,6.6
80,41,4,7.22
81,41,4,7.75
82,41,4,7.49
83,41,4,7.23
84,41,4,8.19
85,41,4,7.43
86,41,4,7.26
87,41,4,6.89
88,41,4,7.51
89,41,4,7.3
90,41,4,5.24
91,41,4,6.07
92,41,4,7.49
93,41,4,6.88
94,41,4,7.62
95,41,4,6.77
96,41,4,6.07
97,41,4,7.18
98,41,4,8.41
99,41,4,7.63
0,42,4,7.17
1,42,4,6.63
2,42,4,8.0
3,42,4,7.25
4,42,4,6.51
5,42,4,7.54
6,42,4,8.19
7,42,4,6.01
8,42,4,7.09
9,42,4,6.26
10,42,4,7.15
11,42,4,6.75
12,42,4,7.18
13,42,4,7.51
14,42,4,7.04
15,42,4,8.59
16,42,4,7.99
17,42,4,5.6
18,42,4,7.95
19,42,4,6.11
20,42,4,6.42
21,42,4,7.3
22,42,4,7.39
23,42,4,6.59
24,42,4,7.32
25,42,4,8.19
26,42,4,8.16
27,42,4,7.94
28,42,4,5.43
29,42,4,8.38
30,42,4,7.36
31,42,4,8.3
32,42,4,7.59
33,42,4,6.23
34,42,4,6.57
35,42,4,6.69
36,42,4,6.25
37,42,4,7.3
38,42,4,7.3
39,42,4,6.41
40,42,4,7.82
41,42,4,7.56
42,42,4,7.92
43,42,4,7.8
44,42,4,7.4
45,42,4,8.99
46,42,4,7.51
47,42,4,6.9
48,42,4,10.21
49,42,4,6.57
50,42,4,7.45
51,42,4,6.93
52,42,4,6.43
53,42,4,7.25
54,42,4,7.36
55,42,4,6.9
56,42,4,6.38
57,42,4,6.53
58,42,4,6.28
59,42,4,6.7
60,42,4,7.7
61,42,4,7.39
62,42,4,7.7
63,42,4,7.7
64,42,4,6.71
65,42,4,9.65
66,42,4,7.89
67,42,4,6.44
68,42,4,6.38
69,42,4,9.59
70,42,4,8.92
71,42,4,6.83
72,42,4,9.06
73,42,4,8.39
74,42,4,8.45
75,42,4,7.29
76,42,4,6.5
77,42,4,9.38
78,42,4,8.03
79,42,4,6.64
80,42,4,7.03
81,42,4,7.7
82,42,4,8.87
83,42,4,7.35
84,42,4,7.47
85,42,4,7.54
86,42,4,6.79
87,42,4,5.93
88,42,4,8.35
89,42,4,6.38
90,42,4,5.68
91,42,4,6.03
92,42,4,7.56
93,42,4,8.13
94,42,4,6.43
95,42,4,7.9
96,42,4,6.25
97,42,4,7.53
98,42,4,7.37
99,42,4,7.74
0,43,4,5.77
1,43,4,6.58
2,43,4,7.09
3,43,4,8.79
4,43,4,8.06
5,43,4,6.75
6,43,4,4.96
7,43,4,8.07
8,43,4,7.33
9,43,4,7.15
10,43,4,7.23
11,43,4,7.58
12,43,4,7.81
13,43,4,7.66
14,43,4,6.75
15,43,4,8.41
16,43,4,5.77
17,43,4,7.85
18,43,4,7.03
19,43,4,8.24
20,43,4,7.27
21,43,4,6.9
22,43,4,7.26
23,43,4,7.69
24,43,4,7.4
25,43,4,6.46
26,43,4,7.47
27,43,4,7.72
28,43,4,7.05
29,43,4,6.18
30,43,4,5.55
31,43,4,6.82
32,43,4,7.4
33,43,4,7.11
34,43,4,8.89
35,43,4,7.14
36,43,4,6.15
37,43,4,7.73
38,43,4,6.89
39,43,4,6.08
40,43,4,5.92
41,43,4,6.59
42,43,4,7.09
43,43,4,6.37
44,43,4,6.94
45,43,4,7.45
46,43,4,7.03
47,43,4,8.74
48,43,4,7.43
49,43,4,5.44
50,43,4,7.77
51,43,4,8.75
52,43,4,6.26
53,43,4,7.35
54,43,4,8.11
55,43,4,6.14
56,43,4,6.07
57,43,4,7.96
58,43,4,8.15
59,43,4,9.86
60,43,4,7.42
61,43,4,6.74
62,43,4,6.76
63,43,4,6.52
64,43,4,8.39
65,43,4,8.38
66,43,4,9.16
67,43,4,8.9
68,43,4,7.13
69,43,4,9.05
70,43,4,7.87
71,43,4,9.01
72,43,4,6.27
73,43,4,9.35
74,43,4,6.06
75,43,4,8.87
76,43,4,7.04
77,43,4,7.85
78,43,4,7.22
79,43,4,6.76
80,43,4,7.13
81,43,4,7.93
82,43,4,6.96
83,43,4,7.73
84,43,4,8.01
85,43,4,7.13
86,43,4,7.3
87,43,4,7.81
88,43,4,7.64
89,43,4,7.52
90,43,4,6.98
91,43,4,6.52
92,43,4,7.49
93,43,4,7.67
94,43,4,5.73
95,43,4,7.66
96,43,4,6.53
97,43,4,6.94
98,43,4,6.89
99,43,4,6.38
0,44,4,7.72
1,44,4,7.68
2,44,4,7.06
3,44,4,5.63
4,44,4,7.85
5,44,4,7.05
6,44,4,7.41
7,44,4,6.5
8,44,4,6.62
9,44,4,7.59
10,44,4,6.7
11,44,4,8.07
12,44,4,8.94
13,44,4,7.49
14,44,4,7.52
15,44,4,6.28
16,44,4,7.91
17,44,4,6.76
18,44,4,5.75
19,44,4,6.95
20,44,4,6.14
21,44,4,8.84
22,44,4,7.59
23,44,4,4.81
24,44,4,7.24
25,44,4,6.08
26,44,4,7.42
27,44,4,7.88
28,44,4,7.34
29,44,4,7.77
30,44,4,9.08
31,44,4,8.55
32,44,4,7.52
33,44,4,7.82
34,44,4,9.65
35,44,4,6.96
36,44,4,6.53
37,44,4,6.95
38,44,4,7.08
39,44,4,6.98
40,44,4,7.43
41,44,4,7.21
42,44,4,6.73
43,44,4,8.12
44,44,4,7.14
45,44,4,8.1
46,44,4,6.59
47,44,4,5.31
48,44,4,8.01
49,44,4,6.17
50,44,4,7.02
51,44,4,8.55
52,44,4,7.47
53,44,4,5.77
54,44,4,6.87
55,44,4,8.34
56,44,4,7.67
57,44,4,7.91
58,44,4,7.76
59,44,4,6.78
60,44,4,8.35
61,44,4,6.71
62,44,4,7.13
63,44,4,8.56
64,44,4,7.14
65,44,4,6.66
66,44,4,6.39
67,44,4,6.66
68,44,4,7.32
69,44,4,7.17
70,44,4,7.97
71,44,4,8.92
72,44,4,8.56
73,44,4,6.46
74,44,4,8.14
75,44,4,7.81
76,44,4,6.8
77,44,4,7.77
78,44,4,8.27
79,44,4,7.71
80,44,4,7.56
81,44,4,7.54
82,44,4,7.04
83,44,4,7.56
84,44,4,8.2
85,44,4,7.21
86,44,4,6.82
87,44,4,7.12
88,44,4,8.97
89,44,4,6.25
90,44,4,7.75
91,44,4,7.08
92,44,4,7.35
93,44,4,6.91
94,44,4,7.67
95,44,4,8.43
96,44,4,6.6
97,44,4,7.36
98,44,4,7.54
99,44,4,8.58
0,45,4,6.58
1,45,4,7.32
2,45,4,6.35
3,45,4,7.95
4,45,4,7.52
5,45,4,8.36
6,45,4,7.5
7,45,4,9.17
8,45,4,8.07
9,45,4,8.44
10,45,4,7.4
11,45,4,7.43
12,45,4,6.3
13,45,4,6.55
14,45,4,6.13
15,45,4,6.52
16,45,4,6.2
17,45,4,8.0
18,45,4,7.33
19,45,4,8.9
20,45,4,6.7
21,45,4,6.71
22,45,4,6.15
23,45,4,7.51
24,45,4,7.91
25,45,4,7.98
26,45,4,6.08
27,45,4,7.57
28,45,4,6.04
29,45,4,7.64
30,45,4,7.43
31,45,4,7.2
32,45,4,7.24
33,45,4,7.48
34,45,4,8.46
35,45,4,7.29
36,45,4,6.92
37,45,4,8.15
38,45,4,6.7
39,45,4,7.07
40,45,4,7.26
41,45,4,8.19
42,45,4,7.25
43,45,4,5.94
44,45,4,6.28
45,45,4,7.48
46,45,4,7.86
47,45,4,6.63
48,45,4,7.92
49,45,4,6.36
50,45,4,7.17
51,45,4,7.21
52,45,4,8.22
53,45,4,6.95
54,45,4,7.05
55,45,4,7.35
56,45,4,7.3
57,45,4,6.15
58,45,4,7.05
59,45,4,7.25
60,45,4,7.11
61,45,4,7.65
62,45,4,5.44
63,45,4,7.79
64,45,4,8.3
65,45,4,6.17
66,45,4,7.97
67,45,4,6.68
68,45,4,6.67
69,45,4,7.33
70,45,4,6.86
71,45,4,6.18
72,45,4,8.98
73,45,4,7.18
74,45,4,7.82
75,45,4,7.15
76,45,4,7.34
77,45,4,8.17
78,45,4,6.9
79,45,4,7.25
80,45,4,6.71
81,45,4,6.28
82,45,4,7.03
83,45,4,7.15
84,45,4,7.1
85,45,4,7.66
86,45,4,7.48
87,45,4,7.57
88,45,4,8.31
89,45,4,6.91
90,45,4,6.98
91,45,4,7.53
92,45,4,7.13
93,45,4,5.39
94,45,4,7.53
95,45,4,7.42
96,45,4,8.05
97,45,4,7.65
98,45,4,8.36
99,45,4,7.37
0,46,4,6.55
1,46,4,8.53
2,46,4,6.5
3,46,4,6.13
4,46,4,7.34
5,46,4,5.96
6,46,4,7.58
7,46,4,7.37
8,46,4,7.82
9,46,4,7.16
10,46,4,7.7
11,46,4,7.92
12,46,4,8.72
13,46,4,8.48
14,46,4,7.05
15,46,4,6.23
16,46,4,7.86
17,46,4,5.57
18,46,4,5.83
19,46,4,7.74
20,46,4,9.12
21,46,4,6.63
22,46,4,6.96
23,46,4,5.79
24,46,4,8.22
25,46,4,6.93
26,46,4,8.22
27,46,4,5.76
28,46,4,8.73
29,46,4,6.46
30,46,4,7.38
31,46,4,6.4
32,46,4,7.11
33,46,4,5.98
34,46,4,7.13
35,46,4,6.64
36,46,4,7.41
37,46,4,7.56
38,46,4,5.85
39,46,4,7.96
40,46,4,9.27
41,46,4,5.17
42,46,4,6.83
43,46,4,6.36
44,46,4,6.57
45,46,4,7.91
46,46,4,7.11
47,46,4,8.31
48,46,4,7.07
49,46,4,8.21
50,46,4,6.56
51,46,4,6.48
52,46,4,7.72
53,46,4,6.35
54,46,4,5.56
55,46,4,6.1
56,46,4,8.25
57,46,4,7.32
58,46,4,5.83
59,46,4,6.49
60,46,4,7.22
61,46,4,8.3
62,46,4,6.85
63,46,4,7.16
64,46,4,7.72
65,46,4,7.25
66,46,4,7.03
67,46,4,7.12
68,46,4,8.3
69,46,4,7.68
70,46,4,7.79
71,46,4,8.44
72,46,4,7.23
73,46,4,6.69
74,46,4,7.57
75,46,4,7.1
76,46,4,7.88
77,46,4,7.04
78,46,4,8.22
79,46,4,8.92
80,46,4,8.69
81,46,4,7.49
82,46,4,6.9
83,46,4,6.73
84,46,4,7.75
85,46,4,7.43
86,46,4,7.88
87,46,4,6.58
88,46,4,7.17
89,46,4,7.4
90,46,4,7.31
91,46,4,5.58
92,46,4,7.68
93,46,4,8.09
94,46,4,6.5
95,46,4,7.75
96,46,4,6.41
97,46,4,6.01
98,46,4,6.46
99,46,4,8.21
0,47,4,5.84
1,47,4,6.93
2,47,4,8.39
3,47,4,6.83
4,47,4,7.6
5,47,4,7.54
6,47,4,8.86
7,47,4,7.59
8,47,4,8.18
9,47,4,6.8
10,47,4,6.09
11,47,4,8.1
12,47,4,8.69
13,47,4,7.42
14,47,4,6.32
15,47,4,5.89
16,47,4,7.88
17,47,4,6.33
18,47,4,6.42
19,47,4,6.1
20,47,4,6.93
21,47,4,6.92
22,47,4,5.87
23,47,4,7.35
24,47,4,6.4
25,47,4,6.97
26,47,4,7.6
27,47,4,7.24
28,47,4,7.21
29,47,4,8.66
30,47,4,7.52
31,47,4,6.07
32,47,4,7.66
33,47,4,5.99
34,47,4,6.83
35,47,4,7.19
36,47,4,7.54
37,47,4,8.06
38,47,4,6.55
39,47,4,7.01
40,47,4,6.49
41,47,4,6.73
42,47,4,7.7
43,47,4,8.61
44,47,4,7.06
45,47,4,6.1
46,47,4,6.81
47,47,4,8.12
48,47,4,7.78
49,47,4,7.59
50,47,4,7.19
51,47,4,6.75
52,47,4,6.84
53,47,4,6.37
54,47,4,6.67
55,47,4,6.73
56,47,4,8.37
57,47,4,8.6
58,47,4,8.64
59,47,4,8.19
60,47,4,8.94
61,47,4,6.73
62,47,4,7.25
63,47,4,8.13
64,47,4,6.64
65,47,4,6.87
66,47,4,6.65
67,47,4,8.13
68,47,4,8.34
69,47,4,7.95
70,47,4,7.65
71,47,4,7.37
72,47,4,6.67
73,47,4,8.05
74,47,4,9.61
75,47,4,6.45
76,47,4,7.66
77,47,4,5.73
78,47,4,9.45
79,47,4,7.2
80,47,4,7.45
81,47,4,6.09
82,47,4,6.62
83,47,4,8.02
84,47,4,7.29
85,47,4,6.03
86,47,4,6.48
87,47,4,7.64
88,47,4,8.4
89,47,4,7.81
90,47,4,8.23
91,47,4,7.32
92,47,4,7.27
93,47,4,7.93
94,47,4,6.25
95,47,4,8.66
96,47,4,6.95
97,47,4,7.16
98,47,4,8.22
99,47,4,6.99
0,48,4,5.89
1,48,4,6.36
2,48,4,8.17
3,48,4,8.46
4,48,4,7.37
5,48,4,6.43
6,48,4,7.35
7,48,4,6.48
8,48,4,8.45
9,48,4,7.54
10,48,4,8.54
11,48,4,6.45
12,48,4,7.63
13,48,4,7.2
14,48,4,6.81
15,48,4,7.4
16,48,4,7.5
17,48,4,7.85
18,48,4,7.77
19,48,4,7.22
20,48,4,8.28
21,48,4,8.33
22,48,4,6.93
23,48,4,8.3
24,48,4,7.62
25,48,4,8.48
26,48,4,7.98
27,48,4,9.13
28,48,4,6.74
29,48,4,7.34
30,48,4,8.33
31,48,4,8.0
32,48,4,7.79
33,48,4,7.21
34,48,4,6.04
35,48,4,7.53
36,48,4,7.09
37,48,4,9.25
38,48,4,6.93
39,48,4,6.51
40,48,4,7.41
41,48,4,7.64
42,48,4,8.95
43,48,4,7.58
44,48,4,7.67
45,48,4,6.91
46,48,4,6.12
47,48,4,7.07
48,48,4,8.71
49,48,4,7.55
50,48,4,6.14
51,48,4,6.48
52,48,4,7.22
53,48,4,6.9
54,48,4,7.02
55,48,4,8.69
56,48,4,7.18
57,48,4,7.57
58,48,4,8.78
59,48,4,9.8
60,48,4,7.4
61,48,4,7.27
62,48,4,6.27
63,48,4,7.2
64,48,4,7.98
65,48,4,7.03
66,48,4,8.12
67,48,4,7.07
68,48,4,8.38
69,48,4,7.25
70,48,4,7.77
71,48,4,8.55
72,48,4,8.71
73,48,4,5.51
74,48,4,7.29
75,48,4,6.98
76,48,4,7.95
77,48,4,7.65
78,48,4,7.28
79,48,4,7.94
80,48,4,6.36
81,48,4,6.83
82,48,4,6.93
83,48,4,6.83
84,48,4,7.33
85,48,4,7.64
86,48,4,7.8
87,48,4,6.78
88,48,4,5.55
89,48,4,6.69
90,48,4,8.51
91,48,4,7.33
92,48,4,7.97
93,48,4,8.8
94,48,4,8.12
95,48,4,5.41
96,48,4,7.91
97,48,4,7.6
98,48,4,7.33
99,48,4,7.62
0,49,4,7.31
1,49,4,4.7
2,49,4,7.32
3,49,4,6.14
4,49,4,7.95
5,49,4,7.08
6,49,4,6.62
7,49,4,6.14
8,49,4,7.76
9,49,4,8.7
10,49,4,6.79
11,49,4,7.93
12,49,4,6.04
13,49,4,7.3
14,49,4,6.56
15,49,4,6.79
16,49,4,7.73
17,49,4,7.96
18,49,4,7.38
19,49,4,8.68
20,49,4,7.27
21,49,4,8.36
22,49,4,6.25
23,49,4,7.61
24,49,4,9.35
25,49,4,5.77
26,49,4,7.61
27,49,4,7.15
28,49,4,7.8
29,49,4,6.97
30,49,4,6.81
31,49,4,8.16
32,49,4,5.92
33,49,4,6.95
34,49,4,5.77
35,49,4,6.92
36,49,4,6.08
37,49,4,6.5
38,49,4,8.01
39,49,4,8.07
40,49,4,7.59
41,49,4,8.62
42,49,4,6.93
43,49,4,7.77
44,49,4,6.06
45,49,4,8.14
46,49,4,7.93
47,49,4,8.17
48,49,4,5.78
49,49,4,6.47
50,49,4,6.81
51,49,4,6.83
52,49,4,8.22
53,49,4,6.7
54,49,4,6.93
55,49,4,6.95
56,49,4,7.34
57,49,4,7.66
58,49,4,7.74
59,49,4,6.88
60,49,4,9.41
61,49,4,7.0
62,49,4,6.71
63,49,4,8.07
64,49,4,7.42
65,49,4,7.27
66,49,4,7.28
67,49,4,7.39
68,49,4,6.47
69,49,4,9.22
70,49,4,7.49
71,49,4,6.8
72,49,4,6.79
73,49,4,6.63
74,49,4,6.4
75,49,4,4.43
76,49,4,7.62
77,49,4,6.77
78,49,4,7.36
79,49,4,9.02
80,49,4,7.91
81,49,4,6.89
82,49,4,6.7
83,49,4,7.8
84,49,4,6.66
85,49,4,6.5
86,49,4,7.07
87,49,4,7.15
88,49,4,7.9
89,49,4,6.8
90,49,4,7.98
91,49,4,6.57
92,49,4,7.51
93,49,4,7.34
94,49,4,7.26
95,49,4,7.77
96,49,4,7.4
97,49,4,6.49
98,49,4,8.05
99,49,4,7.21
0,50,4,4.55
1,50,4,6.1
2,50,4,7.02
3,50,4,8.19
4,50,4,6.22
5,50,4,7.28
6,50,4,9.23
7,50,4,7.37
8,50,4,6.01
9,50,4,8.12
10,50,4,9.12
11,50,4,5.71
12,50,4,6.42
13,50,4,7.83
14,50,4,7.44
15,50,4,6.4
16,50,4,6.5
17,50,4,7.28
18,50,4,7.36
19,50,4,7.51
20,50,4,6.64
21,50,4,7.75
22,50,4,6.04
23,50,4,8.0
24,50,4,7.25
25,50,4,7.44
26,50,4,6.76
27,50,4,7.28
28,50,4,7.37
29,50,4,8.46
30,50,4,8.27
31,50,4,7.28
32,50,4,7.51
33,50,4,9.66
34,50,4,7.05
35,50,4,7.11
36,50,4,7.77
37,50,4,6.73
38,50,4,7.6
39,50,4,7.54
40,50,4,5.53
41,50,4,7.55
42,50,4,7.12
43,50,4,8.01
44,50,4,7.64
45,50,4,7.46
46,50,4,10.14
47,50,4,7.07
48,50,4,6.61
49,50,4,9.71
50,50,4,7.11
51,50,4,7.64
52,50,4,6.01
53,50,4,7.0
54,50,4,7.32
55,50,4,8.08
56,50,4,7.43
57,50,4,7.51
58,50,4,8.06
59,50,4,7.71
60,50,4,6.49
61,50,4,8.33
62,50,4,6.49
63,50,4,7.12
64,50,4,8.56
65,50,4,7.93
66,50,4,7.42
67,50,4,6.77
68,50,4,6.87
69,50,4,6.67
70,50,4,7.44
71,50,4,7.49
72,50,4,5.9
73,50,4,6.31
74,50,4,8.05
75,50,4,4.92
76,50,4,6.98
77,50,4,4.75
78,50,4,8.12
79,50,4,9.14
80,50,4,5.63
81,50,4,6.31
82,50,4,7.39
83,50,4,7.4
84,50,4,5.2
85,50,4,7.1
86,50,4,8.33
87,50,4,7.55
88,50,4,8.12
89,50,4,6.37
90,50,4,8.27
91,50,4,6.87
92,50,4,8.79
93,50,4,7.11
94,50,4,6.63
95,50,4,6.73
96,50,4,6.73
97,50,4,7.96
98,50,4,7.84
99,50,4,8.03
0,51,4,7.23
1,51,4,7.49
2,51,4,8.2
3,51,4,6.58
4,51,4,7.95
5,51,4,7.65
6,51,4,7.25
7,51,4,8.33
8,51,4,7.9
9,51,4,8.63
10,51,4,7.37
11,51,4,7.93
12,51,4,7.1
13,51,4,5.78
14,51,4,6.98
15,51,4,8.27
16,51,4,7.92
17,51,4,7.05
18,51,4,5.96
19,51,4,6.0
20,51,4,8.09
21,51,4,7.81
22,51,4,8.0
23,51,4,5.64
24,51,4,6.85
25,51,4,7.61
26,51,4,7.88
27,51,4,6.42
28,51,4,7.91
29,51,4,8.73
30,51,4,8.69
31,51,4,5.93
32,51,4,7.22
33,51,4,6.34
34,51,4,9.04
35,51,4,8.17
36,51,4,9.24
37,51,4,8.28
38,51,4,6.41
39,51,4,6.51
40,51,4,7.23
41,51,4,6.88
42,51,4,5.78
43,51,4,9.37
44,51,4,5.61
45,51,4,6.9
46,51,4,7.78
47,51,4,7.15
48,51,4,7.48
49,51,4,8.37
50,51,4,7.54
51,51,4,7.18
52,51,4,6.29
53,51,4,8.26
54,51,4,8.05
55,51,4,6.74
56,51,4,7.98
57,51,4,7.37
58,51,4,7.07
59,51,4,7.23
60,51,4,7.23
61,51,4,6.66
62,51,4,7.35
63,51,4,9.3
64,51,4,6.88
65,51,4,7.29
66,51,4,7.84
67,51,4,7.81
68,51,4,8.25
69,51,4,7.83
70,51,4,5.94
71,51,4,6.43
72,51,4,6.88
73,51,4,8.36
74,51,4,5.79
75,51,4,8.18
76,51,4,6.53
77,51,4,7.8
78,51,4,7.46
79,51,4,5.87
80,51,4,6.39
81,51,4,7.18
82,51,4,6.65
83,51,4,6.64
84,51,4,8.17
85,51,4,7.03
86,51,4,7.23
87,51,4,7.63
88,51,4,9.21
89,51,4,7.89
90,51,4,6.25
91,51,4,5.5
92,51,4,7.09
93,51,4,6.96
94,51,4,7.21
95,51,4,7.26
96,51,4,7.97
97,51,4,9.27
98,51,4,7.78
99,51,4,9.26
0,52,4,8.24
1,52,4,9.53
2,52,4,6.74
3,52,4,7.49
4,52,4,6.15
5,52,4,6.9
6,52,4,7.07
7,52,4,7.36
8,52,4,7.55
9,52,4,5.84
10,52,4,8.59
11,52,4,8.39
12,52,4,8.79
13,52,4,5.41
14,52,4,6.69
15,52,4,5.92
16,52,4,8.44
17,52,4,7.42
18,52,4,7.51
19,52,4,5.84
20,52,4,6.4
21,52,4,6.35
22,52,4,5.43
23,52,4,7.28
24,52,4,9.04
25,52,4,5.95
26,52,4,8.6
27,52,4,7.13
28,52,4,8.52
29,52,4,7.91
30,52,4,8.35
31,52,4,6.59
32,52,4,9.42
33,52,4,6.64
34,52,4,7.04
35,52,4,7.8
36,52,4,6.37
37,52,4,7.76
38,52,4,6.99
39,52,4,6.44
40,52,4,9.29
41,52,4,7.26
42,52,4,8.02
43,52,4,7.0
44,52,4,8.36
45,52,4,8.32
46,52,4,6.58
47,52,4,8.83
48,52,4,7.75
49,52,4,6.65
50,52,4,5.54
51,52,4,6.83
52,52,4,8.29
53,52,4,8.61
54,52,4,6.52
55,52,4,6.48
56,52,4,6.37
57,52,4,8.07
58,52,4,6.68
59,52,4,7.18
60,52,4,8.11
61,52,4,7.88
62,52,4,5.98
63,52,4,7.54
64,52,4,8.28
65,52,4,6.14
66,52,4,7.14
67,52,4,6.23
68,52,4,6.16
69,52,4,7.05
70,52,4,8.46
71,52,4,7.03
72,52,4,6.36
73,52,4,6.18
74,52,4,7.88
75,52,4,7.05
76,52,4,6.88
77,52,4,6.95
78,52,4,5.74
79,52,4,6.57
80,52,4,7.28
81,52,4,6.08
82,52,4,5.44
83,52,4,7.26
84,52,4,7.29
85,52,4,5.54
86,52,4,8.65
87,52,4,6.23
88,52,4,6.57
89,52,4,6.59
90,52,4,7.09
91,52,4,7.61
92,52,4,7.94
93,52,4,6.52
94,52,4,5.88
95,52,4,6.08
96,52,4,6.36
97,52,4,9.26
98,52,4,7.14
99,52,4,6.6
0,53,4,9.59
1,53,4,7.02
2,53,4,7.27
3,53,4,7.26
4,53,4,8.43
5,53,4,7.67
6,53,4,8.63
7,53,4,6.76
8,53,4,5.84
9,53,4,7.64
10,53,4,6.59
11,53,4,6.7
12,53,4,8.31
13,53,4,7.79
14,53,4,6.53
15,53,4,7.1
16,53,4,8.02
17,53,4,8.01
18,53,4,6.92
19,53,4,7.82
20,53,4,5.6
21,53,4,6.89
22,53,4,7.44
23,53,4,6.36
24,53,4,8.57
25,53,4,7.25
26,53,4,6.97
27,53,4,7.84
28,53,4,8.2
29,53,4,7.55
30,53,4,7.21
31,53,4,7.2
32,53,4,6.3
33,53,4,7.62
34,53,4,7.51
35,53,4,7.13
36,53,4,7.31
37,53,4,7.47
38,53,4,8.86
39,53,4,6.55
40,53,4,7.06
41,53,4,5.18
42,53,4,7.68
43,53,4,5.13
44,53,4,7.56
45,53,4,7.41
46,53,4,6.97
47,53,4,7.6
48,53,4,7.6
49,53,4,7.84
50,53,4,8.51
51,53,4,7.34
52,53,4,7.12
53,53,4,7.75
54,53,4,5.74
55,53,4,7.44
56,53,4,4.88
57,53,4,9.54
58,53,4,8.12
59,53,4,8.68
60,53,4,8.79
61,53,4,6.87
62,53,4,7.51
63,53,4,7.02
64,53,4,7.74
65,53,4,8.48
66,53,4,6.62
67,53,4,8.32
68,53,4,7.31
69,53,4,8.01
70,53,4,7.95
71,53,4,8.05
72,53,4,6.37
73,53,4,7.74
74,53,4,4.57
75,53,4,6.16
76,53,4,7.92
77,53,4,7.43
78,53,4,9.2
79,53,4,7.61
80,53,4,7.12
81,53,4,6.14
82,53,4,7.32
83,53,4,8.07
84,53,4,7.88
85,53,4,8.34
86,53,4,6.58
87,53,4,7.09
88,53,4,8.51
89,53,4,7.21
90,53,4,7.03
91,53,4,7.02
92,53,4,7.11
93,53,4,8.31
94,53,4,7.77
95,53,4,8.03
96,53,4,7.67
97,53,4,6.58
98,53,4,7.7
99,53,4,8.16
0,54,4,7.48
1,54,4,6.74
2,54,4,7.94
3,54,4,6.09
4,54,4,7.0
5,54,4,5.42
6,54,4,8.19
7,54,4,8.86
8,54,4,7.64
9,54,4,5.95
10,54,4,7.42
11,54,4,7.18
12,54,4,8.04
13,54,4,8.14
14,54,4,6.84
15,54,4,8.65
16,54,4,6.64
17,54,4,6.04
18,54,4,6.83
19,54,4,7.85
20,54,4,8.88
21,54,4,7.32
22,54,4,6.83
23,54,4,7.72
24,54,4,8.23
25,54,4,8.31
26,54,4,9.09
27,54,4,6.7
28,54,4,7.07
29,54,4,6.74
30,54,4,8.63
31,54,4,8.27
32,54,4,8.34
33,54,4,9.32
34,54,4,8.43
35,54,4,7.52
36,54,4,5.35
37,54,4,7.92
38,54,4,8.6
39,54,4,8.02
40,54,4,5.21
41,54,4,7.31
42,54,4,8.68
43,54,4,7.59
44,54,4,4.5
45,54,4,7.83
46,54,4,7.55
47,54,4,4.26
48,54,4,7.54
49,54,4,7.74
50,54,4,5.94
51,54,4,7.59
52,54,4,8.12
53,54,4,7.87
54,54,4,8.64
55,54,4,7.13
56,54,4,4.55
57,54,4,6.79
58,54,4,7.35
59,54,4,7.14
60,54,4,6.32
61,54,4,8.07
62,54,4,7.57
63,54,4,5.98
64,54,4,7.88
65,54,4,8.46
66,54,4,6.24
67,54,4,8.67
68,54,4,9.84
69,54,4,8.64
70,54,4,6.82
71,54,4,6.3
72,54,4,7.55
73,54,4,8.5
74,54,4,8.22
75,54,4,7.31
76,54,4,6.91
77,54,4,8.6
78,54,4,8.02
79,54,4,7.43
80,54,4,7.09
81,54,4,7.09
82,54,4,8.46
83,54,4,8.98
84,54,4,7.51
85,54,4,7.63
86,54,4,8.14
87,54,4,5.63
88,54,4,6.99
89,54,4,6.89
90,54,4,7.17
91,54,4,6.6
92,54,4,6.69
93,54,4,8.29
94,54,4,6.6
95,54,4,6.62
96,54,4,8.24
97,54,4,5.43
98,54,4,7.84
99,54,4,8.2
0,55,4,6.62
1,55,4,7.24
2,55,4,6.8
3,55,4,6.26
4,55,4,7.44
5,55,4,6.6
6,55,4,7.54
7,55,4,7.25
8,55,4,7.03
9,55,4,8.95
10,55,4,7.15
11,55,4,7.76
12,55,4,6.69
13,55,4,8.36
14,55,4,8.63
15,55,4,6.45
16,55,4,7.99
17,55,4,6.92
18,55,4,6.73
19,55,4,8.15
20,55,4,6.48
21,55,4,7.2
22,55,4,6.93
23,55,4,7.5
24,55,4,6.43
25,55,4,7.55
26,55,4,5.53
27,55,4,5.72
28,55,4,8.04
29,55,4,7.12
30,55,4,5.99
31,55,4,7.18
32,55,4,7.9
33,55,4,5.49
34,55,4,8.38
35,55,4,5.82
36,55,4,7.17
37,55,4,7.69
38,55,4,8.33
39,55,4,6.71
40,55,4,8.02
41,55,4,6.67
42,55,4,7.36
43,55,4,7.94
44,55,4,8.14
45,55,4,7.32
46,55,4,6.81
47,55,4,7.6
48,55,4,7.1
49,55,4,5.51
50,55,4,7.29
51,55,4,7.13
52,55,4,7.2
53,55,4,8.6
54,55,4,7.93
55,55,4,6.22
56,55,4,6.96
57,55,4,7.31
58,55,4,8.69
59,55,4,7.69
60,55,4,8.11
61,55,4,6.95
62,55,4,8.22
63,55,4,7.71
64,55,4,8.58
65,55,4,7.53
66,55,4,6.22
67,55,4,8.99
68,55,4,6.77
69,55,4,7.23
70,55,4,7.87
71,55,4,8.17
72,55,4,7.37
73,55,4,7.73
74,55,4,6.06
75,55,4,7.57
76,55,4,8.91
77,55,4,6.79
78,55,4,8.52
79,55,4,6.62
80,55,4,7.88
81,55,4,6.41
82,55,4,7.91
83,55,4,7.24
84,55,4,9.14
85,55,4,8.22
86,55,4,6.75
87,55,4,7.42
88,55,4,6.99
89,55,4,6.53
90,55,4,7.23
91,55,4,6.34
92,55,4,7.29
93,55,4,7.46
94,55,4,7.09
95,55,4,8.12
96,55,4,8.53
97,55,4,7.51
98,55,4,7.85
99,55,4,7.05
0,56,4,8.11
1,56,4,7.63
2,56,4,8.56
3,56,4,7.59
4,56,4,7.03
5,56,4,9.06
6,56,4,7.58
7,56,4,8.55
8,56,4,7.93
9,56,4,7.27
10,56,4,6.84
11,56,4,6.77
12,56,4,8.79
13,56,4,7.93
14,56,4,9.02
15,56,4,8.51
16,56,4,7.21
17,56,4,8.79
18,56,4,7.25
19,56,4,8.14
20,56,4,8.23
21,56,4,7.21
22,56,4,8.06
23,56,4,7.59
24,56,4,7.08
25,56,4,7.07
26,56,4,7.19
27,56,4,6.52
28,56,4,8.29
29,56,4,7.02
30,56,4,7.61
31,56,4,5.9
32,56,4,8.49
33,56,4,6.01
34,56,4,7.85
35,56,4,7.46
36,56,4,6.31
37,56,4,7.69
38,56,4,6.94
39,56,4,6.25
40,56,4,9.35
41,56,4,7.94
42,56,4,5.01
43,56,4,7.57
44,56,4,6.78
45,56,4,4.8
46,56,4,7.39
47,56,4,7.14
48,56,4,6.57
49,56,4,6.58
50,56,4,7.77
51,56,4,8.05
52,56,4,5.37
53,56,4,6.53
54,56,4,8.4
55,56,4,6.15
56,56,4,7.98
57,56,4,8.63
58,56,4,7.03
59,56,4,7.52
60,56,4,8.73
61,56,4,8.62
62,56,4,6.28
63,56,4,6.32
64,56,4,7.33
65,56,4,6.65
66,56,4,6.93
67,56,4,6.71
68,56,4,6.94
69,56,4,6.95
70,56,4,7.81
71,56,4,8.0
72,56,4,7.22
73,56,4,7.68
74,56,4,8.19
75,56,4,6.72
76,56,4,7.13
77,56,4,6.29
78,56,4,7.74
79,56,4,6.94
80,56,4,7.4
81,56,4,7.41
82,56,4,8.49
83,56,4,8.07
84,56,4,7.81
85,56,4,6.96
86,56,4,6.76
87,56,4,7.61
88,56,4,7.13
89,56,4,6.91
90,56,4,7.72
91,56,4,6.67
92,56,4,7.26
93,56,4,6.7
94,56,4,6.76
95,56,4,7.55
96,56,4,7.27
97,56,4,7.48
98,56,4,7.29
99,56,4,6.56
0,57,4,6.12
1,57,4,5.45
2,57,4,7.88
3,57,4,7.57
4,57,4,6.39
5,57,4,6.48
6,57,4,6.9
7,57,4,5.14
8,57,4,6.99
9,57,4,8.19
10,57,4,7.77
11,57,4,6.62
12,57,4,6.8
13,57,4,8.81
14,57,4,6.86
15,57,4,8.56
16,57,4,7.02
17,57,4,7.32
18,57,4,8.52
19,57,4,7.49
20,57,4,9.18
21,57,4,6.93
22,57,4,8.55
23,57,4,7.58
24,57,4,7.72
25,57,4,8.35
26,57,4,7.58
27,57,4,7.45
28,57,4,8.8
29,57,4,6.44
30,57,4,6.69
31,57,4,7.84
32,57,4,8.49
33,57,4,6.06
34,57,4,5.88
35,57,4,8.19
36,57,4,7.57
37,57,4,6.26
38,57,4,7.52
39,57,4,5.68
40,57,4,7.33
41,57,4,5.58
42,57,4,6.1
43,57,4,7.28
44,57,4,6.03
45,57,4,8.36
46,57,4,7.32
47,57,4,7.85
48,57,4,6.63
49,57,4,9.14
50,57,4,6.72
51,57,4,6.21
52,57,4,7.87
53,57,4,6.09
54,57,4,7.23
55,57,4,6.67
56,57,4,7.42
57,57,4,5.78
58,57,4,7.29
59,57,4,8.3
60,57,4,6.89
61,57,4,7.84
62,57,4,7.88
63,57,4,8.66
64,57,4,6.98
65,57,4,7.07
66,57,4,7.43
67,57,4,8.83
68,57,4,6.72
69,57,4,6.84
70,57,4,6.93
71,57,4,9.33
72,57,4,7.94
73,57,4,9.11
74,57,4,7.78
75,57,4,7.49
76,57,4,8.29
77,57,4,6.4
78,57,4,7.92
79,57,4,6.97
80,57,4,7.61
81,57,4,7.47
82,57,4,8.23
83,57,4,6.88
84,57,4,6.4
85,57,4,7.31
86,57,4,9.63
87,57,4,7.35
88,57,4,6.91
89,57,4,5.46
90,57,4,7.06
91,57,4,5.21
92,57,4,8.81
93,57,4,6.94
94,57,4,6.69
95,57,4,5.47
96,57,4,7.84
97,57,4,7.84
98,57,4,6.18
99,57,4,7.08
0,58,4,7.36
1,58,4,7.97
2,58,4,7.2
3,58,4,7.85
4,58,4,8.29
5,58,4,6.6
6,58,4,8.25
7,58,4,6.84
8,58,4,6.45
9,58,4,7.57
10,58,4,8.65
11,58,4,6.79
12,58,4,7.25
13,58,4,8.48
14,58,4,7.01
15,58,4,6.58
16,58,4,6.69
17,58,4,6.64
18,58,4,8.78
19,58,4,7.16
20,58,4,8.35
21,58,4,7.19
22,58,4,7.37
23,58,4,7.05
24,58,4,7.5
25,58,4,7.62
26,58,4,7.73
27,58,4,7.27
28,58,4,6.45
29,58,4,5.3
30,58,4,6.37
31,58,4,6.31
32,58,4,5.91
33,58,4,7.64
34,58,4,6.49
35,58,4,6.29
36,58,4,6.39
37,58,4,6.4
38,58,4,7.03
39,58,4,7.07
40,58,4,7.48
41,58,4,6.3
42,58,4,8.04
43,58,4,7.85
44,58,4,7.45
45,58,4,5.44
46,58,4,6.54
47,58,4,5.89
48,58,4,6.24
49,58,4,7.68
50,58,4,6.95
51,58,4,7.05
52,58,4,7.26
53,58,4,8.26
54,58,4,7.19
55,58,4,6.32
56,58,4,6.54
57,58,4,7.87
58,58,4,8.79
59,58,4,7.41
60,58,4,6.51
61,58,4,6.68
62,58,4,7.76
63,58,4,6.52
64,58,4,8.29
65,58,4,5.99
66,58,4,7.86
67,58,4,7.6
68,58,4,7.36
69,58,4,7.66
70,58,4,7.63
71,58,4,7.83
72,58,4,8.35
73,58,4,7.37
74,58,4,7.91
75,58,4,6.5
76,58,4,7.04
77,58,4,7.67
78,58,4,8.85
79,58,4,7.29
80,58,4,6.29
81,58,4,9.02
82,58,4,7.47
83,58,4,8.11
84,58,4,6.67
85,58,4,6.68
86,58,4,7.94
87,58,4,7.41
88,58,4,8.24
89,58,4,7.18
90,58,4,8.88
91,58,4,6.87
92,58,4,9.13
93,58,4,9.13
94,58,4,5.88
95,58,4,8.98
96,58,4,7.02
97,58,4,6.7
98,58,4,7.11
99,58,4,6.53
0,59,4,8.12
1,59,4,6.78
2,59,4,10.44
3,59,4,7.86
4,59,4,8.04
5,59,4,7.57
6,59,4,7.85
7,59,4,6.76
8,59,4,7.45
9,59,4,7.2
10,59,4,7.38
11,59,4,5.24
12,59,4,6.38
13,59,4,7.1
14,59,4,8.35
15,59,4,7.47
16,59,4,8.7
17,59,4,7.53
18,59,4,7.29
19,59,4,8.79
20,59,4,7.18
21,59,4,6.95
22,59,4,7.8
23,59,4,6.43
24,59,4,6.6
25,59,4,7.5
26,59,4,9.74
27,59,4,6.64
28,59,4,6.86
29,59,4,6.61
30,59,4,6.24
31,59,4,8.22
32,59,4,9.17
33,59,4,5.86
34,59,4,6.97
35,59,4,8.9
36,59,4,7.68
37,59,4,6.66
38,59,4,7.23
39,59,4,7.79
40,59,4,8.07
41,59,4,7.52
42,59,4,7.52
43,59,4,6.12
44,59,4,7.49
45,59,4,6.08
46,59,4,8.05
47,59,4,6.94
48,59,4,7.77
49,59,4,8.84
50,59,4,6.68
51,59,4,7.57
52,59,4,7.89
53,59,4,6.13
54,59,4,6.44
55,59,4,8.14
56,59,4,6.9
57,59,4,7.86
58,59,4,7.31
59,59,4,6.86
60,59,4,8.62
61,59,4,6.11
62,59,4,8.23
63,59,4,7.45
64,59,4,8.1
65,59,4,8.49
66,59,4,7.8
67,59,4,8.35
68,59,4,6.78
69,59,4,5.85
70,59,4,7.24
71,59,4,8.8
72,59,4,8.06
73,59,4,8.01
74,59,4,8.45
75,59,4,8.29
76,59,4,7.76
77,59,4,7.09
78,59,4,7.47
79,59,4,7.66
80,59,4,7.81
81,59,4,6.48
82,59,4,7.13
83,59,4,8.68
84,59,4,6.14
85,59,4,7.47
86,59,4,7.44
87,59,4,7.15
88,59,4,6.95
89,59,4,8.46
90,59,4,7.24
91,59,4,9.7
92,59,4,8.95
93,59,4,7.4
94,59,4,8.15
95,59,4,7.22
96,59,4,7.38
97,59,4,7.22
98,59,4,7.2
99,59,4,6.8
0,60,4,5.28
1,60,4,7.11
2,60,4,6.7
3,60,4,8.66
4,60,4,8.15
5,60,4,8.47
6,60,4,8.44
7,60,4,7.84
8,60,4,7.31
9,60,4,7.79
10,60,4,5.98
11,60,4,7.5
12,60,4,7.88
13,60,4,6.36
14,60,4,6.61
15,60,4,6.95
16,60,4,8.24
17,60,4,7.4
18,60,4,6.35
19,60,4,6.5
20,60,4,6.57
21,60,4,7.78
22,60,4,7.07
23,60,4,8.07
24,60,4,7.33
25,60,4,7.55
26,60,4,7.89
27,60,4,7.83
28,60,4,6.17
29,60,4,7.07
30,60,4,7.69
31,60,4,8.16
32,60,4,8.39
33,60,4,9.0
34,60,4,8.0
35,60,4,7.56
36,60,4,6.13
37,60,4,7.98
38,60,4,7.13
39,60,4,7.95
40,60,4,6.13
41,60,4,6.74
42,60,4,6.29
43,60,4,7.25
44,60,4,6.77
45,60,4,8.72
46,60,4,8.79
47,60,4,6.85
48,60,4,6.37
49,60,4,7.56
50,60,4,7.46
51,60,4,7.75
52,60,4,7.26
53,60,4,6.68
54,60,4,7.05
55,60,4,7.01
56,60,4,7.71
57,60,4,9.1
58,60,4,7.22
59,60,4,7.63
60,60,4,8.05
61,60,4,8.06
62,60,4,7.51
63,60,4,7.85
64,60,4,7.98
65,60,4,7.17
66,60,4,7.81
67,60,4,9.67
68,60,4,7.84
69,60,4,7.25
70,60,4,6.88
71,60,4,7.93
72,60,4,6.93
73,60,4,7.74
74,60,4,7.27
75,60,4,7.35
76,60,4,5.77
77,60,4,8.67
78,60,4,6.97
79,60,4,7.93
80,60,4,7.23
81,60,4,5.68
82,60,4,7.63
83,60,4,7.21
84,60,4,7.97
85,60,4,8.29
86,60,4,6.72
87,60,4,6.85
88,60,4,8.28
89,60,4,5.91
90,60,4,6.65
91,60,4,8.18
92,60,4,8.19
93,60,4,6.33
94,60,4,6.74
95,60,4,8.45
96,60,4,5.25
97,60,4,7.74
98,60,4,6.75
99,60,4,8.38
0,61,4,6.64
1,61,4,6.84
2,61,4,6.72
3,61,4,8.15
4,61,4,8.85
5,61,4,7.36
6,61,4,6.72
7,61,4,8.4
8,61,4,6.86
9,61,4,5.48
10,61,4,8.03
11,61,4,6.75
12,61,4,5.29
13,61,4,6.79
14,61,4,5.17
15,61,4,8.9
16,61,4,5.68
17,61,4,7.94
18,61,4,8.57
19,61,4,7.91
20,61,4,6.19
21,61,4,6.77
22,61,4,7.01
23,61,4,8.44
24,61,4,7.1
25,61,4,6.62
26,61,4,6.92
27,61,4,8.94
28,61,4,8.02
29,61,4,8.2
30,61,4,7.0
31,61,4,8.09
32,61,4,7.64
33,61,4,6.86
34,61,4,7.56
35,61,4,7.63
36,61,4,6.85
37,61,4,7.09
38,61,4,6.99
39,61,4,7.15
40,61,4,6.11
41,61,4,6.81
42,61,4,7.71
43,61,4,6.83
44,61,4,6.8
45,61,4,6.81
46,61,4,6.95
47,61,4,8.29
48,61,4,7.56
49,61,4,7.01
50,61,4,8.41
51,61,4,7.07
52,61,4,7.7
53,61,4,7.0
54,61,4,5.99
55,61,4,5.71
56,61,4,6.55
57,61,4,6.65
58,61,4,7.5
59,61,4,6.34
60,61,4,5.99
61,61,4,7.87
62,61,4,7.43
63,61,4,6.37
64,61,4,6.51
65,61,4,7.52
66,61,4,5.72
67,61,4,8.56
68,61,4,6.11
69,61,4,7.1
70,61,4,7.52
71,61,4,5.94
72,61,4,6.08
73,61,4,6.01
74,61,4,5.94
75,61,4,8.53
76,61,4,6.52
77,61,4,7.06
78,61,4,7.09
79,61,4,7.18
80,61,4,8.59
81,61,4,7.85
82,61,4,7.2
83,61,4,7.65
84,61,4,7.98
85,61,4,7.09
86,61,4,6.47
87,61,4,7.34
88,61,4,8.08
89,61,4,6.25
90,61,4,7.41
91,61,4,8.43
92,61,4,8.24
93,61,4,7.84
94,61,4,7.62
95,61,4,8.1
96,61,4,6.52
97,61,4,7.62
98,61,4,7.58
99,61,4,6.55
0,62,4,7.53
1,62,4,7.42
2,62,4,7.35
3,62,4,6.59
4,62,4,7.22
5,62,4,8.55
6,62,4,8.03
7,62,4,7.29
8,62,4,6.58
9,62,4,7.3
10,62,4,7.56
11,62,4,6.58
12,62,4,6.89
13,62,4,6.92
14,62,4,7.08
15,62,4,8.6
16,62,4,6.94
17,62,4,7.76
18,62,4,6.91
19,62,4,5.92
20,62,4,7.09
21,62,4,7.2
22,62,4,7.53
23,62,4,7.17
24,62,4,8.26
25,62,4,6.61
26,62,4,8.73
27,62,4,8.51
28,62,4,7.55
29,62,4,8.31
30,62,4,6.35
31,62,4,6.55
32,62,4,8.12
33,62,4,6.82
34,62,4,7.4
35,62,4,7.5
36,62,4,7.19
37,62,4,6.94
38,62,4,6.81
39,62,4,7.93
40,62,4,7.73
41,62,4,6.7
42,62,4,6.57
43,62,4,7.52
44,62,4,6.51
45,62,4,4.39
46,62,4,6.22
47,62,4,9.49
48,62,4,7.15
49,62,4,8.36
50,62,4,7.51
51,62,4,7.52
52,62,4,7.68
53,62,4,6.97
54,62,4,4.38
55,62,4,7.58
56,62,4,6.34
57,62,4,7.71
58,62,4,6.73
59,62,4,5.64
60,62,4,5.74
61,62,4,7.2
62,62,4,5.9
63,62,4,7.15
64,62,4,8.18
65,62,4,7.24
66,62,4,7.79
67,62,4,7.11
68,62,4,6.42
69,62,4,7.51
70,62,4,7.62
71,62,4,6.08
72,62,4,7.62
73,62,4,8.65
74,62,4,8.34
75,62,4,7.22
76,62,4,6.68
77,62,4,8.28
78,62,4,7.28
79,62,4,8.27
80,62,4,7.72
81,62,4,7.92
82,62,4,7.74
83,62,4,7.33
84,62,4,6.37
85,62,4,8.79
86,62,4,7.82
87,62,4,7.44
88,62,4,7.44
89,62,4,7.15
90,62,4,7.36
91,62,4,8.08
92,62,4,6.41
93,62,4,6.92
94,62,4,6.32
95,62,4,8.32
96,62,4,8.3
97,62,4,4.81
98,62,4,8.88
99,62,4,7.86
0,63,4,6.68
1,63,4,7.77
2,63,4,7.19
3,63,4,7.81
4,63,4,8.41
5,63,4,7.81
6,63,4,6.74
7,63,4,7.56
8,63,4,6.06
9,63,4,5.78
10,63,4,8.13
11,63,4,6.35
12,63,4,6.39
13,63,4,6.5
14,63,4,6.97
15,63,4,6.92
16,63,4,7.59
17,63,4,8.28
18,63,4,6.93
19,63,4,7.71
20,63,4,5.7
21,63,4,7.39
22,63,4,5.17
23,63,4,7.19
24,63,4,7.18
25,63,4,7.41
26,63,4,6.13
27,63,4,9.3
28,63,4,7.37
29,63,4,5.78
30,63,4,7.66
31,63,4,5.76
32,63,4,7.46
33,63,4,7.8
34,63,4,6.22
35,63,4,8.51
36,63,4,6.87
37,63,4,7.79
38,63,4,7.32
39,63,4,6.24
40,63,4,6.33
41,63,4,6.6
42,63,4,7.93
43,63,4,8.44
44,63,4,9.24
45,63,4,7.52
46,63,4,7.18
47,63,4,7.07
48,63,4,6.28
49,63,4,7.6
50,63,4,7.69
51,63,4,6.83
52,63,4,7.78
53,63,4,6.18
54,63,4,6.19
55,63,4,6.18
56,63,4,6.12
57,63,4,8.08
58,63,4,7.09
59,63,4,7.83
60,63,4,7.37
61,63,4,6.82
62,63,4,6.79
63,63,4,7.16
64,63,4,6.48
65,63,4,8.92
66,63,4,5.99
67,63,4,7.57
68,63,4,7.47
69,63,4,7.77
70,63,4,8.29
71,63,4,8.68
72,63,4,6.77
73,63,4,8.59
74,63,4,6.73
75,63,4,6.48
76,63,4,7.19
77,63,4,7.6
78,63,4,7.2
79,63,4,6.94
80,63,4,8.03
81,63,4,6.51
82,63,4,5.66
83,63,4,6.52
84,63,4,6.6
85,63,4,7.55
86,63,4,6.82
87,63,4,8.07
88,63,4,7.22
89,63,4,8.05
90,63,4,8.07
91,63,4,7.98
92,63,4,8.16
93,63,4,5.85
94,63,4,7.34
95,63,4,6.23
96,63,4,6.88
97,63,4,7.68
98,63,4,7.81
99,63,4,7.28
0,64,4,5.79
1,64,4,7.23
2,64,4,7.19
3,64,4,8.58
4,64,4,5.8
5,64,4,7.84
6,64,4,7.53
7,64,4,6.98
8,64,4,7.12
9,64,4,8.83
10,64,4,9.27
11,64,4,8.19
12,64,4,7.17
13,64,4,7.01
14,64,4,8.07
15,64,4,7.6
16,64,4,7.22
17,64,4,6.54
18,64,4,8.63
19,64,4,7.99
20,64,4,7.55
21,64,4,6.54
22,64,4,6.65
23,64,4,6.96
24,64,4,7.85
25,64,4,6.35
26,64,4,6.41
27,64,4,9.05
28,64,4,8.04
29,64,4,5.65
30,64,4,8.19
31,64,4,7.92
32,64,4,7.55
33,64,4,8.38
34,64,4,7.34
35,64,4,7.06
36,64,4,7.3
37,64,4,7.56
38,64,4,5.73
39,64,4,6.39
40,64,4,7.74
41,64,4,8.42
42,64,4,6.45
43,64,4,8.11
44,64,4,6.85
45,64,4,4.52
46,64,4,7.98
47,64,4,7.99
48,64,4,6.75
49,64,4,4.34
50,64,4,5.37
51,64,4,7.08
52,64,4,7.41
53,64,4,6.62
54,64,4,6.87
55,64,4,7.36
56,64,4,8.0
57,64,4,7.37
58,64,4,8.85
59,64,4,7.2
60,64,4,5.92
61,64,4,6.07
62,64,4,6.81
63,64,4,5.88
64,64,4,7.54
65,64,4,7.69
66,64,4,7.21
67,64,4,6.52
68,64,4,6.85
69,64,4,9.63
70,64,4,7.45
71,64,4,7.52
72,64,4,7.69
73,64,4,7.98
74,64,4,7.54
75,64,4,7.84
76,64,4,6.48
77,64,4,8.46
78,64,4,6.94
79,64,4,8.12
80,64,4,7.3
81,64,4,8.16
82,64,4,6.13
83,64,4,7.67
84,64,4,7.75
85,64,4,8.71
86,64,4,7.83
87,64,4,6.77
88,64,4,7.39
89,64,4,6.99
90,64,4,6.65
91,64,4,8.83
92,64,4,6.08
93,64,4,7.02
94,64,4,7.8
95,64,4,8.0
96,64,4,7.47
97,64,4,7.51
98,64,4,7.22
99,64,4,7.44
0,65,4,7.36
1,65,4,6.04
2,65,4,10.36
3,65,4,6.34
4,65,4,5.84
5,65,4,6.41
6,65,4,6.99
7,65,4,8.48
8,65,4,6.57
9,65,4,6.61
10,65,4,8.32
11,65,4,7.07
12,65,4,6.43
13,65,4,7.44
14,65,4,6.98
15,65,4,6.79
16,65,4,7.45
17,65,4,7.42
18,65,4,7.66
19,65,4,6.94
20,65,4,7.93
21,65,4,6.73
22,65,4,6.69
23,65,4,7.27
24,65,4,8.61
25,65,4,8.09
26,65,4,6.53
27,65,4,7.55
28,65,4,7.23
29,65,4,5.83
30,65,4,8.27
31,65,4,8.19
32,65,4,8.13
33,65,4,7.07
34,65,4,7.21
35,65,4,7.65
36,65,4,8.23
37,65,4,6.35
38,65,4,6.82
39,65,4,8.06
40,65,4,6.51
41,65,4,7.47
42,65,4,7.86
43,65,4,8.14
44,65,4,7.3
45,65,4,7.88
46,65,4,7.09
47,65,4,7.34
48,65,4,7.77
49,65,4,8.05
50,65,4,7.64
51,65,4,7.92
52,65,4,7.03
53,65,4,6.63
54,65,4,5.76
55,65,4,8.56
56,65,4,5.05
57,65,4,6.63
58,65,4,7.0
59,65,4,6.24
60,65,4,6.51
61,65,4,6.61
62,65,4,8.25
63,65,4,8.09
64,65,4,7.23
65,65,4,7.86
66,65,4,6.17
67,65,4,7.71
68,65,4,6.58
69,65,4,6.23
70,65,4,9.11
71,65,4,9.25
72,65,4,7.63
73,65,4,6.91
74,65,4,8.07
75,65,4,7.75
76,65,4,7.8
77,65,4,7.14
78,65,4,8.12
79,65,4,8.06
80,65,4,6.81
81,65,4,7.89
82,65,4,7.56
83,65,4,8.15
84,65,4,7.04
85,65,4,7.54
86,65,4,8.73
87,65,4,7.53
88,65,4,6.14
89,65,4,8.89
90,65,4,7.68
91,65,4,7.62
92,65,4,6.1
93,65,4,6.66
94,65,4,8.03
95,65,4,5.21
96,65,4,8.96
97,65,4,8.28
98,65,4,7.24
99,65,4,6.66
0,66,4,8.16
1,66,4,6.38
2,66,4,7.9
3,66,4,8.3
4,66,4,6.35
5,66,4,5.58
6,66,4,6.49
7,66,4,7.61
8,66,4,8.04
9,66,4,7.73
10,66,4,6.61
11,66,4,8.45
12,66,4,8.31
13,66,4,7.17
14,66,4,7.81
15,66,4,7.44
16,66,4,6.8
17,66,4,7.27
18,66,4,7.21
19,66,4,7.1
20,66,4,5.39
21,66,4,6.42
22,66,4,7.18
23,66,4,6.74
24,66,4,6.96
25,66,4,7.41
26,66,4,7.66
27,66,4,7.13
28,66,4,7.7
29,66,4,8.83
30,66,4,7.67
31,66,4,8.3
32,66,4,7.52
33,66,4,8.4
34,66,4,7.75
35,66,4,6.11
36,66,4,7.47
37,66,4,5.48
38,66,4,8.57
39,66,4,6.52
40,66,4,7.46
41,66,4,6.77
42,66,4,7.12
43,66,4,7.78
44,66,4,7.22
45,66,4,7.52
46,66,4,7.42
47,66,4,6.73
48,66,4,7.97
49,66,4,6.04
50,66,4,6.31
51,66,4,7.15
52,66,4,5.34
53,66,4,8.34
54,66,4,8.08
55,66,4,7.42
56,66,4,8.0
57,66,4,6.93
58,66,4,8.71
59,66,4,6.15
60,66,4,7.54
61,66,4,8.36
62,66,4,6.84
63,66,4,7.66
64,66,4,7.46
65,66,4,7.1
66,66,4,8.02
67,66,4,7.61
68,66,4,8.98
69,66,4,8.98
70,66,4,7.92
71,66,4,8.73
72,66,4,6.69
73,66,4,7.27
74,66,4,8.79
75,66,4,7.46
76,66,4,7.58
77,66,4,5.5
78,66,4,5.1
79,66,4,8.26
80,66,4,8.0
81,66,4,6.79
82,66,4,6.99
83,66,4,6.4
84,66,4,6.06
85,66,4,7.56
86,66,4,7.05
87,66,4,6.02
88,66,4,7.09
89,66,4,7.96
90,66,4,7.03
91,66,4,7.83
92,66,4,7.3
93,66,4,9.06
94,66,4,6.65
95,66,4,7.08
96,66,4,6.44
97,66,4,8.97
98,66,4,6.76
99,66,4,8.84
0,67,4,8.36
1,67,4,7.55
2,67,4,8.37
3,67,4,8.35
4,67,4,7.64
5,67,4,6.17
6,67,4,7.67
7,67,4,5.49
8,67,4,6.87
9,67,4,6.47
10,67,4,6.1
11,67,4,5.63
12,67,4,5.84
13,67,4,6.61
14,67,4,6.95
15,67,4,5.05
16,67,4,7.55
17,67,4,5.67
18,67,4,5.99
19,67,4,8.15
20,67,4,7.39
21,67,4,8.66
22,67,4,8.43
23,67,4,6.76
24,67,4,8.95
25,67,4,6.79
26,67,4,5.81
27,67,4,7.35
28,67,4,7.63
29,67,4,8.68
30,67,4,5.49
31,67,4,4.83
32,67,4,6.69
33,67,4,7.56
34,67,4,6.94
35,67,4,7.75
36,67,4,4.68
37,67,4,7.07
38,67,4,6.48
39,67,4,7.69
40,67,4,8.07
41,67,4,7.55
42,67,4,6.75
43,67,4,8.16
44,67,4,5.31
45,67,4,9.11
46,67,4,8.73
47,67,4,5.87
48,67,4,6.74
49,67,4,6.4
50,67,4,8.41
51,67,4,8.54
52,67,4,7.36
53,67,4,7.39
54,67,4,8.28
55,67,4,6.44
56,67,4,7.41
57,67,4,7.89
58,67,4,7.45
59,67,4,7.95
60,67,4,7.4
61,67,4,7.62
62,67,4,6.95
63,67,4,9.02
64,67,4,8.16
65,67,4,8.43
66,67,4,6.27
67,67,4,6.85
68,67,4,5.5
69,67,4,7.18
70,67,4,8.37
71,67,4,5.59
72,67,4,5.84
73,67,4,4.9
74,67,4,7.61
75,67,4,8.04
76,67,4,5.72
77,67,4,6.89
78,67,4,7.39
79,67,4,6.49
80,67,4,7.47
81,67,4,8.1
82,67,4,6.35
83,67,4,6.7
84,67,4,7.91
85,67,4,7.7
86,67,4,7.2
87,67,4,9.04
88,67,4,7.15
89,67,4,6.65
90,67,4,7.05
91,67,4,7.5
92,67,4,7.51
93,67,4,6.53
94,67,4,8.39
95,67,4,7.44
96,67,4,8.47
97,67,4,7.03
98,67,4,7.27
99,67,4,7.1
0,68,4,8.56
1,68,4,8.38
2,68,4,7.01
3,68,4,8.86
4,68,4,7.18
5,68,4,7.81
6,68,4,6.93
7,68,4,8.45
8,68,4,8.13
9,68,4,8.36
10,68,4,7.17
11,68,4,8.13
12,68,4,8.2
13,68,4,8.38
14,68,4,8.7
15,68,4,8.3
16,68,4,6.67
17,68,4,6.69
18,68,4,8.17
19,68,4,6.98
20,68,4,6.83
21,68,4,7.25
22,68,4,7.85
23,68,4,8.37
24,68,4,5.98
25,68,4,7.21
26,68,4,6.88
27,68,4,9.42
28,68,4,8.2
29,68,4,5.77
30,68,4,6.81
31,68,4,7.64
32,68,4,7.39
33,68,4,7.23
34,68,4,8.63
35,68,4,6.72
36,68,4,7.16
37,68,4,6.52
38,68,4,8.02
39,68,4,7.01
40,68,4,6.62
41,68,4,6.68
42,68,4,5.51
43,68,4,7.26
44,68,4,7.16
45,68,4,7.01
46,68,4,7.35
47,68,4,8.1
48,68,4,6.47
49,68,4,8.33
50,68,4,6.61
51,68,4,7.48
52,68,4,5.97
53,68,4,8.15
54,68,4,7.34
55,68,4,8.02
56,68,4,7.55
57,68,4,6.22
58,68,4,6.85
59,68,4,9.33
60,68,4,7.88
61,68,4,7.44
62,68,4,8.33
63,68,4,8.16
64,68,4,6.82
65,68,4,7.56
66,68,4,6.67
67,68,4,6.72
68,68,4,5.51
69,68,4,7.57
70,68,4,7.15
71,68,4,7.3
72,68,4,8.7
73,68,4,6.7
74,68,4,7.69
75,68,4,6.76
76,68,4,8.31
77,68,4,5.77
78,68,4,7.72
79,68,4,7.69
80,68,4,7.37
81,68,4,5.92
82,68,4,7.72
83,68,4,8.46
84,68,4,7.47
85,68,4,5.92
86,68,4,8.88
87,68,4,7.91
88,68,4,7.21
89,68,4,7.54
90,68,4,8.32
91,68,4,8.29
92,68,4,6.88
93,68,4,5.26
94,68,4,7.27
95,68,4,7.08
96,68,4,5.07
97,68,4,7.59
98,68,4,7.09
99,68,4,10.01
0,69,4,8.33
1,69,4,7.98
2,69,4,6.79
3,69,4,7.82
4,69,4,7.56
5,69,4,7.98
6,69,4,6.74
7,69,4,5.8
8,69,4,6.38
9,69,4,7.51
10,69,4,8.91
11,69,4,7.51
12,69,4,7.84
13,69,4,6.75
14,69,4,7.17
15,69,4,8.83
16,69,4,7.21
17,69,4,6.53
18,69,4,7.7
19,69,4,6.58
20,69,4,7.0
21,69,4,8.99
22,69,4,6.93
23,69,4,8.6
24,69,4,7.98
25,69,4,7.71
26,69,4,5.98
27,69,4,7.99
28,69,4,6.72
29,69,4,7.14
30,69,4,7.41
31,69,4,6.09
32,69,4,7.73
33,69,4,6.84
34,69,4,6.56
35,69,4,7.24
36,69,4,7.73
37,69,4,6.69
38,69,4,8.26
39,69,4,7.35
40,69,4,6.18
41,69,4,6.02
42,69,4,7.61
43,69,4,7.55
44,69,4,5.56
45,69,4,7.53
46,69,4,7.21
47,69,4,8.3
48,69,4,6.91
49,69,4,6.46
50,69,4,6.42
51,69,4,7.64
52,69,4,7.99
53,69,4,7.97
54,69,4,6.17
55,69,4,6.46
56,69,4,8.45
57,69,4,7.62
58,69,4,7.11
59,69,4,6.83
60,69,4,6.52
61,69,4,6.83
62,69,4,8.91
63,69,4,5.02
64,69,4,7.14
65,69,4,7.33
66,69,4,7.92
67,69,4,7.19
68,69,4,8.09
69,69,4,6.99
70,69,4,8.57
71,69,4,8.25
72,69,4,7.49
73,69,4,6.5
74,69,4,6.72
75,69,4,8.61
76,69,4,8.96
77,69,4,8.45
78,69,4,7.45
79,69,4,8.5
80,69,4,7.55
81,69,4,6.91
82,69,4,6.68
83,69,4,7.0
84,69,4,6.96
85,69,4,8.08
86,69,4,8.52
87,69,4,6.8
88,69,4,7.76
89,69,4,7.69
90,69,4,7.78
91,69,4,8.41
92,69,4,7.93
93,69,4,7.93
94,69,4,6.79
95,69,4,5.8
96,69,4,8.15
97,69,4,6.07
98,69,4,6.53
99,69,4,7.22
0,70,4,7.68
1,70,4,5.37
2,70,4,6.82
3,70,4,9.19
4,70,4,9.24
5,70,4,6.46
6,70,4,6.73
7,70,4,6.92
8,70,4,8.16
9,70,4,7.64
10,70,4,7.39
11,70,4,6.53
12,70,4,6.04
13,70,4,8.55
14,70,4,6.88
15,70,4,7.48
16,70,4,6.66
17,70,4,7.7
18,70,4,6.81
19,70,4,7.37
20,70,4,8.67
21,70,4,7.13
22,70,4,8.29
23,70,4,8.83
24,70,4,7.93
25,70,4,7.93
26,70,4,8.25
27,70,4,7.09
28,70,4,5.95
29,70,4,6.32
30,70,4,9.0
31,70,4,6.91
32,70,4,7.03
33,70,4,9.01
34,70,4,7.13
35,70,4,8.9
36,70,4,7.63
37,70,4,8.9
38,70,4,7.24
39,70,4,7.89
40,70,4,6.01
41,70,4,7.38
42,70,4,6.66
43,70,4,9.64
44,70,4,7.85
45,70,4,7.52
46,70,4,8.13
47,70,4,8.26
48,70,4,6.81
49,70,4,6.83
50,70,4,7.89
51,70,4,8.15
52,70,4,6.83
53,70,4,7.71
54,70,4,7.94
55,70,4,7.35
56,70,4,6.49
57,70,4,8.0
58,70,4,6.94
59,70,4,8.06
60,70,4,7.12
61,70,4,7.36
62,70,4,7.49
63,70,4,7.14
64,70,4,9.59
65,70,4,7.22
66,70,4,4.79
67,70,4,6.98
68,70,4,9.03
69,70,4,7.78
70,70,4,8.08
71,70,4,8.92
72,70,4,8.45
73,70,4,8.52
74,70,4,8.63
75,70,4,7.01
76,70,4,7.0
77,70,4,6.57
78,70,4,7.67
79,70,4,7.29
80,70,4,6.46
81,70,4,8.32
82,70,4,7.12
83,70,4,8.43
84,70,4,7.03
85,70,4,6.14
86,70,4,8.63
87,70,4,6.0
88,70,4,7.06
89,70,4,6.88
90,70,4,7.71
91,70,4,9.56
92,70,4,6.21
93,70,4,6.5
94,70,4,7.81
95,70,4,6.92
96,70,4,6.19
97,70,4,7.1
98,70,4,7.75
99,70,4,8.35
0,71,4,8.73
1,71,4,7.27
2,71,4,5.73
3,71,4,7.4
4,71,4,6.89
5,71,4,7.22
6,71,4,6.76
7,71,4,8.72
8,71,4,8.0
9,71,4,7.11
10,71,4,8.06
11,71,4,8.41
12,71,4,7.58
13,71,4,7.85
14,71,4,7.47
15,71,4,7.77
16,71,4,6.97
17,71,4,6.91
18,71,4,6.63
19,71,4,8.36
20,71,4,7.26
21,71,4,7.16
22,71,4,8.48
23,71,4,10.17
24,71,4,9.57
25,71,4,7.74
26,71,4,9.12
27,71,4,9.63
28,71,4,6.79
29,71,4,6.49
30,71,4,9.06
31,71,4,6.07
32,71,4,6.36
33,71,4,6.93
34,71,4,7.17
35,71,4,6.44
36,71,4,7.37
37,71,4,7.96
38,71,4,5.39
39,71,4,7.22
40,71,4,6.57
41,71,4,8.58
42,71,4,6.49
43,71,4,5.05
44,71,4,7.37
45,71,4,8.36
46,71,4,9.05
47,71,4,7.5
48,71,4,7.25
49,71,4,8.1
50,71,4,6.9
51,71,4,7.05
52,71,4,6.66
53,71,4,6.57
54,71,4,7.93
55,71,4,5.94
56,71,4,6.48
57,71,4,7.78
58,71,4,8.05
59,71,4,8.05
60,71,4,7.43
61,71,4,7.04
62,71,4,5.74
63,71,4,6.47
64,71,4,6.8
65,71,4,7.79
66,71,4,7.97
67,71,4,6.14
68,71,4,7.62
69,71,4,7.38
70,71,4,7.05
71,71,4,6.67
72,71,4,7.49
73,71,4,7.86
74,71,4,6.22
75,71,4,6.26
76,71,4,8.39
77,71,4,7.52
78,71,4,7.16
79,71,4,6.99
80,71,4,7.79
81,71,4,7.13
82,71,4,6.17
83,71,4,6.73
84,71,4,6.16
85,71,4,6.94
86,71,4,6.81
87,71,4,8.63
88,71,4,5.18
89,71,4,6.68
90,71,4,5.62
91,71,4,8.37
92,71,4,8.49
93,71,4,7.01
94,71,4,8.41
95,71,4,6.01
96,71,4,6.15
97,71,4,7.29
98,71,4,7.99
99,71,4,7.47
0,72,4,5.74
1,72,4,8.39
2,72,4,8.4
3,72,4,7.1
4,72,4,9.62
5,72,4,7.53
6,72,4,6.41
7,72,4,6.58
8,72,4,6.88
9,72,4,7.11
10,72,4,7.66
11,72,4,7.17
12,72,4,7.31
13,72,4,8.16
14,72,4,6.81
15,72,4,8.26
16,72,4,7.98
17,72,4,6.45
18,72,4,8.64
19,72,4,9.72
20,72,4,8.45
21,72,4,7.51
22,72,4,7.44
23,72,4,9.14
24,72,4,9.37
25,72,4,8.83
26,72,4,8.65
27,72,4,8.88
28,72,4,8.96
29,72,4,6.58
30,72,4,8.26
31,72,4,7.65
32,72,4,6.57
33,72,4,8.82
34,72,4,5.77
35,72,4,6.61
36,72,4,6.81
37,72,4,6.28
38,72,4,6.96
39,72,4,6.94
40,72,4,8.77
41,72,4,7.49
42,72,4,7.89
43,72,4,5.79
44,72,4,8.23
45,72,4,7.9
46,72,4,8.29
47,72,4,6.92
48,72,4,6.74
49,72,4,6.73
50,72,4,5.79
51,72,4,8.3
52,72,4,7.3
53,72,4,6.72
54,72,4,7.64
55,72,4,8.41
56,72,4,8.15
57,72,4,5.92
58,72,4,8.1
59,72,4,7.39
60,72,4,6.36
61,72,4,7.65
62,72,4,8.17
63,72,4,7.33
64,72,4,6.84
65,72,4,7.17
66,72,4,6.41
67,72,4,6.72
68,72,4,7.0
69,72,4,7.2
70,72,4,8.33
71,72,4,7.82
72,72,4,7.89
73,72,4,7.0
74,72,4,8.31
75,72,4,8.71
76,72,4,9.18
77,72,4,8.82
78,72,4,7.69
79,72,4,6.65
80,72,4,8.21
81,72,4,7.38
82,72,4,7.14
83,72,4,7.6
84,72,4,8.28
85,72,4,6.69
86,72,4,7.24
87,72,4,7.41
88,72,4,8.16
89,72,4,7.36
90,72,4,5.27
91,72,4,6.48
92,72,4,6.5
93,72,4,5.24
94,72,4,8.32
95,72,4,6.85
96,72,4,7.18
97,72,4,6.51
98,72,4,7.45
99,72,4,5.96
0,73,4,8.58
1,73,4,8.85
2,73,4,8.55
3,73,4,7.88
4,73,4,7.36
5,73,4,7.39
6,73,4,7.69
7,73,4,7.55
8,73,4,7.28
9,73,4,7.9
10,73,4,6.07
11,73,4,7.35
12,73,4,6.52
13,73,4,8.73
14,73,4,7.32
15,73,4,7.46
16,73,4,10.51
17,73,4,8.7
18,73,4,8.75
19,73,4,6.79
20,73,4,9.3
21,73,4,10.25
22,73,4,9.88
23,73,4,9.39
24,73,4,10.16
25,73,4,8.46
26,73,4,8.7
27,73,4,8.69
28,73,4,9.97
29,73,4,6.56
30,73,4,8.95
31,73,4,8.26
32,73,4,5.85
33,73,4,7.58
34,73,4,6.94
35,73,4,5.11
36,73,4,9.78
37,73,4,7.63
38,73,4,7.67
39,73,4,7.56
40,73,4,8.66
41,73,4,7.74
42,73,4,7.55
43,73,4,8.92
44,73,4,8.19
45,73,4,6.24
46,73,4,7.61
47,73,4,6.83
48,73,4,6.92
49,73,4,5.62
50,73,4,5.93
51,73,4,8.29
52,73,4,6.5
53,73,4,7.93
54,73,4,7.78
55,73,4,7.53
56,73,4,7.97
57,73,4,6.63
58,73,4,7.75
59,73,4,7.47
60,73,4,8.02
61,73,4,7.16
62,73,4,7.62
63,73,4,7.2
64,73,4,8.14
65,73,4,6.16
66,73,4,7.41
67,73,4,7.01
68,73,4,6.81
69,73,4,7.07
70,73,4,7.21
71,73,4,6.81
72,73,4,8.12
73,73,4,7.07
74,73,4,6.08
75,73,4,7.71
76,73,4,7.38
77,73,4,7.7
78,73,4,7.59
79,73,4,6.01
80,73,4,7.71
81,73,4,7.76
82,73,4,6.98
83,73,4,7.34
84,73,4,8.03
85,73,4,7.19
86,73,4,8.18
87,73,4,7.85
88,73,4,7.64
89,73,4,7.81
90,73,4,8.58
91,73,4,8.05
92,73,4,6.81
93,73,4,8.33
94,73,4,6.65
95,73,4,6.71
96,73,4,8.35
97,73,4,7.04
98,73,4,8.44
99,73,4,6.27
0,74,4,6.79
1,74,4,7.38
2,74,4,7.39
3,74,4,7.68
4,74,4,7.5
5,74,4,8.73
6,74,4,7.32
7,74,4,6.01
8,74,4,6.57
9,74,4,6.97
10,74,4,7.25
11,74,4,6.23
12,74,4,7.15
13,74,4,6.08
14,74,4,7.78
15,74,4,6.2
16,74,4,8.35
17,74,4,8.25
18,74,4,6.8
19,74,4,8.64
20,74,4,8.91
21,74,4,9.97
22,74,4,10.53
23,74,4,10.41
24,74,4,9.09
25,74,4,11.02
26,74,4,7.98
27,74,4,9.41
28,74,4,9.39
29,74,4,9.12
30,74,4,8.24
31,74,4,9.8
32,74,4,8.46
33,74,4,6.67
34,74,4,6.09
35,74,4,6.22
36,74,4,6.6
37,74,4,7.56
38,74,4,8.11
39,74,4,7.82
40,74,4,7.52
41,74,4,5.83
42,74,4,5.73
43,74,4,8.24
44,74,4,5.79
45,74,4,8.48
46,74,4,6.53
47,74,4,7.46
48,74,4,7.87
49,74,4,8.17
50,74,4,7.61
51,74,4,5.41
52,74,4,7.12
53,74,4,7.91
54,74,4,8.59
55,74,4,8.4
56,74,4,9.54
57,74,4,9.44
58,74,4,7.49
59,74,4,7.19
60,74,4,7.12
61,74,4,7.88
62,74,4,7.95
63,74,4,6.39
64,74,4,7.27
65,74,4,4.07
66,74,4,7.4
67,74,4,9.27
68,74,4,7.33
69,74,4,7.89
70,74,4,8.42
71,74,4,7.02
72,74,4,7.38
73,74,4,6.63
74,74,4,8.0
75,74,4,6.94
76,74,4,7.57
77,74,4,6.54
78,74,4,8.1
79,74,4,9.05
80,74,4,7.1
81,74,4,5.22
82,74,4,5.95
83,74,4,8.21
84,74,4,8.58
85,74,4,8.44
86,74,4,6.73
87,74,4,6.79
88,74,4,8.34
89,74,4,5.65
90,74,4,6.14
91,74,4,6.88
92,74,4,10.2
93,74,4,9.7
94,74,4,5.65
95,74,4,7.45
96,74,4,7.74
97,74,4,5.26
98,74,4,7.74
99,74,4,8.53
0,75,4,6.52
1,75,4,6.4
2,75,4,7.32
3,75,4,7.99
4,75,4,6.6
5,75,4,7.59
6,75,4,6.89
7,75,4,6.87
8,75,4,7.08
9,75,4,8.38
10,75,4,6.98
11,75,4,7.28
12,75,4,7.06
13,75,4,7.84
14,75,4,7.61
15,75,4,8.55
16,75,4,9.77
17,75,4,8.92
18,75,4,8.07
19,75,4,9.16
20,75,4,7.37
21,75,4,9.71
22,75,4,10.87
23,75,4,12.36
24,75,4,10.98
25,75,4,11.4
26,75,4,11.25
27,75,4,9.9
28,75,4,9.03
29,75,4,9.58
30,75,4,7.73
31,75,4,7.03
32,75,4,7.45
33,75,4,7.37
34,75,4,6.99
35,75,4,6.69
36,75,4,7.55
37,75,4,6.72
38,75,4,6.53
39,75,4,7.37
40,75,4,6.1
41,75,4,5.8
42,75,4,6.92
43,75,4,6.61
44,75,4,6.1
45,75,4,6.43
46,75,4,7.83
47,75,4,6.75
48,75,4,6.37
49,75,4,7.62
50,75,4,7.62
51,75,4,7.74
52,75,4,7.24
53,75,4,6.34
54,75,4,7.77
55,75,4,6.66
56,75,4,7.95
57,75,4,6.36
58,75,4,8.2
59,75,4,7.22
60,75,4,6.85
61,75,4,8.48
62,75,4,6.49
63,75,4,7.83
64,75,4,6.22
65,75,4,6.55
66,75,4,8.42
67,75,4,6.77
68,75,4,7.33
69,75,4,5.63
70,75,4,9.42
71,75,4,7.99
72,75,4,8.54
73,75,4,7.6
74,75,4,8.5
75,75,4,6.35
76,75,4,9.2
77,75,4,7.07
78,75,4,8.42
79,75,4,7.8
80,75,4,7.1
81,75,4,7.37
82,75,4,6.68
83,75,4,8.59
84,75,4,7.96
85,75,4,9.04
86,75,4,7.81
87,75,4,6.87
88,75,4,6.23
89,75,4,7.96
90,75,4,5.89
91,75,4,7.12
92,75,4,8.67
93,75,4,6.86
94,75,4,6.5
95,75,4,7.77
96,75,4,7.87
97,75,4,7.75
98,75,4,8.9
99,75,4,8.03
0,76,4,9.01
1,76,4,7.61
2,76,4,6.89
3,76,4,6.62
4,76,4,7.09
5,76,4,6.61
6,76,4,7.49
7,76,4,7.47
8,76,4,7.05
9,76,4,8.79
10,76,4,8.04
11,76,4,6.44
12,76,4,5.45
13,76,4,7.16
14,76,4,8.05
15,76,4,7.44
16,76,4,6.34
17,76,4,5.93
18,76,4,9.29
19,76,4,8.68
20,76,4,9.18
21,76,4,9.64
22,76,4,9.96
23,76,4,10.99
24,76,4,9.59
25,76,4,11.52
26,76,4,9.61
27,76,4,8.08
28,76,4,9.4
29,76,4,8.74
30,76,4,7.7
31,76,4,6.48
32,76,4,6.49
33,76,4,8.19
34,76,4,7.57
35,76,4,8.01
36,76,4,6.04
37,76,4,7.15
38,76,4,7.45
39,76,4,7.85
40,76,4,9.42
41,76,4,6.78
42,76,4,7.22
43,76,4,8.13
44,76,4,7.67
45,76,4,7.12
46,76,4,6.2
47,76,4,5.99
48,76,4,9.62
49,76,4,7.98
50,76,4,8.15
51,76,4,6.89
52,76,4,6.92
53,76,4,8.13
54,76,4,5.67
55,76,4,7.93
56,76,4,7.65
57,76,4,6.97
58,76,4,8.03
59,76,4,6.78
60,76,4,7.7
61,76,4,8.05
62,76,4,6.21
63,76,4,7.77
64,76,4,5.37
65,76,4,7.59
66,76,4,7.05
67,76,4,6.88
68,76,4,8.77
69,76,4,8.33
70,76,4,9.03
71,76,4,8.1
72,76,4,7.78
73,76,4,7.13
74,76,4,7.85
75,76,4,7.88
76,76,4,7.84
77,76,4,7.97
78,76,4,6.5
79,76,4,7.3
80,76,4,6.66
81,76,4,6.38
82,76,4,7.75
83,76,4,7.77
84,76,4,7.58
85,76,4,7.15
86,76,4,7.17
87,76,4,7.5
88,76,4,8.06
89,76,4,7.52
90,76,4,8.22
91,76,4,8.28
92,76,4,9.4
93,76,4,7.5
94,76,4,8.48
95,76,4,6.05
96,76,4,7.7
97,76,4,7.36
98,76,4,7.58
99,76,4,6.51
0,77,4,7.59
1,77,4,7.52
2,77,4,8.21
3,77,4,7.67
4,77,4,8.17
5,77,4,8.42
6,77,4,7.03
7,77,4,7.42
8,77,4,6.55
9,77,4,6.97
10,77,4,6.74
11,77,4,6.03
12,77,4,9.6
13,77,4,7.69
14,77,4,8.32
15,77,4,7.82
16,77,4,8.29
17,77,4,6.76
18,77,4,7.74
19,77,4,6.78
20,77,4,9.09
21,77,4,10.0
22,77,4,10.61
23,77,4,12.01
24,77,4,11.96
25,77,4,11.12
26,77,4,9.89
27,77,4,11.55
28,77,4,9.28
29,77,4,8.94
30,77,4,8.1
31,77,4,7.17
32,77,4,7.26
33,77,4,7.37
34,77,4,7.02
35,77,4,7.74
36,77,4,6.38
37,77,4,6.69
38,77,4,8.23
39,77,4,5.68
40,77,4,7.35
41,77,4,7.68
42,77,4,7.57
43,77,4,8.8
44,77,4,7.92
45,77,4,6.4
46,77,4,8.03
47,77,4,6.41
48,77,4,6.68
49,77,4,6.66
50,77,4,7.48
51,77,4,8.02
52,77,4,8.87
53,77,4,9.79
54,77,4,8.75
55,77,4,8.19
56,77,4,8.05
57,77,4,6.77
58,77,4,7.71
59,77,4,7.48
60,77,4,8.45
61,77,4,7.36
62,77,4,7.98
63,77,4,7.48
64,77,4,7.71
65,77,4,6.97
66,77,4,7.81
67,77,4,6.1
68,77,4,6.46
69,77,4,6.96
70,77,4,6.04
71,77,4,6.64
72,77,4,7.73
73,77,4,8.14
74,77,4,7.35
75,77,4,8.66
76,77,4,6.71
77,77,4,7.87
78,77,4,8.11
79,77,4,7.1
80,77,4,7.29
81,77,4,6.69
82,77,4,6.85
83,77,4,6.8
84,77,4,7.97
85,77,4,7.64
86,77,4,8.23
87,77,4,9.14
88,77,4,6.81
89,77,4,6.53
90,77,4,7.43
91,77,4,6.96
92,77,4,6.43
93,77,4,6.16
94,77,4,8.47
95,77,4,7.65
96,77,4,6.5
97,77,4,7.72
98,77,4,7.42
99,77,4,8.48
0,78,4,7.33
1,78,4,5.82
2,78,4,5.99
3,78,4,5.58
4,78,4,7.85
5,78,4,6.22
6,78,4,8.18
7,78,4,7.19
8,78,4,6.67
9,78,4,6.78
10,78,4,8.18
11,78,4,8.03
12,78,4,7.99
13,78,4,5.45
14,78,4,7.95
15,78,4,8.27
16,78,4,8.27
17,78,4,6.74
18,78,4,7.98
19,78,4,8.86
20,78,4,9.31
21,78,4,9.81
22,78,4,9.46
23,78,4,9.85
24,78,4,10.0
25,78,4,10.57
26,78,4,9.86
27,78,4,9.48
28,78,4,10.02
29,78,4,7.32
30,78,4,7.65
31,78,4,7.57
32,78,4,9.6
33,78,4,7.07
34,78,4,7.91
35,78,4,8.01
36,78,4,7.6
37,78,4,8.01
38,78,4,7.72
39,78,4,7.05
40,78,4,7.49
41,78,4,6.47
42,78,4,7.53
43,78,4,7.7
44,78,4,7.37
45,78,4,7.39
46,78,4,7.83
47,78,4,9.02
48,78,4,6.95
49,78,4,6.32
50,78,4,5.47
51,78,4,5.32
52,78,4,6.47
53,78,4,6.76
54,78,4,6.42
55,78,4,7.38
56,78,4,7.63
57,78,4,7.81
58,78,4,8.44
59,78,4,8.37
60,78,4,7.65
61,78,4,5.8
62,78,4,6.75
63,78,4,6.26
64,78,4,7.06
65,78,4,7.61
66,78,4,8.6
67,78,4,7.19
68,78,4,6.81
69,78,4,7.94
70,78,4,7.07
71,78,4,5.72
72,78,4,7.98
73,78,4,7.97
74,78,4,8.58
75,78,4,7.13
76,78,4,6.69
77,78,4,5.16
78,78,4,7.72
79,78,4,6.62
80,78,4,7.64
81,78,4,7.27
82,78,4,6.85
83,78,4,6.36
84,78,4,8.21
85,78,4,7.63
86,78,4,7.91
87,78,4,7.48
88,78,4,7.16
89,78,4,8.16
90,78,4,7.27
91,78,4,6.95
92,78,4,6.73
93,78,4,9.15
94,78,4,8.06
95,78,4,7.34
96,78,4,6.02
97,78,4,6.66
98,78,4,6.79
99,78,4,8.43
0,79,4,8.58
1,79,4,6.69
2,79,4,6.46
3,79,4,7.02
4,79,4,8.18
5,79,4,7.19
6,79,4,5.24
7,79,4,7.52
8,79,4,8.8
9,79,4,6.53
10,79,4,5.78
11,79,4,7.39
12,79,4,7.31
13,79,4,7.74
14,79,4,7.15
15,79,4,7.52
16,79,4,7.0
17,79,4,7.53
18,79,4,7.99
19,79,4,8.73
20,79,4,8.39
21,79,4,9.76
22,79,4,8.8
23,79,4,10.47
24,79,4,9.86
25,79,4,7.79
26,79,4,8.28
27,79,4,7.4
28,79,4,9.66
29,79,4,7.09
30,79,4,7.61
31,79,4,6.82
32,79,4,6.82
33,79,4,7.12
34,79,4,7.29
35,79,4,8.06
36,79,4,7.15
37,79,4,8.11
38,79,4,7.85
39,79,4,9.0
40,79,4,6.01
41,79,4,9.04
42,79,4,6.6
43,79,4,6.51
44,79,4,6.57
45,79,4,8.11
46,79,4,6.51
47,79,4,7.3
48,79,4,5.3
49,79,4,6.89
50,79,4,9.03
51,79,4,7.48
52,79,4,7.42
53,79,4,8.66
54,79,4,9.01
55,79,4,6.03
56,79,4,7.61
57,79,4,6.81
58,79,4,7.02
59,79,4,6.87
60,79,4,7.1
61,79,4,5.59
62,79,4,7.51
63,79,4,7.72
64,79,4,5.76
65,79,4,7.66
66,79,4,7.99
67,79,4,7.91
68,79,4,7.94
69,79,4,8.85
70,79,4,8.29
71,79,4,6.11
72,79,4,6.69
73,79,4,6.23
74,79,4,6.22
75,79,4,7.44
76,79,4,7.5
77,79,4,7.06
78,79,4,6.76
79,79,4,7.66
80,79,4,7.02
81,79,4,7.22
82,79,4,6.94
83,79,4,6.67
84,79,4,7.75
85,79,4,7.66
86,79,4,7.99
87,79,4,6.46
88,79,4,6.64
89,79,4,7.33
90,79,4,9.4
91,79,4,5.71
92,79,4,8.97
93,79,4,6.82
94,79,4,6.72
95,79,4,6.2
96,79,4,9.71
97,79,4,7.55
98,79,4,7.16
99,79,4,7.65
0,80,4,7.11
1,80,4,5.7
2,80,4,7.57
3,80,4,7.35
4,80,4,8.93
5,80,4,7.13
6,80,4,8.15
7,80,4,7.67
8,80,4,6.85
9,80,4,6.85
10,80,4,6.79
11,80,4,6.4
12,80,4,7.57
13,80,4,8.12
14,80,4,6.95
15,80,4,8.65
16,80,4,8.55
17,80,4,6.43
18,80,4,8.21
19,80,4,8.2
20,80,4,9.49
21,80,4,9.54
22,80,4,9.83
23,80,4,11.17
24,80,4,8.26
25,80,4,8.61
26,80,4,9.78
27,80,4,8.15
28,80,4,7.57
29,80,4,6.41
30,80,4,8.16
31,80,4,7.47
32,80,4,7.63
33,80,4,8.32
34,80,4,7.2
35,80,4,7.57
36,80,4,6.96
37,80,4,7.4
38,80,4,7.16
39,80,4,8.17
40,80,4,8.22
41,80,4,8.0
42,80,4,7.19
43,80,4,7.54
44,80,4,6.88
45,80,4,6.38
46,80,4,6.81
47,80,4,8.08
48,80,4,7.68
49,80,4,6.17
50,80,4,8.67
51,80,4,7.44
52,80,4,9.55
53,80,4,7.13
54,80,4,7.47
55,80,4,5.83
56,80,4,7.33
57,80,4,7.93
58,80,4,8.25
59,80,4,6.71
60,80,4,7.27
61,80,4,7.51
62,80,4,5.82
63,80,4,7.54
64,80,4,5.96
65,80,4,7.39
66,80,4,7.03
67,80,4,8.26
68,80,4,7.9
69,80,4,6.04
70,80,4,4.9
71,80,4,6.98
72,80,4,7.11
73,80,4,7.89
74,80,4,5.28
75,80,4,6.09
76,80,4,7.29
77,80,4,7.96
78,80,4,6.73
79,80,4,6.46
80,80,4,5.88
81,80,4,5.98
82,80,4,7.72
83,80,4,7.31
84,80,4,8.9
85,80,4,7.4
86,80,4,7.94
87,80,4,5.94
88,80,4,8.23
89,80,4,7.82
90,80,4,9.3
91,80,4,6.94
92,80,4,8.26
93,80,4,6.28
94,80,4,5.61
95,80,4,6.86
96,80,4,7.82
97,80,4,7.85
98,80,4,7.01
99,80,4,6.88
0,81,4,8.14
1,81,4,7.52
2,81,4,8.21
3,81,4,7.56
4,81,4,6.41
5,81,4,5.04
6,81,4,8.07
7,81,4,8.36
8,81,4,9.1
9,81,4,6.93
10,81,4,8.1
11,81,4,7.3
12,81,4,7.06
13,81,4,8.28
14,81,4,7.03
15,81,4,7.84
16,81,4,7.51
17,81,4,7.77
18,81,4,5.98
19,81,4,6.6
20,81,4,7.61
21,81,4,8.69
22,81,4,7.54
23,81,4,8.06
24,81,4,7.76
25,81,4,8.42
26,81,4,7.98
27,81,4,7.17
28,81,4,8.52
29,81,4,9.66
30,81,4,8.24
31,81,4,7.15
32,81,4,6.78
33,81,4,6.6
34,81,4,8.35
35,81,4,6.22
36,81,4,7.75
37,81,4,7.89
38,81,4,8.23
39,81,4,7.38
40,81,4,9.61
41,81,4,6.61
42,81,4,6.36
43,81,4,6.6
44,81,4,7.69
45,81,4,7.72
46,81,4,7.36
47,81,4,6.11
48,81,4,7.54
49,81,4,6.57
50,81,4,7.45
51,81,4,6.19
52,81,4,6.52
53,81,4,6.6
54,81,4,7.98
55,81,4,8.16
56,81,4,5.7
57,81,4,6.59
58,81,4,8.33
59,81,4,7.67
60,81,4,7.05
61,81,4,7.17
62,81,4,6.99
63,81,4,8.02
64,81,4,8.18
65,81,4,7.28
66,81,4,8.34
67,81,4,7.72
68,81,4,8.42
69,81,4,7.26
70,81,4,7.94
71,81,4,6.92
72,81,4,5.35
73,81,4,7.09
74,81,4,5.72
75,81,4,7.31
76,81,4,6.65
77,81,4,9.22
78,81,4,5.9
79,81,4,7.22
80,81,4,6.2
81,81,4,6.91
82,81,4,7.15
83,81,4,6.82
84,81,4,7.98
85,81,4,6.26
86,81,4,7.74
87,81,4,6.83
88,81,4,7.2
89,81,4,8.55
90,81,4,7.23
91,81,4,8.02
92,81,4,8.41
93,81,4,8.38
94,81,4,8.56
95,81,4,7.01
96,81,4,6.54
97,81,4,8.44
98,81,4,8.31
99,81,4,5.3
0,82,4,7.36
1,82,4,7.3
2,82,4,6.95
3,82,4,7.49
4,82,4,7.64
5,82,4,9.19
6,82,4,5.74
7,82,4,7.43
8,82,4,7.24
9,82,4,8.41
10,82,4,6.7
11,82,4,6.89
12,82,4,7.32
13,82,4,6.78
14,82,4,6.67
15,82,4,7.22
16,82,4,7.02
17,82,4,7.97
18,82,4,7.07
19,82,4,8.74
20,82,4,7.98
21,82,4,7.22
22,82,4,7.91
23,82,4,8.93
24,82,4,7.56
25,82,4,8.74
26,82,4,6.35
27,82,4,7.87
28,82,4,7.63
29,82,4,9.62
30,82,4,6.4
31,82,4,9.41
32,82,4,7.61
33,82,4,6.37
34,82,4,7.79
35,82,4,5.44
36,82,4,8.4
37,82,4,6.76
38,82,4,6.69
39,82,4,7.92
40,82,4,8.41
41,82,4,7.49
42,82,4,6.75
43,82,4,7.96
44,82,4,6.77
45,82,4,9.51
46,82,4,7.54
47,82,4,7.14
48,82,4,6.98
49,82,4,7.26
50,82,4,6.44
51,82,4,7.83
52,82,4,7.96
53,82,4,7.49
54,82,4,8.23
55,82,4,6.68
56,82,4,6.67
57,82,4,7.69
58,82,4,7.16
59,82,4,5.25
60,82,4,6.17
61,82,4,6.59
62,82,4,7.03
63,82,4,8.84
64,82,4,7.55
65,82,4,7.58
66,82,4,7.49
67,82,4,5.33
68,82,4,7.72
69,82,4,7.5
70,82,4,8.37
71,82,4,6.82
72,82,4,7.74
73,82,4,8.46
74,82,4,7.83
75,82,4,6.89
76,82,4,6.99
77,82,4,7.18
78,82,4,8.26
79,82,4,6.49
80,82,4,6.47
81,82,4,5.31
82,82,4,6.92
83,82,4,7.6
84,82,4,7.6
85,82,4,7.41
86,82,4,8.17
87,82,4,7.61
88,82,4,7.31
89,82,4,7.31
90,82,4,8.66
91,82,4,6.76
92,82,4,7.59
93,82,4,6.58
94,82,4,6.1
95,82,4,5.93
96,82,4,7.39
97,82,4,8.34
98,82,4,7.77
99,82,4,7.95
0,83,4,6.79
1,83,4,7.39
2,83,4,8.24
3,83,4,8.09
4,83,4,7.62
5,83,4,6.54
6,83,4,7.18
7,83,4,6.94
8,83,4,6.41
9,83,4,5.85
10,83,4,6.85
11,83,4,8.92
12,83,4,6.91
13,83,4,6.02
14,83,4,7.36
15,83,4,7.42
16,83,4,8.47
17,83,4,7.09
18,83,4,6.6
19,83,4,7.49
20,83,4,6.78
21,83,4,7.61
22,83,4,8.9
23,83,4,9.57
24,83,4,8.45
25,83,4,7.01
26,83,4,6.68
27,83,4,7.58
28,83,4,7.98
29,83,4,8.4
30,83,4,5.68
31,83,4,6.99
32,83,4,6.86
33,83,4,6.85
34,83,4,7.42
35,83,4,7.78
36,83,4,7.19
37,83,4,7.64
38,83,4,7.0
39,83,4,9.16
40,83,4,8.58
41,83,4,7.64
42,83,4,7.25
43,83,4,7.35
44,83,4,8.52
45,83,4,6.68
46,83,4,7.65
47,83,4,6.99
48,83,4,5.52
49,83,4,7.79
50,83,4,7.17
51,83,4,8.32
52,83,4,7.23
53,83,4,7.64
54,83,4,6.99
55,83,4,7.87
56,83,4,6.21
57,83,4,7.76
58,83,4,7.53
59,83,4,5.4
60,83,4,5.97
61,83,4,6.46
62,83,4,6.55
63,83,4,5.61
64,83,4,6.31
65,83,4,6.03
66,83,4,8.02
67,83,4,7.01
68,83,4,6.91
69,83,4,5.59
70,83,4,7.81
71,83,4,7.79
72,83,4,8.27
73,83,4,6.45
74,83,4,7.99
75,83,4,8.22
76,83,4,7.35
77,83,4,6.15
78,83,4,7.38
79,83,4,9.2
80,83,4,7.73
81,83,4,6.71
82,83,4,7.85
83,83,4,6.4
84,83,4,9.37
85,83,4,9.01
86,83,4,6.93
87,83,4,6.84
88,83,4,5.99
89,83,4,6.98
90,83,4,6.88
91,83,4,7.58
92,83,4,7.44
93,83,4,7.65
94,83,4,7.69
95,83,4,8.4
96,83,4,8.06
97,83,4,5.54
98,83,4,7.17
99,83,4,6.99
0,84,4,7.6
1,84,4,7.21
2,84,4,6.63
3,84,4,8.45
4,84,4,8.62
5,84,4,6.56
6,84,4,8.48
7,84,4,7.44
8,84,4,7.8
9,84,4,7.39
10,84,4,7.56
11,84,4,6.16
12,84,4,6.9
13,84,4,8.44
14,84,4,8.96
15,84,4,5.99
16,84,4,6.05
17,84,4,8.58
18,84,4,6.73
19,84,4,8.25
20,84,4,8.17
21,84,4,7.75
22,84,4,8.76
23,84,4,7.04
24,84,4,7.56
25,84,4,7.52
26,84,4,7.01
27,84,4,5.2
28,84,4,7.93
29,84,4,5.87
30,84,4,8.85
31,84,4,6.81
32,84,4,8.08
33,84,4,6.51
34,84,4,8.01
35,84,4,6.0
36,84,4,7.32
37,84,4,6.66
38,84,4,6.74
39,84,4,6.5
40,84,4,8.36
41,84,4,7.71
42,84,4,5.42
43,84,4,7.37
44,84,4,6.65
45,84,4,7.77
46,84,4,6.37
47,84,4,7.67
48,84,4,6.39
49,84,4,7.91
50,84,4,6.75
51,84,4,6.9
52,84,4,9.34
53,84,4,7.64
54,84,4,6.88
55,84,4,10.03
56,84,4,7.52
57,84,4,6.29
58,84,4,5.91
59,84,4,8.88
60,84,4,8.42
61,84,4,8.51
62,84,4,6.25
63,84,4,7.67
64,84,4,7.98
65,84,4,7.73
66,84,4,7.15
67,84,4,6.95
68,84,4,5.69
69,84,4,7.7
70,84,4,6.35
71,84,4,8.12
72,84,4,7.15
73,84,4,6.06
74,84,4,7.86
75,84,4,7.57
76,84,4,7.59
77,84,4,8.24
78,84,4,7.08
79,84,4,8.27
80,84,4,8.1
81,84,4,7.68
82,84,4,7.7
83,84,4,7.44
84,84,4,7.36
85,84,4,7.49
86,84,4,6.99
87,84,4,8.54
88,84,4,7.63
89,84,4,8.06
90,84,4,6.38
91,84,4,6.38
92,84,4,8.95
93,84,4,8.82
94,84,4,5.2
95,84,4,7.79
96,84,4,7.32
97,84,4,7.5
98,84,4,7.72
99,84,4,7.35
0,85,4,6.11
1,85,4,7.27
2,85,4,5.82
3,85,4,6.52
4,85,4,7.25
5,85,4,7.12
6,85,4,8.7
7,85,4,7.57
8,85,4,7.06
9,85,4,7.46
10,85,4,7.95
11,85,4,8.2
12,85,4,7.21
13,85,4,6.52
14,85,4,8.13
15,85,4,8.25
16,85,4,7.81
17,85,4,8.32
18,85,4,7.06
19,85,4,8.36
20,85,4,7.76
21,85,4,6.72
22,85,4,7.36
23,85,4,5.26
24,85,4,8.15
25,85,4,6.9
26,85,4,7.26
27,85,4,8.01
28,85,4,6.48
29,85,4,7.09
30,85,4,7.26
31,85,4,8.15
32,85,4,7.64
33,85,4,7.89
34,85,4,8.75
35,85,4,6.5
36,85,4,6.83
37,85,4,7.08
38,85,4,6.42
39,85,4,8.69
40,85,4,7.1
41,85,4,7.46
42,85,4,9.64
43,85,4,7.51
44,85,4,6.98
45,85,4,6.36
46,85,4,7.19
47,85,4,8.7
48,85,4,7.61
49,85,4,7.83
50,85,4,8.0
51,85,4,7.14
52,85,4,6.18
53,85,4,7.89
54,85,4,8.19
55,85,4,6.48
56,85,4,7.21
57,85,4,6.81
58,85,4,7.08
59,85,4,6.8
60,85,4,8.75
61,85,4,7.15
62,85,4,7.06
63,85,4,6.74
64,85,4,8.4
65,85,4,8.64
66,85,4,7.89
67,85,4,6.39
68,85,4,6.38
69,85,4,7.62
70,85,4,7.35
71,85,4,7.86
72,85,4,6.91
73,85,4,6.88
74,85,4,8.41
75,85,4,8.77
76,85,4,5.85
77,85,4,9.14
78,85,4,6.82
79,85,4,9.79
80,85,4,7.44
81,85,4,7.57
82,85,4,7.51
83,85,4,7.69
84,85,4,8.22
85,85,4,6.3
86,85,4,7.92
87,85,4,8.11
88,85,4,7.29
89,85,4,7.22
90,85,4,7.97
91,85,4,6.5
92,85,4,7.56
93,85,4,9.28
94,85,4,7.78
95,85,4,6.97
96,85,4,5.47
97,85,4,7.7
98,85,4,6.67
99,85,4,7.7
0,86,4,7.8
1,86,4,7.14
2,86,4,8.1
3,86,4,6.66
4,86,4,6.78
5,86,4,8.23
6,86,4,6.91
7,86,4,6.92
8,86,4,7.24
9,86,4,6.38
10,86,4,8.51
11,86,4,7.54
12,86,4,7.7
13,86,4,7.42
14,86,4,5.85
15,86,4,8.29
16,86,4,7.42
17,86,4,7.88
18,86,4,8.21
19,86,4,8.78
20,86,4,7.67
21,86,4,6.21
22,86,4,7.46
23,86,4,7.46
24,86,4,5.09
25,86,4,8.67
26,86,4,8.2
27,86,4,7.32
28,86,4,7.4
29,86,4,7.54
30,86,4,5.5
31,86,4,6.49
32,86,4,7.71
33,86,4,7.13
34,86,4,8.33
35,86,4,8.17
36,86,4,6.67
37,86,4,7.04
38,86,4,7.08
39,86,4,5.42
40,86,4,7.93
41,86,4,7.55
42,86,4,6.87
43,86,4,5.9
44,86,4,8.51
45,86,4,7.03
46,86,4,8.21
47,86,4,8.7
48,86,4,7.4
49,86,4,7.95
50,86,4,7.48
51,86,4,6.99
52,86,4,8.25
53,86,4,8.26
54,86,4,7.94
55,86,4,6.84
56,86,4,7.17
57,86,4,8.54
58,86,4,7.6
59,86,4,7.55
60,86,4,7.97
61,86,4,7.65
62,86,4,8.12
63,86,4,7.36
64,86,4,6.92
65,86,4,7.51
66,86,4,6.9
67,86,4,8.67
68,86,4,7.36
69,86,4,6.02
70,86,4,7.41
71,86,4,7.79
72,86,4,7.3
73,86,4,5.97
74,86,4,8.71
75,86,4,8.87
76,86,4,7.97
77,86,4,7.92
78,86,4,6.94
79,86,4,7.83
80,86,4,7.79
81,86,4,7.7
82,86,4,8.42
83,86,4,8.07
84,86,4,7.65
85,86,4,8.45
86,86,4,9.1
87,86,4,7.67
88,86,4,7.2
89,86,4,6.64
90,86,4,9.06
91,86,4,8.51
92,86,4,6.82
93,86,4,7.59
94,86,4,6.25
95,86,4,6.68
96,86,4,7.38
97,86,4,8.47
98,86,4,7.14
99,86,4,8.48
0,87,4,7.99
1,87,4,8.45
2,87,4,8.87
3,87,4,7.52
4,87,4,8.3
5,87,4,7.11
6,87,4,6.52
7,87,4,9.22
8,87,4,7.46
9,87,4,7.42
10,87,4,5.97
11,87,4,6.73
12,87,4,7.32
13,87,4,6.79
14,87,4,6.96
15,87,4,6.22
16,87,4,6.94
17,87,4,5.61
18,87,4,5.7
19,87,4,5.86
20,87,4,8.45
21,87,4,9.13
22,87,4,6.68
23,87,4,7.4
24,87,4,6.97
25,87,4,7.26
26,87,4,7.13
27,87,4,6.64
28,87,4,7.71
29,87,4,6.69
30,87,4,6.42
31,87,4,7.19
32,87,4,9.2
33,87,4,6.01
34,87,4,6.76
35,87,4,7.39
36,87,4,8.74
37,87,4,7.91
38,87,4,6.2
39,87,4,6.35
40,87,4,9.51
41,87,4,7.35
42,87,4,8.14
43,87,4,6.69
44,87,4,7.67
45,87,4,5.81
46,87,4,7.3
47,87,4,7.24
48,87,4,7.87
49,87,4,8.07
50,87,4,6.57
51,87,4,9.17
52,87,4,6.45
53,87,4,6.28
54,87,4,7.85
55,87,4,7.85
56,87,4,8.2
57,87,4,6.74
58,87,4,4.25
59,87,4,6.68
60,87,4,7.72
61,87,4,6.86
62,87,4,8.53
63,87,4,7.23
64,87,4,6.29
65,87,4,7.85
66,87,4,8.26
67,87,4,7.41
68,87,4,8.43
69,87,4,6.17
70,87,4,6.93
71,87,4,9.22
72,87,4,6.15
73,87,4,7.18
74,87,4,7.03
75,87,4,5.11
76,87,4,5.76
77,87,4,9.33
78,87,4,7.58
79,87,4,7.04
80,87,4,6.36
81,87,4,6.35
82,87,4,8.84
83,87,4,5.86
84,87,4,7.3
85,87,4,6.57
86,87,4,6.39
87,87,4,7.74
88,87,4,8.24
89,87,4,6.53
90,87,4,5.93
91,87,4,7.02
92,87,4,7.34
93,87,4,8.67
94,87,4,6.42
95,87,4,7.1
96,87,4,5.27
97,87,4,7.13
98,87,4,7.31
99,87,4,9.2
0,88,4,5.83
1,88,4,7.54
2,88,4,7.92
3,88,4,8.04
4,88,4,8.3
5,88,4,7.7
6,88,4,9.05
7,88,4,6.68
8,88,4,6.53
9,88,4,6.74
10,88,4,6.62
11,88,4,6.78
12,88,4,8.04
13,88,4,8.34
14,88,4,9.35
15,88,4,7.89
16,88,4,7.52
17,88,4,6.62
18,88,4,8.09
19,88,4,8.17
20,88,4,8.25
21,88,4,6.87
22,88,4,6.6
23,88,4,8.27
24,88,4,7.3
25,88,4,6.7
26,88,4,6.58
27,88,4,7.14
28,88,4,6.91
29,88,4,8.94
30,88,4,5.8
31,88,4,6.82
32,88,4,7.57
33,88,4,8.19
34,88,4,6.6
35,88,4,8.12
36,88,4,7.26
37,88,4,7.0
38,88,4,7.24
39,88,4,7.24
40,88,4,7.89
41,88,4,7.6
42,88,4,6.57
43,88,4,7.18
44,88,4,6.87
45,88,4,7.67
46,88,4,7.56
47,88,4,6.11
48,88,4,6.58
49,88,4,7.98
50,88,4,6.35
51,88,4,7.92
52,88,4,7.23
53,88,4,6.18
54,88,4,6.97
55,88,4,8.29
56,88,4,8.26
57,88,4,6.77
58,88,4,8.12
59,88,4,7.82
60,88,4,6.05
61,88,4,7.06
62,88,4,9.74
63,88,4,7.34
64,88,4,6.2
65,88,4,7.21
66,88,4,7.44
67,88,4,7.83
68,88,4,7.01
69,88,4,6.15
70,88,4,6.23
71,88,4,6.57
72,88,4,8.76
73,88,4,6.87
74,88,4,8.02
75,88,4,8.6
76,88,4,6.63
77,88,4,7.44
78,88,4,7.66
79,88,4,8.39
80,88,4,8.11
81,88,4,7.53
82,88,4,7.84
83,88,4,6.59
84,88,4,6.9
85,88,4,8.57
86,88,4,7.61
87,88,4,6.24
88,88,4,7.82
89,88,4,7.62
90,88,4,6.8
91,88,4,5.54
92,88,4,6.37
93,88,4,7.39
94,88,4,7.86
95,88,4,7.34
96,88,4,5.91
97,88,4,6.96
98,88,4,6.5
99,88,4,8.31
0,89,4,6.21
1,89,4,8.46
2,89,4,6.77
3,89,4,6.65
4,89,4,7.01
5,89,4,7.39
6,89,4,9.37
7,89,4,6.52
8,89,4,8.52
9,89,4,9.03
10,89,4,9.57
11,89,4,7.81
12,89,4,6.61
13,89,4,8.23
14,89,4,7.2
15,89,4,7.2
16,89,4,6.06
17,89,4,8.69
18,89,4,8.29
19,89,4,7.44
20,89,4,6.19
21,89,4,6.87
22,89,4,8.08
23,89,4,7.25
24,89,4,8.26
25,89,4,7.98
26,89,4,7.4
27,89,4,7.57
28,89,4,5.61
29,89,4,7.9
30,89,4,6.43
31,89,4,6.42
32,89,4,6.4
33,89,4,7.33
34,89,4,8.77
35,89,4,8.2
36,89,4,8.0
37,89,4,8.26
38,89,4,8.8
39,89,4,7.34
40,89,4,7.63
41,89,4,6.14
42,89,4,6.92
43,89,4,7.21
44,89,4,9.46
45,89,4,7.1
46,89,4,8.43
47,89,4,7.93
48,89,4,6.72
49,89,4,8.02
50,89,4,7.8
51,89,4,5.7
52,89,4,6.12
53,89,4,7.72
54,89,4,7.44
55,89,4,6.76
56,89,4,7.94
57,89,4,7.63
58,89,4,7.51
59,89,4,6.22
60,89,4,6.7
61,89,4,6.47
62,89,4,6.52
63,89,4,7.9
64,89,4,6.15
65,89,4,8.58
66,89,4,8.0
67,89,4,8.71
68,89,4,7.97
69,89,4,7.08
70,89,4,7.19
71,89,4,8.2
72,89,4,6.92
73,89,4,6.74
74,89,4,8.34
75,89,4,6.3
76,89,4,8.27
77,89,4,5.91
78,89,4,6.57
79,89,4,5.63
80,89,4,7.84
81,89,4,7.66
82,89,4,9.78
83,89,4,8.64
84,89,4,7.77
85,89,4,7.2
86,89,4,7.23
87,89,4,8.04
88,89,4,8.09
89,89,4,7.04
90,89,4,7.45
91,89,4,8.76
92,89,4,9.18
93,89,4,6.68
94,89,4,7.97
95,89,4,5.91
96,89,4,7.07
97,89,4,7.43
98,89,4,5.96
99,89,4,8.0
0,90,4,7.86
1,90,4,7.61
2,90,4,6.85
3,90,4,7.68
4,90,4,5.45
5,90,4,8.81
6,90,4,7.52
7,90,4,6.37
8,90,4,8.22
9,90,4,8.24
10,90,4,7.8
11,90,4,7.26
12,90,4,6.36
13,90,4,6.44
14,90,4,7.33
15,90,4,7.89
16,90,4,7.75
17,90,4,7.14
18,90,4,7.41
19,90,4,6.29
20,90,4,7.35
21,90,4,6.93
22,90,4,6.93
23,90,4,8.02
24,90,4,7.65
25,90,4,6.85
26,90,4,7.37
27,90,4,8.54
28,90,4,8.0
29,90,4,8.99
30,90,4,7.74
31,90,4,7.06
32,90,4,6.67
33,90,4,7.22
34,90,4,6.37
35,90,4,7.2
36,90,4,8.16
37,90,4,7.99
38,90,4,6.56
39,90,4,7.86
40,90,4,6.65
41,90,4,7.86
42,90,4,6.13
43,90,4,7.98
44,90,4,7.54
45,90,4,6.86
46,90,4,7.43
47,90,4,6.56
48,90,4,7.89
49,90,4,8.64
50,90,4,8.49
51,90,4,6.83
52,90,4,5.3
53,90,4,7.87
54,90,4,7.08
55,90,4,8.41
56,90,4,6.98
57,90,4,7.02
58,90,4,8.27
59,90,4,6.98
60,90,4,7.1
61,90,4,7.68
62,90,4,8.53
63,90,4,8.95
64,90,4,7.45
65,90,4,7.09
66,90,4,8.11
67,90,4,7.64
68,90,4,7.18
69,90,4,7.46
70,90,4,7.12
71,90,4,7.18
72,90,4,8.24
73,90,4,7.97
74,90,4,7.82
75,90,4,6.43
76,90,4,7.42
77,90,4,7.17
78,90,4,8.21
79,90,4,7.08
80,90,4,6.37
81,90,4,7.8
82,90,4,6.77
83,90,4,7.87
84,90,4,8.08
85,90,4,7.97
86,90,4,6.15
87,90,4,7.04
88,90,4,6.95
89,90,4,7.85
90,90,4,8.67
91,90,4,8.92
92,90,4,6.88
93,90,4,5.52
94,90,4,6.82
95,90,4,7.24
96,90,4,7.96
97,90,4,8.22
98,90,4,8.79
99,90,4,7.18
0,91,4,8.08
1,91,4,7.37
2,91,4,7.88
3,91,4,6.73
4,91,4,8.22
5,91,4,8.88
6,91,4,8.4
7,91,4,8.16
8,91,4,8.76
9,91,4,6.36
10,91,4,8.11
11,91,4,8.15
12,91,4,7.39
13,91,4,8.13
14,91,4,7.9
15,91,4,5.88
16,91,4,7.42
17,91,4,7.37
18,91,4,8.69
19,91,4,6.64
20,91,4,7.13
21,91,4,8.33
22,91,4,5.42
23,91,4,6.42
24,91,4,7.9
25,91,4,7.36
26,91,4,8.54
27,91,4,7.57
28,91,4,6.58
29,91,4,6.96
30,91,4,6.97
31,91,4,8.52
32,91,4,6.09
33,91,4,7.21
34,91,4,6.64
35,91,4,5.45
36,91,4,6.89
37,91,4,6.72
38,91,4,8.58
39,91,4,6.84
40,91,4,7.85
41,91,4,8.18
42,91,4,8.58
43,91,4,6.66
44,91,4,6.14
45,91,4,7.56
46,91,4,6.89
47,91,4,7.33
48,91,4,6.07
49,91,4,7.5
50,91,4,6.83
51,91,4,7.49
52,91,4,6.95
53,91,4,6.91
54,91,4,7.57
55,91,4,5.13
56,91,4,6.05
57,91,4,8.28
58,91,4,6.68
59,91,4,7.55
60,91,4,8.11
61,91,4,6.39
62,91,4,6.92
63,91,4,6.09
64,91,4,7.94
65,91,4,7.59
66,91,4,5.67
67,91,4,6.28
68,91,4,6.78
69,91,4,7.05
70,91,4,6.53
71,91,4,9.03
72,91,4,7.37
73,91,4,7.75
74,91,4,7.06
75,91,4,7.04
76,91,4,6.83
77,91,4,7.85
78,91,4,6.13
79,91,4,7.93
80,91,4,7.99
81,91,4,7.69
82,91,4,7.02
83,91,4,7.88
84,91,4,7.86
85,91,4,7.58
86,91,4,7.08
87,91,4,6.75
88,91,4,6.46
89,91,4,7.19
90,91,4,5.32
91,91,4,5.97
92,91,4,7.41
93,91,4,8.47
94,91,4,8.25
95,91,4,6.83
96,91,4,5.49
97,91,4,7.86
98,91,4,6.3
99,91,4,8.0
0,92,4,8.2
1,92,4,5.78
2,92,4,7.42
3,92,4,6.9
4,92,4,8.34
5,92,4,6.64
6,92,4,8.66
7,92,4,6.78
8,92,4,6.56
9,92,4,6.19
10,92,4,8.74
11,92,4,7.43
12,92,4,8.3
13,92,4,6.62
14,92,4,5.96
15,92,4,6.97
16,92,4,7.21
17,92,4,7.23
18,92,4,7.72
19,92,4,8.74
20,92,4,6.67
21,92,4,7.04
22,92,4,7.0
23,92,4,7.07
24,92,4,6.71
25,92,4,8.07
26,92,4,6.34
27,92,4,8.12
28,92,4,7.32
29,92,4,7.41
30,92,4,6.36
31,92,4,7.39
32,92,4,7.99
33,92,4,6.66
34,92,4,7.11
35,92,4,7.03
36,92,4,8.08
37,92,4,6.56
38,92,4,7.19
39,92,4,6.96
40,92,4,9.3
41,92,4,9.71
42,92,4,6.89
43,92,4,7.33
44,92,4,8.4
45,92,4,9.0
46,92,4,5.56
47,92,4,8.54
48,92,4,6.25
49,92,4,8.38
50,92,4,8.78
51,92,4,8.06
52,92,4,8.32
53,92,4,6.61
54,92,4,7.82
55,92,4,7.48
56,92,4,7.7
57,92,4,8.34
58,92,4,6.96
59,92,4,8.88
60,92,4,7.49
61,92,4,7.62
62,92,4,9.21
63,92,4,6.38
64,92,4,6.89
65,92,4,7.1
66,92,4,6.91
67,92,4,8.24
68,92,4,8.57
69,92,4,6.83
70,92,4,9.52
71,92,4,6.11
72,92,4,7.29
73,92,4,7.42
74,92,4,6.08
75,92,4,7.58
76,92,4,5.89
77,92,4,6.26
78,92,4,7.12
79,92,4,7.3
80,92,4,5.59
81,92,4,7.66
82,92,4,7.14
83,92,4,6.74
84,92,4,7.02
85,92,4,8.11
86,92,4,6.49
87,92,4,8.41
88,92,4,7.57
89,92,4,7.34
90,92,4,7.07
91,92,4,7.21
92,92,4,8.22
93,92,4,7.52
94,92,4,9.46
95,92,4,7.67
96,92,4,6.84
97,92,4,6.61
98,92,4,7.6
99,92,4,7.53
0,93,4,5.37
1,93,4,7.4
2,93,4,8.39
3,93,4,8.68
4,93,4,6.67
5,93,4,8.51
6,93,4,5.72
7,93,4,7.33
8,93,4,8.02
9,93,4,7.63
10,93,4,6.43
11,93,4,7.78
12,93,4,6.97
13,93,4,7.39
14,93,4,7.44
15,93,4,6.03
16,93,4,8.1
17,93,4,6.93
18,93,4,8.07
19,93,4,7.96
20,93,4,7.01
21,93,4,8.89
22,93,4,7.94
23,93,4,7.12
24,93,4,6.91
25,93,4,6.49
26,93,4,7.46
27,93,4,9.22
28,93,4,7.57
29,93,4,6.86
30,93,4,8.22
31,93,4,6.16
32,93,4,7.42
33,93,4,8.42
34,93,4,6.35
35,93,4,8.08
36,93,4,7.54
37,93,4,8.06
38,93,4,7.99
39,93,4,7.53
40,93,4,9.9
41,93,4,7.44
42,93,4,8.17
43,93,4,8.22
44,93,4,5.99
45,93,4,7.44
46,93,4,6.64
47,93,4,7.51
48,93,4,6.22
49,93,4,7.94
50,93,4,8.81
51,93,4,6.6
52,93,4,7.5
53,93,4,7.87
54,93,4,6.92
55,93,4,8.81
56,93,4,9.39
57,93,4,8.47
58,93,4,6.89
59,93,4,8.6
60,93,4,6.69
61,93,4,6.66
62,93,4,6.7
63,93,4,6.47
64,93,4,6.31
65,93,4,8.04
66,93,4,7.28
67,93,4,7.51
68,93,4,9.4
69,93,4,6.14
70,93,4,7.54
71,93,4,7.74
72,93,4,6.84
73,93,4,6.37
74,93,4,8.97
75,93,4,6.9
76,93,4,7.27
77,93,4,6.8
78,93,4,8.67
79,93,4,7.86
80,93,4,7.79
81,93,4,7.9
82,93,4,7.84
83,93,4,8.71
84,93,4,6.66
85,93,4,6.85
86,93,4,7.06
87,93,4,9.05
88,93,4,6.07
89,93,4,7.97
90,93,4,7.04
91,93,4,8.48
92,93,4,9.34
93,93,4,9.25
94,93,4,6.8
95,93,4,7.42
96,93,4,8.23
97,93,4,7.63
98,93,4,7.78
99,93,4,5.87
0,94,4,5.99
1,94,4,6.69
2,94,4,8.23
3,94,4,7.19
4,94,4,7.12
5,94,4,6.77
6,94,4,8.01
7,94,4,8.13
8,94,4,6.82
9,94,4,7.94
10,94,4,5.22
11,94,4,6.68
12,94,4,7.58
13,94,4,7.58
14,94,4,6.25
15,94,4,6.81
16,94,4,7.97
17,94,4,7.63
18,94,4,6.09
19,94,4,7.41
20,94,4,6.86
21,94,4,7.64
22,94,4,6.11
23,94,4,8.5
24,94,4,8.71
25,94,4,7.24
26,94,4,5.63
27,94,4,6.79
28,94,4,6.12
29,94,4,6.92
30,94,4,7.65
31,94,4,7.9
32,94,4,7.79
33,94,4,8.09
34,94,4,7.88
35,94,4,7.03
36,94,4,7.14
37,94,4,6.97
38,94,4,7.57
39,94,4,6.29
40,94,4,6.47
41,94,4,6.89
42,94,4,4.95
43,94,4,8.81
44,94,4,7.95
45,94,4,5.93
46,94,4,7.02
47,94,4,8.16
48,94,4,7.31
49,94,4,6.98
50,94,4,7.06
51,94,4,7.65
52,94,4,6.71
53,94,4,5.95
54,94,4,6.7
55,94,4,6.24
56,94,4,5.85
57,94,4,8.34
58,94,4,7.23
59,94,4,7.23
60,94,4,6.1
61,94,4,8.82
62,94,4,7.19
63,94,4,6.55
64,94,4,6.45
65,94,4,7.24
66,94,4,8.24
67,94,4,7.11
68,94,4,8.23
69,94,4,6.14
70,94,4,8.15
71,94,4,7.8
72,94,4,6.97
73,94,4,6.71
74,94,4,8.66
75,94,4,7.04
76,94,4,9.91
77,94,4,7.1
78,94,4,8.15
79,94,4,6.64
80,94,4,8.53
81,94,4,6.37
82,94,4,6.06
83,94,4,7.04
84,94,4,6.27
85,94,4,7.76
86,94,4,6.65
87,94,4,7.47
88,94,4,6.15
89,94,4,6.92
90,94,4,7.35
91,94,4,7.38
92,94,4,6.72
93,94,4,5.08
94,94,4,7.2
95,94,4,5.64
96,94,4,7.22
97,94,4,6.24
98,94,4,7.01
99,94,4,5.94
0,95,4,7.34
1,95,4,7.32
2,95,4,7.53
3,95,4,7.59
4,95,4,7.37
5,95,4,8.17
6,95,4,7.01
7,95,4,7.35
8,95,4,7.4
9,95,4,7.64
10,95,4,6.1
11,95,4,8.59
12,95,4,7.74
13,95,4,8.89
14,95,4,8.08
15,95,4,7.58
16,95,4,7.47
17,95,4,6.11
18,95,4,7.51
19,95,4,7.03
20,95,4,6.14
21,95,4,7.64
22,95,4,8.57
23,95,4,6.9
24,95,4,8.89
25,95,4,7.89
26,95,4,5.9
27,95,4,7.55
28,95,4,8.56
29,95,4,7.28
30,95,4,6.46
31,95,4,6.4
32,95,4,7.54
33,95,4,6.66
34,95,4,8.06
35,95,4,7.84
36,95,4,8.73
37,95,4,6.55
38,95,4,7.64
39,95,4,8.08
40,95,4,7.39
41,95,4,6.56
42,95,4,8.12
43,95,4,8.55
44,95,4,7.87
45,95,4,6.19
46,95,4,7.37
47,95,4,8.22
48,95,4,6.38
49,95,4,7.7
50,95,4,7.08
51,95,4,5.97
52,95,4,7.35
53,95,4,7.36
54,95,4,7.85
55,95,4,5.34
56,95,4,6.1
57,95,4,9.29
58,95,4,6.06
59,95,4,5.44
60,95,4,7.2
61,95,4,8.39
62,95,4,7.95
63,95,4,6.64
64,95,4,7.21
65,95,4,6.67
66,95,4,8.32
67,95,4,7.76
68,95,4,9.04
69,95,4,7.91
70,95,4,6.86
71,95,4,8.46
72,95,4,7.37
73,95,4,7.01
74,95,4,7.46
75,95,4,8.3
76,95,4,8.26
77,95,4,7.2
78,95,4,8.01
79,95,4,6.92
80,95,4,7.94
81,95,4,6.85
82,95,4,6.78
83,95,4,6.73
84,95,4,8.49
85,95,4,7.56
86,95,4,7.99
87,95,4,7.35
88,95,4,8.39
89,95,4,7.18
90,95,4,6.98
91,95,4,6.34
92,95,4,7.82
93,95,4,8.5
94,95,4,7.33
95,95,4,6.68
96,95,4,6.46
97,95,4,6.2
98,95,4,7.39
99,95,4,6.61
0,96,4,7.95
1,96,4,8.18
2,96,4,8.1
3,96,4,6.71
4,96,4,7.03
5,96,4,7.74
6,96,4,7.09
7,96,4,6.9
8,96,4,5.98
9,96,4,7.53
10,96,4,6.61
11,96,4,6.4
12,96,4,7.85
13,96,4,8.01
14,96,4,6.16
15,96,4,7.11
16,96,4,6.29
17,96,4,6.79
18,96,4,7.77
19,96,4,7.03
20,96,4,7.47
21,96,4,7.94
22,96,4,7.47
23,96,4,6.34
24,96,4,6.81
25,96,4,8.54
26,96,4,7.32
27,96,4,7.07
28,96,4,6.3
29,96,4,6.55
30,96,4,7.6
31,96,4,6.77
32,96,4,7.05
33,96,4,6.85
34,96,4,7.61
35,96,4,8.73
36,96,4,8.1
37,96,4,7.03
38,96,4,7.44
39,96,4,7.07
40,96,4,6.75
41,96,4,7.33
42,96,4,8.51
43,96,4,8.09
44,96,4,8.2
45,96,4,5.99
46,96,4,9.02
47,96,4,8.48
48,96,4,8.39
49,96,4,8.42
50,96,4,8.13
51,96,4,7.78
52,96,4,7.34
53,96,4,7.24
54,96,4,7.76
55,96,4,7.24
56,96,4,6.1
57,96,4,7.66
58,96,4,8.09
59,96,4,7.2
60,96,4,7.27
61,96,4,8.14
62,96,4,8.9
63,96,4,8.48
64,96,4,8.23
65,96,4,8.63
66,96,4,8.49
67,96,4,6.37
68,96,4,7.4
69,96,4,7.36
70,96,4,7.74
71,96,4,7.7
72,96,4,5.74
73,96,4,7.39
74,96,4,8.99
75,96,4,8.46
76,96,4,7.69
77,96,4,6.83
78,96,4,6.73
79,96,4,6.94
80,96,4,7.85
81,96,4,8.13
82,96,4,6.64
83,96,4,7.8
84,96,4,7.52
85,96,4,7.89
86,96,4,6.65
87,96,4,8.35
88,96,4,6.43
89,96,4,4.95
90,96,4,7.21
91,96,4,8.64
92,96,4,7.09
93,96,4,6.26
94,96,4,7.1
95,96,4,8.11
96,96,4,7.55
97,96,4,8.63
98,96,4,7.46
99,96,4,8.73
0,97,4,7.58
1,97,4,8.8
2,97,4,7.0
3,97,4,8.13
4,97,4,7.26
5,97,4,6.32
6,97,4,9.82
7,97,4,6.83
8,97,4,6.62
9,97,4,7.2
10,97,4,8.35
11,97,4,6.69
12,97,4,7.91
13,97,4,7.81
14,97,4,6.29
15,97,4,7.71
16,97,4,6.26
17,97,4,5.47
18,97,4,6.96
19,97,4,9.05
20,97,4,10.24
21,97,4,6.87
22,97,4,7.16
23,97,4,6.37
24,97,4,8.22
25,97,4,8.24
26,97,4,6.78
27,97,4,9.22
28,97,4,8.66
29,97,4,7.57
30,97,4,7.72
31,97,4,6.8
32,97,4,6.84
33,97,4,7.04
34,97,4,8.8
35,97,4,7.92
36,97,4,6.73
37,97,4,8.05
38,97,4,7.15
39,97,4,7.38
40,97,4,7.84
41,97,4,6.95
42,97,4,5.46
43,97,4,6.58
44,97,4,6.44
45,97,4,8.09
46,97,4,7.42
47,97,4,6.48
48,97,4,6.76
49,97,4,7.09
50,97,4,7.78
51,97,4,8.01
52,97,4,8.63
53,97,4,7.53
54,97,4,7.42
55,97,4,7.21
56,97,4,8.42
57,97,4,7.22
58,97,4,8.85
59,97,4,6.31
60,97,4,5.52
61,97,4,7.95
62,97,4,7.56
63,97,4,8.45
64,97,4,6.89
65,97,4,6.86
66,97,4,9.08
67,97,4,7.31
68,97,4,8.24
69,97,4,7.67
70,97,4,7.44
71,97,4,6.69
72,97,4,8.34
73,97,4,8.21
74,97,4,10.02
75,97,4,6.99
76,97,4,9.02
77,97,4,8.08
78,97,4,6.97
79,97,4,7.99
80,97,4,7.5
81,97,4,5.88
82,97,4,6.11
83,97,4,7.4
84,97,4,8.08
85,97,4,7.95
86,97,4,8.02
87,97,4,6.06
88,97,4,6.22
89,97,4,7.16
90,97,4,7.17
91,97,4,8.53
92,97,4,6.69
93,97,4,8.18
94,97,4,6.49
95,97,4,7.19
96,97,4,8.9
97,97,4,6.23
98,97,4,6.67
99,97,4,8.01
0,98,4,8.47
1,98,4,6.88
2,98,4,7.87
3,98,4,6.79
4,98,4,7.94
5,98,4,7.13
6,98,4,7.38
7,98,4,7.01
8,98,4,7.36
9,98,4,7.66
10,98,4,9.0
11,98,4,6.57
12,98,4,6.74
13,98,4,6.52
14,98,4,6.44
15,98,4,8.16
16,98,4,8.18
17,98,4,7.56
18,98,4,6.82
19,98,4,6.69
20,98,4,7.82
21,98,4,8.87
22,98,4,5.61
23,98,4,7.44
24,98,4,7.06
25,98,4,7.52
26,98,4,8.14
27,98,4,6.86
28,98,4,7.4
29,98,4,7.97
30,98,4,6.77
31,98,4,6.86
32,98,4,7.68
33,98,4,8.12
34,98,4,6.15
35,98,4,7.57
36,98,4,7.5
37,98,4,8.66
38,98,4,7.83
39,98,4,8.66
40,98,4,7.38
41,98,4,7.77
42,98,4,7.42
43,98,4,7.98
44,98,4,7.15
45,98,4,7.98
46,98,4,6.8
47,98,4,7.56
48,98,4,7.36
49,98,4,6.87
50,98,4,5.93
51,98,4,8.63
52,98,4,5.73
53,98,4,6.21
54,98,4,7.73
55,98,4,7.46
56,98,4,7.89
57,98,4,7.52
58,98,4,7.26
59,98,4,8.1
60,98,4,5.96
61,98,4,8.79
62,98,4,8.65
63,98,4,7.59
64,98,4,6.96
65,98,4,6.21
66,98,4,6.8
67,98,4,8.67
68,98,4,7.55
69,98,4,6.65
70,98,4,7.08
71,98,4,9.1
72,98,4,9.14
73,98,4,9.01
74,98,4,8.86
75,98,4,8.11
76,98,4,6.53
77,98,4,5.44
78,98,4,8.38
79,98,4,7.25
80,98,4,7.4
81,98,4,7.31
82,98,4,7.06
83,98,4,6.91
84,98,4,7.54
85,98,4,7.47
86,98,4,7.37
87,98,4,7.02
88,98,4,6.79
89,98,4,7.59
90,98,4,7.3
91,98,4,6.64
92,98,4,7.34
93,98,4,7.78
94,98,4,8.14
95,98,4,6.26
96,98,4,8.25
97,98,4,8.46
98,98,4,7.18
99,98,4,7.75
0,99,4,7.19
1,99,4,7.07
2,99,4,8.93
3,99,4,7.76
4,99,4,6.11
5,99,4,7.01
6,99,4,8.38
7,99,4,8.53
8,99,4,8.56
9,99,4,7.17
10,99,4,8.41
11,99,4,6.47
12,99,4,6.13
13,99,4,7.07
14,99,4,8.77
15,99,4,8.2
16,99,4,8.48
17,99,4,7.52
18,99,4,8.07
19,99,4,7.17
20,99,4,7.4
21,99,4,7.61
22,99,4,8.7
23,99,4,5.98
24,99,4,6.68
25,99,4,7.91
26,99,4,7.56
27,99,4,6.53
28,99,4,8.53
29,99,4,6.18
30,99,4,7.7
31,99,4,5.99
32,99,4,6.94
33,99,4,5.51
34,99,4,8.15
35,99,4,7.32
36,99,4,7.4
37,99,4,9.96
38,99,4,7.08
39,99,4,7.69
40,99,4,7.32
41,99,4,7.29
42,99,4,7.73
43,99,4,9.61
44,99,4,6.53
45,99,4,6.91
46,99,4,7.87
47,99,4,6.31
48,99,4,7.31
49,99,4,7.96
50,99,4,7.78
51,99,4,6.22
52,99,4,7.17
53,99,4,8.5
54,99,4,7.26
55,99,4,7.15
56,99,4,5.0
57,99,4,7.54
58,99,4,7.08
59,99,4,7.47
60,99,4,8.3
61,99,4,7.43
62,99,4,6.84
63,99,4,7.56
64,99,4,7.11
65,99,4,6.65
66,99,4,8.18
67,99,4,8.73
68,99,4,7.27
69,99,4,8.11
70,99,4,8.2
71,99,4,7.08
72,99,4,7.92
73,99,4,4.43
74,99,4,7.22
75,99,4,7.15
76,99,4,8.38
77,99,4,6.78
78,99,4,8.29
79,99,4,7.74
80,99,4,7.2
81,99,4,6.92
82,99,4,7.87
83,99,4,6.91
84,99,4,9.3
85,99,4,7.53
86,99,4,7.15
87,99,4,7.52
88,99,4,7.11
89,99,4,6.26
90,99,4,8.21
91,99,4,7.27
92,99,4,7.13
93,99,4,5.19
94,99,4,7.37
95,99,4,7.85
96,99,4,6.69
97,99,4,6.5
98,99,4,7.35
99,99,4,6.53
0,0,5,7.88
1,0,5,6.85
2,0,5,7.74
3,0,5,6.28
4,0,5,5.6
5,0,5,8.5
6,0,5,8.11
7,0,5,8.48
8,0,5,7.23
9,0,5,8.28
10,0,5,7.14
11,0,5,7.19
12,0,5,7.75
13,0,5,7.56
14,0,5,5.76
15,0,5,7.16
16,0,5,7.07
17,0,5,5.63
18,0,5,7.6
19,0,5,7.65
20,0,5,6.89
21,0,5,7.41
22,0,5,7.94
23,0,5,6.86
24,0,5,6.17
25,0,5,8.1
26,0,5,7.77
27,0,5,7.16
28,0,5,7.06
29,0,5,6.05
30,0,5,6.54
31,0,5,5.29
32,0,5,8.89
33,0,5,6.53
34,0,5,7.58
35,0,5,7.98
36,0,5,7.59
37,0,5,7.04
38,0,5,6.99
39,0,5,7.68
40,0,5,6.16
41,0,5,7.64
42,0,5,8.78
43,0,5,8.19
44,0,5,8.35
45,0,5,7.17
46,0,5,7.44
47,0,5,5.58
48,0,5,7.63
49,0,5,7.45
50,0,5,6.24
51,0,5,6.86
52,0,5,8.75
53,0,5,6.2
54,0,5,7.52
55,0,5,7.38
56,0,5,7.19
57,0,5,6.51
58,0,5,5.51
59,0,5,5.6
60,0,5,6.35
61,0,5,9.67
62,0,5,7.24
63,0,5,7.03
64,0,5,7.24
65,0,5,6.15
66,0,5,8.24
67,0,5,6.63
68,0,5,6.43
69,0,5,5.83
70,0,5,7.33
71,0,5,6.39
72,0,5,7.93
73,0,5,7.22
74,0,5,7.61
75,0,5,7.57
76,0,5,7.57
77,0,5,6.12
78,0,5,6.74
79,0,5,6.86
80,0,5,7.01
81,0,5,7.19
82,0,5,7.26
83,0,5,5.58
84,0,5,7.41
85,0,5,5.81
86,0,5,7.4
87,0,5,7.44
88,0,5,7.03
89,0,5,7.02
90,0,5,7.22
91,0,5,8.04
92,0,5,5.66
93,0,5,5.53
94,0,5,7.55
95,0,5,8.05
96,0,5,6.56
97,0,5,6.65
98,0,5,7.24
99,0,5,7.86
0,1,5,7.28
1,1,5,7.54
2,1,5,6.52
3,1,5,7.24
4,1,5,6.38
5,1,5,6.75
6,1,5,7.93
7,1,5,8.12
8,1,5,8.38
9,1,5,6.59
10,1,5,4.42
11,1,5,8.45
12,1,5,5.93
13,1,5,7.28
14,1,5,7.94
15,1,5,6.6
16,1,5,7.3
17,1,5,6.75
18,1,5,7.73
19,1,5,7.65
20,1,5,7.47
21,1,5,7.26
22,1,5,7.57
23,1,5,7.97
24,1,5,6.04
25,1,5,6.92
26,1,5,5.9
27,1,5,8.03
28,1,5,9.04
29,1,5,6.32
30,1,5,7.14
31,1,5,7.09
32,1,5,6.97
33,1,5,6.88
34,1,5,5.48
35,1,5,6.43
36,1,5,6.94
37,1,5,6.81
38,1,5,7.88
39,1,5,7.28
40,1,5,6.46
41,1,5,5.45
42,1,5,8.11
43,1,5,6.18
44,1,5,7.07
45,1,5,7.77
46,1,5,7.3
47,1,5,8.17
48,1,5,7.67
49,1,5,7.41
50,1,5,6.98
51,1,5,6.74
52,1,5,6.51
53,1,5,7.73
54,1,5,6.4
55,1,5,6.66
56,1,5,6.19
57,1,5,5.87
58,1,5,7.72
59,1,5,7.28
60,1,5,6.07
61,1,5,6.08
62,1,5,7.3
63,1,5,7.53
64,1,5,6.91
65,1,5,7.98
66,1,5,6.59
67,1,5,5.65
68,1,5,6.47
69,1,5,5.92
70,1,5,8.4
71,1,5,6.49
72,1,5,9.02
73,1,5,7.53
74,1,5,6.91
75,1,5,7.18
76,1,5,8.03
77,1,5,9.06
78,1,5,6.98
79,1,5,7.76
80,1,5,7.6
81,1,5,6.36
82,1,5,6.57
83,1,5,8.21
84,1,5,7.76
85,1,5,5.58
86,1,5,7.28
87,1,5,8.43
88,1,5,7.19
89,1,5,6.59
90,1,5,7.16
91,1,5,7.74
92,1,5,5.49
93,1,5,5.8
94,1,5,7.36
95,1,5,7.29
96,1,5,5.99
97,1,5,5.38
98,1,5,7.78
99,1,5,7.57
0,2,5,8.69
1,2,5,6.58
2,2,5,8.03
3,2,5,8.34
4,2,5,7.33
5,2,5,7.71
6,2,5,6.57
7,2,5,7.28
8,2,5,6.82
9,2,5,5.98
10,2,5,6.98
11,2,5,7.17
12,2,5,8.07
13,2,5,6.44
14,2,5,6.2
15,2,5,6.94
16,2,5,7.37
17,2,5,5.53
18,2,5,6.6
19,2,5,7.45
20,2,5,6.72
21,2,5,7.31
22,2,5,8.64
23,2,5,7.46
24,2,5,7.05
25,2,5,6.09
26,2,5,6.72
27,2,5,7.92
28,2,5,9.13
29,2,5,7.2
30,2,5,8.23
31,2,5,7.25
32,2,5,6.99
33,2,5,8.46
34,2,5,6.65
35,2,5,8.13
36,2,5,5.33
37,2,5,6.97
38,2,5,5.78
39,2,5,7.68
40,2,5,7.93
41,2,5,8.25
42,2,5,7.27
43,2,5,7.8
44,2,5,5.51
45,2,5,8.85
46,2,5,6.92
47,2,5,8.61
48,2,5,6.63
49,2,5,6.5
50,2,5,6.03
51,2,5,8.48
52,2,5,8.35
53,2,5,8.01
54,2,5,7.11
55,2,5,6.72
56,2,5,7.55
57,2,5,7.2
58,2,5,5.98
59,2,5,6.74
60,2,5,8.51
61,2,5,8.78
62,2,5,6.75
63,2,5,5.59
64,2,5,7.15
65,2,5,7.19
66,2,5,7.7
67,2,5,5.88
68,2,5,6.61
69,2,5,8.16
70,2,5,7.75
71,2,5,6.36
72,2,5,6.13
73,2,5,7.78
74,2,5,7.94
75,2,5,7.6
76,2,5,7.98
77,2,5,7.33
78,2,5,7.42
79,2,5,8.2
80,2,5,7.6
81,2,5,6.86
82,2,5,7.56
83,2,5,6.17
84,2,5,8.0
85,2,5,5.72
86,2,5,7.21
87,2,5,7.19
88,2,5,7.37
89,2,5,5.76
90,2,5,8.1
91,2,5,7.32
92,2,5,8.11
93,2,5,7.8
94,2,5,7.52
95,2,5,7.74
96,2,5,6.81
97,2,5,5.99
98,2,5,7.52
99,2,5,6.06
0,3,5,7.75
1,3,5,7.42
2,3,5,7.39
3,3,5,7.98
4,3,5,5.78
5,3,5,6.79
6,3,5,7.24
7,3,5,7.46
8,3,5,8.07
9,3,5,7.93
10,3,5,6.09
11,3,5,8.08
12,3,5,8.94
13,3,5,8.57
14,3,5,7.26
15,3,5,7.42
16,3,5,5.91
17,3,5,7.98
18,3,5,6.95
19,3,5,6.43
20,3,5,8.58
21,3,5,7.02
22,3,5,8.75
23,3,5,7.61
24,3,5,5.77
25,3,5,6.27
26,3,5,7.16
27,3,5,6.46
28,3,5,8.32
29,3,5,5.57
30,3,5,9.02
31,3,5,6.39
32,3,5,7.0
33,3,5,7.85
34,3,5,8.17
35,3,5,6.49
36,3,5,6.43
37,3,5,7.93
38,3,5,6.93
39,3,5,8.41
40,3,5,7.59
41,3,5,7.13
42,3,5,7.62
43,3,5,6.81
44,3,5,6.52
45,3,5,6.04
46,3,5,6.47
47,3,5,8.27
48,3,5,5.85
49,3,5,6.15
50,3,5,9.98
51,3,5,5.86
52,3,5,8.38
53,3,5,6.37
54,3,5,7.1
55,3,5,7.19
56,3,5,9.17
57,3,5,8.42
58,3,5,6.68
59,3,5,7.78
60,3,5,6.91
61,3,5,9.1
62,3,5,5.0
63,3,5,7.54
64,3,5,6.91
65,3,5,7.57
66,3,5,6.93
67,3,5,7.56
68,3,5,8.57
69,3,5,6.54
70,3,5,6.47
71,3,5,6.37
72,3,5,6.3
73,3,5,7.9
74,3,5,7.72
75,3,5,6.23
76,3,5,8.02
77,3,5,7.31
78,3,5,6.55
79,3,5,7.46
80,3,5,6.14
81,3,5,5.8
82,3,5,6.21
83,3,5,8.73
84,3,5,6.62
85,3,5,8.17
86,3,5,7.67
87,3,5,8.2
88,3,5,7.35
89,3,5,8.83
90,3,5,7.79
91,3,5,7.48
92,3,5,7.16
93,3,5,6.89
94,3,5,7.73
95,3,5,7.44
96,3,5,6.92
97,3,5,7.18
98,3,5,6.49
99,3,5,8.31
0,4,5,6.42
1,4,5,6.53
2,4,5,7.11
3,4,5,7.3
4,4,5,7.08
5,4,5,7.95
6,4,5,6.43
7,4,5,6.12
8,4,5,8.2
9,4,5,8.13
10,4,5,7.03
11,4,5,7.09
12,4,5,6.62
13,4,5,7.2
14,4,5,8.03
15,4,5,5.15
16,4,5,8.6
17,4,5,6.89
18,4,5,5.7
19,4,5,7.73
20,4,5,5.67
21,4,5,7.13
22,4,5,6.34
23,4,5,5.87
24,4,5,6.25
25,4,5,5.92
26,4,5,6.43
27,4,5,4.97
28,4,5,7.88
29,4,5,5.79
30,4,5,6.41
31,4,5,7.84
32,4,5,6.88
33,4,5,8.02
34,4,5,6.72
35,4,5,8.44
36,4,5,8.24
37,4,5,7.6
38,4,5,7.83
39,4,5,8.74
40,4,5,8.33
41,4,5,7.54
42,4,5,5.97
43,4,5,7.08
44,4,5,6.92
45,4,5,5.65
46,4,5,7.59
47,4,5,7.87
48,4,5,8.7
49,4,5,7.48
50,4,5,5.54
51,4,5,7.92
52,4,5,8.4
53,4,5,7.86
54,4,5,7.73
55,4,5,7.86
56,4,5,6.52
57,4,5,8.96
58,4,5,7.85
59,4,5,6.94
60,4,5,7.61
61,4,5,7.28
62,4,5,6.56
63,4,5,7.87
64,4,5,6.38
65,4,5,7.3
66,4,5,7.95
67,4,5,6.73
68,4,5,7.55
69,4,5,7.87
70,4,5,6.31
71,4,5,5.92
72,4,5,5.91
73,4,5,7.2
74,4,5,7.52
75,4,5,6.69
76,4,5,7.27
77,4,5,6.82
78,4,5,5.56
79,4,5,5.52
80,4,5,7.51
81,4,5,7.97
82,4,5,6.99
83,4,5,7.69
84,4,5,7.08
85,4,5,6.06
86,4,5,7.6
87,4,5,7.16
88,4,5,7.61
89,4,5,6.56
90,4,5,5.36
91,4,5,7.4
92,4,5,6.03
93,4,5,7.18
94,4,5,6.75
95,4,5,6.84
96,4,5,6.83
97,4,5,7.81
98,4,5,6.89
99,4,5,8.47
0,5,5,8.2
1,5,5,7.48
2,5,5,6.86
3,5,5,6.79
4,5,5,7.6
5,5,5,6.09
6,5,5,8.77
7,5,5,7.54
8,5,5,8.57
9,5,5,7.79
10,5,5,6.36
11,5,5,6.7
12,5,5,7.61
13,5,5,6.8
14,5,5,6.02
15,5,5,7.3
16,5,5,9.06
17,5,5,6.4
18,5,5,7.96
19,5,5,6.79
20,5,5,6.72
21,5,5,6.43
22,5,5,7.72
23,5,5,8.42
24,5,5,7.73
25,5,5,6.77
26,5,5,7.91
27,5,5,7.35
28,5,5,4.96
29,5,5,9.27
30,5,5,5.11
31,5,5,7.6
32,5,5,6.06
33,5,5,8.49
34,5,5,7.73
35,5,5,7.03
36,5,5,6.72
37,5,5,6.41
38,5,5,7.08
39,5,5,8.76
40,5,5,6.52
41,5,5,7.98
42,5,5,6.89
43,5,5,5.79
44,5,5,6.2
45,5,5,6.55
46,5,5,5.66
47,5,5,6.8
48,5,5,9.58
49,5,5,8.57
50,5,5,6.37
51,5,5,7.26
52,5,5,8.58
53,5,5,6.86
54,5,5,6.87
55,5,5,6.55
56,5,5,7.44
57,5,5,7.71
58,5,5,9.19
59,5,5,5.98
60,5,5,6.83
61,5,5,6.3
62,5,5,7.32
63,5,5,7.17
64,5,5,6.45
65,5,5,6.78
66,5,5,6.43
67,5,5,5.64
68,5,5,7.35
69,5,5,7.01
70,5,5,6.62
71,5,5,6.61
72,5,5,7.21
73,5,5,5.77
74,5,5,6.49
75,5,5,5.91
76,5,5,6.86
77,5,5,7.19
78,5,5,7.7
79,5,5,5.11
80,5,5,6.06
81,5,5,7.61
82,5,5,8.5
83,5,5,6.2
84,5,5,8.77
85,5,5,8.0
86,5,5,7.16
87,5,5,8.29
88,5,5,9.07
89,5,5,7.13
90,5,5,8.57
91,5,5,8.41
92,5,5,7.44
93,5,5,6.35
94,5,5,6.01
95,5,5,7.2
96,5,5,6.51
97,5,5,6.63
98,5,5,6.98
99,5,5,8.64
0,6,5,7.1
1,6,5,7.94
2,6,5,6.88
3,6,5,5.27
4,6,5,6.94
5,6,5,5.89
6,6,5,6.61
7,6,5,7.52
8,6,5,9.25
9,6,5,8.29
10,6,5,5.63
11,6,5,9.25
12,6,5,5.53
13,6,5,5.54
14,6,5,6.08
15,6,5,7.29
16,6,5,6.98
17,6,5,6.64
18,6,5,6.29
19,6,5,6.61
20,6,5,7.49
21,6,5,7.85
22,6,5,7.73
23,6,5,6.63
24,6,5,7.15
25,6,5,7.84
26,6,5,8.0
27,6,5,7.56
28,6,5,8.37
29,6,5,6.22
30,6,5,7.64
31,6,5,7.67
32,6,5,6.93
33,6,5,6.79
34,6,5,5.24
35,6,5,7.44
36,6,5,7.04
37,6,5,7.22
38,6,5,5.55
39,6,5,6.0
40,6,5,5.52
41,6,5,7.54
42,6,5,8.84
43,6,5,7.45
44,6,5,6.76
45,6,5,6.74
46,6,5,6.69
47,6,5,7.05
48,6,5,6.33
49,6,5,8.78
50,6,5,7.53
51,6,5,6.4
52,6,5,7.05
53,6,5,6.11
54,6,5,8.26
55,6,5,6.7
56,6,5,5.88
57,6,5,6.54
58,6,5,7.07
59,6,5,6.89
60,6,5,6.15
61,6,5,6.22
62,6,5,7.69
63,6,5,6.17
64,6,5,8.53
65,6,5,8.74
66,6,5,6.93
67,6,5,6.74
68,6,5,6.47
69,6,5,6.51
70,6,5,4.85
71,6,5,6.48
72,6,5,7.76
73,6,5,6.56
74,6,5,6.46
75,6,5,7.22
76,6,5,8.22
77,6,5,6.39
78,6,5,7.02
79,6,5,7.1
80,6,5,6.45
81,6,5,8.7
82,6,5,7.89
83,6,5,5.37
84,6,5,5.6
85,6,5,6.9
86,6,5,5.94
87,6,5,7.65
88,6,5,5.83
89,6,5,7.84
90,6,5,7.36
91,6,5,6.62
92,6,5,7.36
93,6,5,6.09
94,6,5,5.76
95,6,5,7.43
96,6,5,7.5
97,6,5,7.53
98,6,5,7.39
99,6,5,6.71
0,7,5,8.36
1,7,5,6.18
2,7,5,7.14
3,7,5,6.69
4,7,5,5.35
5,7,5,6.47
6,7,5,7.41
7,7,5,6.27
8,7,5,6.44
9,7,5,6.63
10,7,5,7.75
11,7,5,7.1
12,7,5,7.0
13,7,5,5.47
14,7,5,7.51
15,7,5,7.1
16,7,5,6.3
17,7,5,8.02
18,7,5,7.12
19,7,5,5.48
20,7,5,8.08
21,7,5,7.93
22,7,5,8.02
23,7,5,7.85
24,7,5,6.89
25,7,5,6.6
26,7,5,6.75
27,7,5,7.12
28,7,5,8.36
29,7,5,8.78
30,7,5,6.15
31,7,5,7.25
32,7,5,8.09
33,7,5,6.35
34,7,5,8.08
35,7,5,6.28
36,7,5,6.05
37,7,5,7.75
38,7,5,6.92
39,7,5,9.33
40,7,5,10.11
41,7,5,7.01
42,7,5,5.52
43,7,5,7.12
44,7,5,8.41
45,7,5,5.79
46,7,5,6.55
47,7,5,6.95
48,7,5,8.18
49,7,5,8.7
50,7,5,6.33
51,7,5,6.06
52,7,5,7.61
53,7,5,7.15
54,7,5,6.03
55,7,5,6.71
56,7,5,7.57
57,7,5,7.64
58,7,5,5.46
59,7,5,6.59
60,7,5,7.11
61,7,5,7.02
62,7,5,8.87
63,7,5,6.36
64,7,5,6.9
65,7,5,6.88
66,7,5,7.47
67,7,5,6.18
68,7,5,6.05
69,7,5,7.28
70,7,5,7.62
71,7,5,6.4
72,7,5,6.0
73,7,5,8.37
74,7,5,7.07
75,7,5,7.09
76,7,5,6.73
77,7,5,6.8
78,7,5,5.86
79,7,5,8.19
80,7,5,7.08
81,7,5,6.29
82,7,5,7.49
83,7,5,7.94
84,7,5,7.23
85,7,5,7.73
86,7,5,7.19
87,7,5,7.84
88,7,5,5.84
89,7,5,7.79
90,7,5,8.92
91,7,5,8.46
92,7,5,7.8
93,7,5,7.39
94,7,5,7.12
95,7,5,7.43
96,7,5,8.4
97,7,5,7.58
98,7,5,6.85
99,7,5,7.2
0,8,5,6.13
1,8,5,6.62
2,8,5,6.49
3,8,5,6.7
4,8,5,7.39
5,8,5,6.11
6,8,5,7.65
7,8,5,7.96
8,8,5,8.42
9,8,5,7.7
10,8,5,6.88
11,8,5,6.77
12,8,5,7.11
13,8,5,6.69
14,8,5,6.97
15,8,5,7.47
16,8,5,7.4
17,8,5,6.46
18,8,5,6.79
19,8,5,6.28
20,8,5,7.48
21,8,5,7.15
22,8,5,7.94
23,8,5,6.64
24,8,5,7.07
25,8,5,7.1
26,8,5,7.26
27,8,5,7.66
28,8,5,7.32
29,8,5,6.69
30,8,5,5.76
31,8,5,7.48
32,8,5,6.83
33,8,5,7.82
34,8,5,6.94
35,8,5,7.54
36,8,5,7.39
37,8,5,7.25
38,8,5,7.66
39,8,5,5.95
40,8,5,8.02
41,8,5,5.45
42,8,5,8.36
43,8,5,6.78
44,8,5,8.65
45,8,5,7.51
46,8,5,8.12
47,8,5,5.91
48,8,5,7.02
49,8,5,7.75
50,8,5,7.06
51,8,5,7.01
52,8,5,4.86
53,8,5,7.32
54,8,5,6.47
55,8,5,6.83
56,8,5,7.95
57,8,5,6.24
58,8,5,6.24
59,8,5,6.65
60,8,5,7.29
61,8,5,5.16
62,8,5,6.26
63,8,5,8.31
64,8,5,7.39
65,8,5,7.41
66,8,5,6.09
67,8,5,6.82
68,8,5,8.69
69,8,5,6.61
70,8,5,5.89
71,8,5,7.88
72,8,5,7.25
73,8,5,7.94
74,8,5,7.97
75,8,5,7.39
76,8,5,7.82
77,8,5,7.91
78,8,5,5.98
79,8,5,6.06
80,8,5,7.84
81,8,5,4.92
82,8,5,6.93
83,8,5,7.03
84,8,5,6.98
85,8,5,7.04
86,8,5,6.19
87,8,5,6.56
88,8,5,7.17
89,8,5,9.02
90,8,5,7.43
91,8,5,6.05
92,8,5,7.33
93,8,5,7.35
94,8,5,9.26
95,8,5,7.31
96,8,5,6.93
97,8,5,6.6
98,8,5,8.79
99,8,5,7.11
0,9,5,5.3
1,9,5,7.24
2,9,5,6.77
3,9,5,7.33
4,9,5,6.67
5,9,5,6.2
6,9,5,6.09
7,9,5,7.31
8,9,5,7.03
9,9,5,5.88
10,9,5,8.3
11,9,5,4.91
12,9,5,6.09
13,9,5,7.85
14,9,5,5.96
15,9,5,7.52
16,9,5,7.07
17,9,5,7.85
18,9,5,7.08
19,9,5,7.72
20,9,5,5.37
21,9,5,5.77
22,9,5,7.44
23,9,5,7.4
24,9,5,8.26
25,9,5,6.98
26,9,5,7.39
27,9,5,7.04
28,9,5,6.48
29,9,5,5.48
30,9,5,7.41
31,9,5,6.74
32,9,5,8.5
33,9,5,8.41
34,9,5,7.31
35,9,5,7.42
36,9,5,7.59
37,9,5,5.76
38,9,5,7.48
39,9,5,6.64
40,9,5,6.12
41,9,5,6.33
42,9,5,7.29
43,9,5,6.19
44,9,5,8.88
45,9,5,6.75
46,9,5,7.54
47,9,5,8.33
48,9,5,8.16
49,9,5,8.14
50,9,5,6.89
51,9,5,6.7
52,9,5,6.7
53,9,5,6.91
54,9,5,7.5
55,9,5,7.94
56,9,5,7.75
57,9,5,7.38
58,9,5,5.6
59,9,5,7.03
60,9,5,7.6
61,9,5,7.3
62,9,5,7.36
63,9,5,6.31
64,9,5,7.38
65,9,5,8.08
66,9,5,8.29
67,9,5,7.92
68,9,5,6.91
69,9,5,8.26
70,9,5,5.9
71,9,5,8.67
72,9,5,8.33
73,9,5,7.55
74,9,5,6.98
75,9,5,7.11
76,9,5,6.95
77,9,5,6.58
78,9,5,9.42
79,9,5,6.94
80,9,5,7.45
81,9,5,7.41
82,9,5,5.57
83,9,5,7.18
84,9,5,5.94
85,9,5,5.52
86,9,5,6.08
87,9,5,6.12
88,9,5,6.6
89,9,5,5.98
90,9,5,5.81
91,9,5,6.34
92,9,5,6.51
93,9,5,6.54
94,9,5,7.85
95,9,5,7.65
96,9,5,6.95
97,9,5,8.51
98,9,5,8.13
99,9,5,7.4
0,10,5,7.39
1,10,5,6.62
2,10,5,7.78
3,10,5,6.41
4,10,5,8.77
5,10,5,7.23
6,10,5,9.59
7,10,5,7.81
8,10,5,6.72
9,10,5,7.42
10,10,5,7.43
11,10,5,4.67
12,10,5,6.75
13,10,5,6.8
14,10,5,6.87
15,10,5,6.59
16,10,5,6.29
17,10,5,6.07
18,10,5,6.59
19,10,5,7.38
20,10,5,6.43
21,10,5,6.26
22,10,5,7.31
23,10,5,7.69
24,10,5,8.79
25,10,5,7.35
26,10,5,6.82
27,10,5,7.92
28,10,5,7.33
29,10,5,8.78
30,10,5,7.63
31,10,5,6.63
32,10,5,6.73
33,10,5,8.62
34,10,5,5.68
35,10,5,7.25
36,10,5,5.47
37,10,5,7.37
38,10,5,6.34
39,10,5,6.56
40,10,5,6.59
41,10,5,8.11
42,10,5,7.67
43,10,5,8.06
44,10,5,6.69
45,10,5,7.15
46,10,5,7.61
47,10,5,6.5
48,10,5,6.68
49,10,5,6.39
50,10,5,5.4
51,10,5,7.06
52,10,5,6.33
53,10,5,6.73
54,10,5,6.0
55,10,5,7.22
56,10,5,8.55
57,10,5,6.98
58,10,5,6.97
59,10,5,7.41
60,10,5,6.55
61,10,5,7.92
62,10,5,6.79
63,10,5,7.09
64,10,5,7.76
65,10,5,7.16
66,10,5,6.25
67,10,5,6.69
68,10,5,7.64
69,10,5,8.02
70,10,5,7.51
71,10,5,5.97
72,10,5,8.03
73,10,5,7.38
74,10,5,6.25
75,10,5,7.77
76,10,5,7.08
77,10,5,6.43
78,10,5,6.27
79,10,5,7.58
80,10,5,8.07
81,10,5,6.47
82,10,5,5.33
83,10,5,6.31
84,10,5,7.66
85,10,5,7.4
86,10,5,5.62
87,10,5,5.79
88,10,5,6.01
89,10,5,7.26
90,10,5,8.35
91,10,5,7.4
92,10,5,4.95
93,10,5,6.95
94,10,5,7.3
95,10,5,7.81
96,10,5,6.84
97,10,5,7.44
98,10,5,8.19
99,10,5,8.03
0,11,5,7.53
1,11,5,6.68
2,11,5,7.43
3,11,5,7.36
4,11,5,5.22
5,11,5,6.82
6,11,5,6.98
7,11,5,7.97
8,11,5,5.4
9,11,5,7.34
10,11,5,6.99
11,11,5,6.13
12,11,5,6.98
13,11,5,6.92
14,11,5,7.23
15,11,5,6.79
16,11,5,5.63
17,11,5,5.58
18,11,5,8.71
19,11,5,6.15
20,11,5,6.39
21,11,5,6.86
22,11,5,7.92
23,11,5,6.98
24,11,5,7.58
25,11,5,7.88
26,11,5,6.88
27,11,5,6.08
28,11,5,6.31
29,11,5,6.91
30,11,5,6.8
31,11,5,6.99
32,11,5,7.79
33,11,5,8.43
34,11,5,7.16
35,11,5,8.96
36,11,5,6.67
37,11,5,7.44
38,11,5,6.51
39,11,5,7.95
40,11,5,7.97
41,11,5,6.59
42,11,5,7.03
43,11,5,8.81
44,11,5,7.35
45,11,5,7.55
46,11,5,9.39
47,11,5,5.53
48,11,5,7.36
49,11,5,7.84
50,11,5,6.28
51,11,5,7.52
52,11,5,7.07
53,11,5,8.63
54,11,5,7.03
55,11,5,8.24
56,11,5,6.57
57,11,5,8.63
58,11,5,8.97
59,11,5,7.53
60,11,5,6.77
61,11,5,5.69
62,11,5,6.46
63,11,5,7.45
64,11,5,7.75
65,11,5,7.6
66,11,5,7.1
67,11,5,6.4
68,11,5,7.39
69,11,5,7.66
70,11,5,7.48
71,11,5,7.08
72,11,5,7.45
73,11,5,6.77
74,11,5,7.14
75,11,5,6.88
76,11,5,9.3
77,11,5,7.03
78,11,5,9.3
79,11,5,8.02
80,11,5,6.65
81,11,5,5.71
82,11,5,5.23
83,11,5,9.62
84,11,5,7.65
85,11,5,6.54
86,11,5,8.47
87,11,5,6.22
88,11,5,6.56
89,11,5,6.4
90,11,5,7.5
91,11,5,7.6
92,11,5,8.23
93,11,5,5.76
94,11,5,6.06
95,11,5,5.73
96,11,5,7.25
97,11,5,9.04
98,11,5,7.83
99,11,5,7.37
0,12,5,6.19
1,12,5,7.72
2,12,5,7.74
3,12,5,7.68
4,12,5,6.28
5,12,5,6.93
6,12,5,6.58
7,12,5,7.43
8,12,5,7.09
9,12,5,7.4
10,12,5,6.26
11,12,5,7.26
12,12,5,8.33
13,12,5,6.43
14,12,5,7.61
15,12,5,6.94
16,12,5,6.21
17,12,5,7.6
18,12,5,8.61
19,12,5,5.16
20,12,5,7.03
21,12,5,7.46
22,12,5,5.77
23,12,5,5.99
24,12,5,7.36
25,12,5,6.12
26,12,5,6.47
27,12,5,6.66
28,12,5,6.96
29,12,5,5.72
30,12,5,7.52
31,12,5,6.69
32,12,5,7.57
33,12,5,7.86
34,12,5,6.95
35,12,5,8.94
36,12,5,6.06
37,12,5,6.78
38,12,5,6.77
39,12,5,5.56
40,12,5,8.48
41,12,5,7.45
42,12,5,8.46
43,12,5,7.25
44,12,5,8.03
45,12,5,7.2
46,12,5,8.05
47,12,5,8.41
48,12,5,6.4
49,12,5,7.35
50,12,5,5.83
51,12,5,6.48
52,12,5,9.19
53,12,5,8.68
54,12,5,6.89
55,12,5,7.33
56,12,5,6.79
57,12,5,8.31
58,12,5,7.41
59,12,5,7.78
60,12,5,8.61
61,12,5,6.59
62,12,5,7.48
63,12,5,8.31
64,12,5,5.97
65,12,5,6.59
66,12,5,6.71
67,12,5,8.06
68,12,5,8.53
69,12,5,6.15
70,12,5,8.63
71,12,5,6.4
72,12,5,6.86
73,12,5,8.14
74,12,5,6.44
75,12,5,7.66
76,12,5,5.91
77,12,5,7.7
78,12,5,7.6
79,12,5,6.96
80,12,5,6.45
81,12,5,8.19
82,12,5,6.23
83,12,5,7.19
84,12,5,7.98
85,12,5,7.0
86,12,5,8.06
87,12,5,8.3
88,12,5,7.68
89,12,5,8.48
90,12,5,7.86
91,12,5,7.84
92,12,5,7.21
93,12,5,6.66
94,12,5,6.79
95,12,5,6.99
96,12,5,7.68
97,12,5,5.64
98,12,5,7.54
99,12,5,6.82
0,13,5,5.63
1,13,5,6.43
2,13,5,7.0
3,13,5,8.03
4,13,5,6.45
5,13,5,6.25
6,13,5,8.39
7,13,5,6.11
8,13,5,6.84
9,13,5,8.47
10,13,5,8.53
11,13,5,7.43
12,13,5,6.87
13,13,5,7.02
14,13,5,8.43
15,13,5,6.46
16,13,5,7.46
17,13,5,8.27
18,13,5,6.82
19,13,5,7.58
20,13,5,7.13
21,13,5,6.28
22,13,5,5.68
23,13,5,7.01
24,13,5,7.18
25,13,5,6.93
26,13,5,8.64
27,13,5,7.38
28,13,5,6.54
29,13,5,7.24
30,13,5,8.1
31,13,5,6.48
32,13,5,6.41
33,13,5,7.75
34,13,5,5.32
35,13,5,6.38
36,13,5,6.41
37,13,5,8.39
38,13,5,7.79
39,13,5,7.31
40,13,5,6.2
41,13,5,6.61
42,13,5,6.37
43,13,5,5.77
44,13,5,7.78
45,13,5,7.79
46,13,5,7.55
47,13,5,5.54
48,13,5,5.75
49,13,5,6.36
50,13,5,7.05
51,13,5,6.51
52,13,5,7.9
53,13,5,8.0
54,13,5,7.17
55,13,5,8.53
56,13,5,7.74
57,13,5,7.95
58,13,5,7.26
59,13,5,6.94
60,13,5,7.42
61,13,5,8.01
62,13,5,6.68
63,13,5,6.94
64,13,5,6.56
65,13,5,6.5
66,13,5,7.14
67,13,5,7.73
68,13,5,7.33
69,13,5,6.31
70,13,5,7.73
71,13,5,6.25
72,13,5,7.33
73,13,5,7.14
74,13,5,6.03
75,13,5,6.6
76,13,5,7.13
77,13,5,7.7
78,13,5,8.34
79,13,5,7.41
80,13,5,6.81
81,13,5,5.41
82,13,5,6.2
83,13,5,8.24
84,13,5,7.59
85,13,5,7.47
86,13,5,7.58
87,13,5,7.95
88,13,5,6.75
89,13,5,5.46
90,13,5,7.75
91,13,5,7.25
92,13,5,7.63
93,13,5,6.01
94,13,5,6.62
95,13,5,7.0
96,13,5,6.68
97,13,5,6.35
98,13,5,7.06
99,13,5,6.54
0,14,5,8.17
1,14,5,7.72
2,14,5,8.31
3,14,5,8.28
4,14,5,5.99
5,14,5,7.84
6,14,5,5.83
7,14,5,8.02
8,14,5,6.7
9,14,5,6.26
10,14,5,5.56
11,14,5,5.86
12,14,5,8.25
13,14,5,7.67
14,14,5,6.7
15,14,5,7.87
16,14,5,6.07
17,14,5,7.64
18,14,5,8.34
19,14,5,6.19
20,14,5,7.06
21,14,5,7.83
22,14,5,7.07
23,14,5,7.1
24,14,5,8.43
25,14,5,7.22
26,14,5,7.69
27,14,5,5.99
28,14,5,8.35
29,14,5,7.92
30,14,5,8.51
31,14,5,7.99
32,14,5,6.9
33,14,5,7.24
34,14,5,7.1
35,14,5,7.76
36,14,5,6.38
37,14,5,7.79
38,14,5,7.07
39,14,5,6.52
40,14,5,7.17
41,14,5,7.52
42,14,5,7.54
43,14,5,6.22
44,14,5,6.76
45,14,5,8.49
46,14,5,6.42
47,14,5,7.05
48,14,5,6.73
49,14,5,6.01
50,14,5,8.27
51,14,5,7.82
52,14,5,7.65
53,14,5,8.62
54,14,5,7.2
55,14,5,6.45
56,14,5,6.19
57,14,5,6.65
58,14,5,10.08
59,14,5,7.54
60,14,5,8.86
61,14,5,5.49
62,14,5,5.8
63,14,5,7.88
64,14,5,6.72
65,14,5,7.28
66,14,5,7.77
67,14,5,7.0
68,14,5,7.79
69,14,5,7.28
70,14,5,8.57
71,14,5,5.77
72,14,5,8.42
73,14,5,6.65
74,14,5,7.7
75,14,5,7.35
76,14,5,7.48
77,14,5,6.28
78,14,5,5.78
79,14,5,6.8
80,14,5,8.84
81,14,5,6.81
82,14,5,7.15
83,14,5,6.95
84,14,5,6.89
85,14,5,8.35
86,14,5,8.18
87,14,5,8.25
88,14,5,6.64
89,14,5,7.14
90,14,5,7.6
91,14,5,6.3
92,14,5,7.0
93,14,5,6.58
94,14,5,6.19
95,14,5,6.99
96,14,5,8.38
97,14,5,9.19
98,14,5,6.71
99,14,5,8.34
0,15,5,5.77
1,15,5,6.77
2,15,5,6.61
3,15,5,6.22
4,15,5,7.81
5,15,5,7.0
6,15,5,8.38
7,15,5,6.44
8,15,5,8.48
9,15,5,5.21
10,15,5,8.21
11,15,5,7.49
12,15,5,7.3
13,15,5,8.14
14,15,5,6.41
15,15,5,9.02
16,15,5,7.65
17,15,5,5.61
18,15,5,7.65
19,15,5,8.13
20,15,5,7.76
21,15,5,6.64
22,15,5,5.84
23,15,5,6.77
24,15,5,6.77
25,15,5,6.9
26,15,5,6.04
27,15,5,6.29
28,15,5,7.66
29,15,5,8.4
30,15,5,5.04
31,15,5,8.55
32,15,5,5.35
33,15,5,6.04
34,15,5,7.12
35,15,5,6.44
36,15,5,7.61
37,15,5,7.2
38,15,5,7.19
39,15,5,6.6
40,15,5,7.0
41,15,5,7.75
42,15,5,6.31
43,15,5,6.72
44,15,5,7.48
45,15,5,5.69
46,15,5,8.39
47,15,5,5.34
48,15,5,8.0
49,15,5,7.0
50,15,5,6.3
51,15,5,7.06
52,15,5,9.25
53,15,5,8.39
54,15,5,7.09
55,15,5,9.12
56,15,5,6.86
57,15,5,4.86
58,15,5,7.32
59,15,5,6.18
60,15,5,7.52
61,15,5,6.26
62,15,5,5.91
63,15,5,7.73
64,15,5,6.75
65,15,5,8.08
66,15,5,8.41
67,15,5,7.14
68,15,5,7.98
69,15,5,8.13
70,15,5,9.55
71,15,5,5.72
72,15,5,6.86
73,15,5,6.53
74,15,5,8.21
75,15,5,7.05
76,15,5,7.55
77,15,5,8.34
78,15,5,7.05
79,15,5,7.86
80,15,5,7.96
81,15,5,6.83
82,15,5,6.56
83,15,5,8.32
84,15,5,8.04
85,15,5,6.64
86,15,5,7.6
87,15,5,6.12
88,15,5,6.35
89,15,5,8.42
90,15,5,7.33
91,15,5,8.11
92,15,5,7.54
93,15,5,8.32
94,15,5,7.88
95,15,5,7.94
96,15,5,7.43
97,15,5,6.89
98,15,5,5.72
99,15,5,7.99
0,16,5,7.08
1,16,5,6.65
2,16,5,7.43
3,16,5,5.76
4,16,5,6.39
5,16,5,7.75
6,16,5,5.94
7,16,5,6.27
8,16,5,6.68
9,16,5,7.66
10,16,5,7.83
11,16,5,6.43
12,16,5,7.96
13,16,5,7.86
14,16,5,8.33
15,16,5,8.59
16,16,5,7.63
17,16,5,6.63
18,16,5,6.22
19,16,5,7.93
20,16,5,7.17
21,16,5,5.71
22,16,5,6.31
23,16,5,5.8
24,16,5,7.05
25,16,5,8.21
26,16,5,8.48
27,16,5,5.93
28,16,5,5.09
29,16,5,6.63
30,16,5,6.02
31,16,5,7.1
32,16,5,8.41
33,16,5,6.14
34,16,5,6.02
35,16,5,5.96
36,16,5,6.83
37,16,5,6.74
38,16,5,5.65
39,16,5,7.06
40,16,5,6.71
41,16,5,7.12
42,16,5,7.4
43,16,5,8.41
44,16,5,6.88
45,16,5,7.44
46,16,5,6.47
47,16,5,7.44
48,16,5,8.1
49,16,5,7.04
50,16,5,6.61
51,16,5,7.42
52,16,5,7.38
53,16,5,9.24
54,16,5,7.46
55,16,5,7.57
56,16,5,7.86
57,16,5,7.01
58,16,5,7.44
59,16,5,7.04
60,16,5,6.51
61,16,5,8.5
62,16,5,7.14
63,16,5,6.9
64,16,5,7.98
65,16,5,5.02
66,16,5,7.37
67,16,5,7.49
68,16,5,6.48
69,16,5,7.81
70,16,5,8.01
71,16,5,6.31
72,16,5,8.59
73,16,5,6.72
74,16,5,8.13
75,16,5,5.47
76,16,5,8.05
77,16,5,6.74
78,16,5,6.99
79,16,5,7.73
80,16,5,7.05
81,16,5,7.22
82,16,5,6.81
83,16,5,5.29
84,16,5,6.81
85,16,5,6.2
86,16,5,8.28
87,16,5,8.24
88,16,5,8.19
89,16,5,7.93
90,16,5,7.71
91,16,5,5.79
92,16,5,5.71
93,16,5,7.35
94,16,5,6.47
95,16,5,6.56
96,16,5,6.95
97,16,5,6.75
98,16,5,7.35
99,16,5,5.31
0,17,5,8.2
1,17,5,5.68
2,17,5,7.56
3,17,5,8.29
4,17,5,5.59
5,17,5,7.93
6,17,5,6.79
7,17,5,8.48
8,17,5,9.29
9,17,5,8.04
10,17,5,8.91
11,17,5,8.1
12,17,5,6.49
13,17,5,7.83
14,17,5,10.18
15,17,5,8.69
16,17,5,6.76
17,17,5,9.25
18,17,5,7.59
19,17,5,6.78
20,17,5,7.67
21,17,5,7.95
22,17,5,6.65
23,17,5,6.03
24,17,5,5.25
25,17,5,8.0
26,17,5,5.86
27,17,5,6.93
28,17,5,7.29
29,17,5,7.8
30,17,5,7.57
31,17,5,7.56
32,17,5,7.64
33,17,5,4.65
34,17,5,8.44
35,17,5,6.92
36,17,5,7.06
37,17,5,7.97
38,17,5,6.01
39,17,5,8.15
40,17,5,7.99
41,17,5,6.56
42,17,5,6.1
43,17,5,6.25
44,17,5,6.74
45,17,5,7.68
46,17,5,8.84
47,17,5,6.9
48,17,5,7.23
49,17,5,7.6
50,17,5,6.05
51,17,5,6.2
52,17,5,6.31
53,17,5,7.26
54,17,5,6.98
55,17,5,7.13
56,17,5,6.69
57,17,5,8.02
58,17,5,7.56
59,17,5,6.77
60,17,5,6.38
61,17,5,8.57
62,17,5,6.9
63,17,5,7.74
64,17,5,8.38
65,17,5,8.28
66,17,5,6.62
67,17,5,9.07
68,17,5,8.54
69,17,5,7.29
70,17,5,6.75
71,17,5,8.25
72,17,5,9.29
73,17,5,7.64
74,17,5,6.6
75,17,5,7.92
76,17,5,7.79
77,17,5,6.55
78,17,5,5.64
79,17,5,7.28
80,17,5,6.96
81,17,5,6.98
82,17,5,7.88
83,17,5,5.72
84,17,5,7.82
85,17,5,9.18
86,17,5,6.77
87,17,5,6.67
88,17,5,7.3
89,17,5,6.45
90,17,5,7.37
91,17,5,7.71
92,17,5,7.95
93,17,5,7.96
94,17,5,7.03
95,17,5,7.09
96,17,5,7.76
97,17,5,5.37
98,17,5,7.33
99,17,5,6.85
0,18,5,7.22
1,18,5,5.98
2,18,5,7.81
3,18,5,8.8
4,18,5,7.09
5,18,5,7.41
6,18,5,6.74
7,18,5,8.14
8,18,5,6.46
9,18,5,6.15
10,18,5,7.47
11,18,5,6.69
12,18,5,6.4
13,18,5,8.31
14,18,5,7.58
15,18,5,7.77
16,18,5,7.55
17,18,5,6.71
18,18,5,8.09
19,18,5,5.73
20,18,5,7.32
21,18,5,8.22
22,18,5,7.65
23,18,5,7.44
24,18,5,6.58
25,18,5,6.55
26,18,5,6.54
27,18,5,7.84
28,18,5,6.57
29,18,5,7.64
30,18,5,6.57
31,18,5,6.05
32,18,5,7.09
33,18,5,6.23
34,18,5,7.23
35,18,5,9.86
36,18,5,7.1
37,18,5,8.82
38,18,5,9.08
39,18,5,7.16
40,18,5,8.45
41,18,5,6.09
42,18,5,4.78
43,18,5,6.27
44,18,5,7.68
45,18,5,7.69
46,18,5,7.48
47,18,5,6.13
48,18,5,6.46
49,18,5,6.7
50,18,5,6.29
51,18,5,7.74
52,18,5,8.17
53,18,5,4.84
54,18,5,6.48
55,18,5,6.87
56,18,5,6.8
57,18,5,5.17
58,18,5,7.33
59,18,5,6.3
60,18,5,5.53
61,18,5,7.85
62,18,5,7.08
63,18,5,7.5
64,18,5,6.59
65,18,5,6.88
66,18,5,7.7
67,18,5,8.12
68,18,5,9.6
69,18,5,8.39
70,18,5,8.03
71,18,5,8.3
72,18,5,5.24
73,18,5,7.83
74,18,5,4.46
75,18,5,7.46
76,18,5,6.16
77,18,5,9.81
78,18,5,6.69
79,18,5,6.54
80,18,5,8.35
81,18,5,9.2
82,18,5,7.43
83,18,5,7.21
84,18,5,7.07
85,18,5,7.41
86,18,5,7.24
87,18,5,7.65
88,18,5,7.14
89,18,5,7.3
90,18,5,7.26
91,18,5,7.21
92,18,5,7.02
93,18,5,6.88
94,18,5,6.36
95,18,5,7.84
96,18,5,7.94
97,18,5,7.82
98,18,5,7.68
99,18,5,6.86
0,19,5,8.27
1,19,5,8.86
2,19,5,7.67
3,19,5,7.45
4,19,5,8.28
5,19,5,7.51
6,19,5,6.81
7,19,5,5.58
8,19,5,7.18
9,19,5,7.97
10,19,5,6.31
11,19,5,7.18
12,19,5,7.02
13,19,5,7.03
14,19,5,5.38
15,19,5,6.49
16,19,5,6.56
17,19,5,8.4
18,19,5,7.27
19,19,5,7.28
20,19,5,8.53
21,19,5,7.01
22,19,5,7.33
23,19,5,5.97
24,19,5,7.58
25,19,5,7.81
26,19,5,5.97
27,19,5,5.94
28,19,5,7.51
29,19,5,6.91
30,19,5,5.97
31,19,5,5.84
32,19,5,7.13
33,19,5,6.13
34,19,5,7.81
35,19,5,7.58
36,19,5,6.56
37,19,5,7.08
38,19,5,7.05
39,19,5,6.93
40,19,5,7.95
41,19,5,5.33
42,19,5,5.83
43,19,5,8.21
44,19,5,6.38
45,19,5,7.08
46,19,5,8.06
47,19,5,6.06
48,19,5,9.44
49,19,5,7.41
50,19,5,6.53
51,19,5,8.35
52,19,5,6.97
53,19,5,7.26
54,19,5,5.85
55,19,5,6.76
56,19,5,6.97
57,19,5,8.68
58,19,5,6.23
59,19,5,6.96
60,19,5,7.18
61,19,5,7.91
62,19,5,7.06
63,19,5,6.48
64,19,5,7.97
65,19,5,8.93
66,19,5,6.99
67,19,5,9.55
68,19,5,8.16
69,19,5,8.53
70,19,5,6.5
71,19,5,9.08
72,19,5,8.01
73,19,5,7.27
74,19,5,7.97
75,19,5,7.84
76,19,5,7.53
77,19,5,7.45
78,19,5,8.96
79,19,5,6.19
80,19,5,8.38
81,19,5,6.71
82,19,5,6.15
83,19,5,7.98
84,19,5,7.22
85,19,5,6.38
86,19,5,6.8
87,19,5,8.02
88,19,5,6.16
89,19,5,6.6
90,19,5,6.13
91,19,5,5.34
92,19,5,6.79
93,19,5,6.37
94,19,5,7.06
95,19,5,8.48
96,19,5,7.98
97,19,5,9.98
98,19,5,6.85
99,19,5,7.7
0,20,5,6.53
1,20,5,8.3
2,20,5,6.92
3,20,5,7.03
4,20,5,6.77
5,20,5,6.14
6,20,5,7.09
7,20,5,7.49
8,20,5,7.5
9,20,5,7.81
10,20,5,6.68
11,20,5,6.43
12,20,5,8.03
13,20,5,7.14
14,20,5,6.29
15,20,5,6.45
16,20,5,6.6
17,20,5,7.45
18,20,5,5.7
19,20,5,7.67
20,20,5,8.0
21,20,5,6.31
22,20,5,8.05
23,20,5,6.7
24,20,5,7.15
25,20,5,6.88
26,20,5,9.06
27,20,5,6.73
28,20,5,6.21
29,20,5,4.77
30,20,5,7.41
31,20,5,8.19
32,20,5,8.28
33,20,5,6.21
34,20,5,8.63
35,20,5,8.19
36,20,5,7.19
37,20,5,5.64
38,20,5,7.91
39,20,5,7.21
40,20,5,6.45
41,20,5,6.83
42,20,5,8.68
43,20,5,6.18
44,20,5,6.09
45,20,5,6.11
46,20,5,7.06
47,20,5,6.72
48,20,5,7.52
49,20,5,8.06
50,20,5,7.77
51,20,5,7.78
52,20,5,6.1
53,20,5,6.92
54,20,5,7.92
55,20,5,5.81
56,20,5,8.07
57,20,5,6.05
58,20,5,7.84
59,20,5,8.07
60,20,5,6.76
61,20,5,8.47
62,20,5,6.56
63,20,5,7.47
64,20,5,6.34
65,20,5,7.87
66,20,5,6.49
67,20,5,6.49
68,20,5,7.43
69,20,5,9.65
70,20,5,8.36
71,20,5,9.93
72,20,5,6.77
73,20,5,8.43
74,20,5,7.74
75,20,5,8.77
76,20,5,8.6
77,20,5,7.01
78,20,5,7.33
79,20,5,6.31
80,20,5,6.44
81,20,5,7.04
82,20,5,7.54
83,20,5,6.84
84,20,5,5.95
85,20,5,8.48
86,20,5,6.79
87,20,5,8.71
88,20,5,8.09
89,20,5,7.5
90,20,5,5.56
91,20,5,7.83
92,20,5,6.05
93,20,5,8.68
94,20,5,5.89
95,20,5,7.55
96,20,5,7.32
97,20,5,7.21
98,20,5,6.72
99,20,5,6.83
0,21,5,7.05
1,21,5,9.38
2,21,5,6.64
3,21,5,6.38
4,21,5,7.69
5,21,5,5.7
6,21,5,6.1
7,21,5,7.94
8,21,5,8.09
9,21,5,7.09
10,21,5,6.42
11,21,5,7.16
12,21,5,7.85
13,21,5,5.95
14,21,5,6.02
15,21,5,7.83
16,21,5,6.7
17,21,5,6.69
18,21,5,6.32
19,21,5,6.7
20,21,5,7.62
21,21,5,6.36
22,21,5,5.86
23,21,5,6.35
24,21,5,7.22
25,21,5,6.87
26,21,5,8.44
27,21,5,6.79
28,21,5,7.06
29,21,5,8.37
30,21,5,6.37
31,21,5,7.14
32,21,5,6.36
33,21,5,4.91
34,21,5,6.61
35,21,5,8.6
36,21,5,5.62
37,21,5,7.45
38,21,5,6.59
39,21,5,6.88
40,21,5,8.08
41,21,5,7.28
42,21,5,9.83
43,21,5,8.34
44,21,5,6.3
45,21,5,7.77
46,21,5,7.79
47,21,5,7.61
48,21,5,7.63
49,21,5,8.94
50,21,5,6.94
51,21,5,8.06
52,21,5,7.07
53,21,5,8.04
54,21,5,6.76
55,21,5,7.7
56,21,5,6.35
57,21,5,8.5
58,21,5,7.35
59,21,5,9.47
60,21,5,8.49
61,21,5,7.46
62,21,5,6.65
63,21,5,8.7
64,21,5,7.26
65,21,5,8.82
66,21,5,8.3
67,21,5,9.28
68,21,5,8.81
69,21,5,9.68
70,21,5,9.09
71,21,5,9.75
72,21,5,8.85
73,21,5,7.84
74,21,5,8.13
75,21,5,8.27
76,21,5,8.45
77,21,5,7.45
78,21,5,8.48
79,21,5,7.76
80,21,5,7.66
81,21,5,7.57
82,21,5,7.0
83,21,5,6.55
84,21,5,4.86
85,21,5,5.28
86,21,5,6.33
87,21,5,7.93
88,21,5,7.48
89,21,5,6.81
90,21,5,7.99
91,21,5,6.16
92,21,5,6.66
93,21,5,6.48
94,21,5,8.08
95,21,5,8.17
96,21,5,5.48
97,21,5,7.83
98,21,5,6.61
99,21,5,5.3
0,22,5,7.23
1,22,5,6.96
2,22,5,6.58
3,22,5,8.37
4,22,5,7.39
5,22,5,5.94
6,22,5,7.74
7,22,5,7.09
8,22,5,5.76
9,22,5,6.51
10,22,5,8.53
11,22,5,7.15
12,22,5,7.49
13,22,5,7.27
14,22,5,6.16
15,22,5,7.73
16,22,5,8.55
17,22,5,8.33
18,22,5,6.8
19,22,5,9.1
20,22,5,6.41
21,22,5,7.31
22,22,5,7.83
23,22,5,7.18
24,22,5,8.75
25,22,5,7.43
26,22,5,5.86
27,22,5,6.51
28,22,5,6.85
29,22,5,6.18
30,22,5,6.55
31,22,5,7.27
32,22,5,7.06
33,22,5,7.29
34,22,5,7.44
35,22,5,6.92
36,22,5,7.0
37,22,5,6.86
38,22,5,8.82
39,22,5,5.75
40,22,5,7.79
41,22,5,4.35
42,22,5,7.83
43,22,5,7.0
44,22,5,8.08
45,22,5,7.83
46,22,5,5.87
47,22,5,7.27
48,22,5,8.24
49,22,5,6.66
50,22,5,7.77
51,22,5,9.4
52,22,5,8.06
53,22,5,7.24
54,22,5,7.58
55,22,5,6.37
56,22,5,8.05
57,22,5,4.53
58,22,5,7.76
59,22,5,7.07
60,22,5,7.99
61,22,5,7.86
62,22,5,7.09
63,22,5,5.96
64,22,5,8.59
65,22,5,7.77
66,22,5,7.01
67,22,5,9.74
68,22,5,9.44
69,22,5,7.11
70,22,5,8.04
71,22,5,7.4
72,22,5,7.8
73,22,5,9.61
74,22,5,8.96
75,22,5,7.45
76,22,5,8.51
77,22,5,9.08
78,22,5,8.29
79,22,5,6.96
80,22,5,6.91
81,22,5,6.71
82,22,5,8.12
83,22,5,8.15
84,22,5,7.47
85,22,5,6.85
86,22,5,7.49
87,22,5,5.75
88,22,5,6.95
89,22,5,6.09
90,22,5,5.78
91,22,5,7.13
92,22,5,7.19
93,22,5,6.58
94,22,5,7.49
95,22,5,5.19
96,22,5,6.03
97,22,5,6.08
98,22,5,6.41
99,22,5,8.53
0,23,5,7.6
1,23,5,7.11
2,23,5,8.82
3,23,5,7.35
4,23,5,7.37
5,23,5,7.08
6,23,5,6.75
7,23,5,6.89
8,23,5,8.27
9,23,5,6.74
10,23,5,8.5
11,23,5,5.69
12,23,5,6.0
13,23,5,6.0
14,23,5,7.49
15,23,5,7.46
16,23,5,7.33
17,23,5,6.89
18,23,5,5.5
19,23,5,6.31
20,23,5,7.42
21,23,5,7.26
22,23,5,9.35
23,23,5,8.59
24,23,5,6.26
25,23,5,6.94
26,23,5,6.92
27,23,5,5.34
28,23,5,7.53
29,23,5,8.02
30,23,5,7.01
31,23,5,6.55
32,23,5,5.05
33,23,5,7.92
34,23,5,6.77
35,23,5,6.79
36,23,5,6.5
37,23,5,8.01
38,23,5,5.65
39,23,5,8.35
40,23,5,6.41
41,23,5,6.45
42,23,5,6.16
43,23,5,8.13
44,23,5,6.39
45,23,5,8.82
46,23,5,6.43
47,23,5,7.79
48,23,5,8.54
49,23,5,8.15
50,23,5,7.2
51,23,5,6.37
52,23,5,9.49
53,23,5,5.68
54,23,5,7.32
55,23,5,5.93
56,23,5,6.18
57,23,5,8.27
58,23,5,6.58
59,23,5,7.53
60,23,5,7.78
61,23,5,8.89
62,23,5,7.57
63,23,5,7.71
64,23,5,8.45
65,23,5,8.82
66,23,5,8.41
67,23,5,9.76
68,23,5,8.0
69,23,5,8.99
70,23,5,9.51
71,23,5,8.41
72,23,5,9.38
73,23,5,10.31
74,23,5,8.38
75,23,5,9.44
76,23,5,7.73
77,23,5,7.18
78,23,5,7.41
79,23,5,8.11
80,23,5,7.8
81,23,5,8.42
82,23,5,8.24
83,23,5,6.97
84,23,5,7.45
85,23,5,6.39
86,23,5,8.25
87,23,5,8.59
88,23,5,7.65
89,23,5,7.73
90,23,5,6.08
91,23,5,6.27
92,23,5,6.79
93,23,5,7.15
94,23,5,6.17
95,23,5,6.26
96,23,5,7.72
97,23,5,8.6
98,23,5,7.75
99,23,5,7.11
0,24,5,7.45
1,24,5,6.07
2,24,5,8.45
3,24,5,6.64
4,24,5,8.17
5,24,5,7.76
6,24,5,7.83
7,24,5,7.52
8,24,5,6.47
9,24,5,5.24
10,24,5,6.76
11,24,5,6.77
12,24,5,6.37
13,24,5,8.68
14,24,5,6.58
15,24,5,7.39
16,24,5,8.39
17,24,5,6.52
18,24,5,8.27
19,24,5,8.73
20,24,5,6.54
21,24,5,7.76
22,24,5,6.56
23,24,5,6.83
24,24,5,8.22
25,24,5,5.83
26,24,5,7.34
27,24,5,8.21
28,24,5,8.03
29,24,5,8.57
30,24,5,7.02
31,24,5,5.7
32,24,5,6.5
33,24,5,6.92
34,24,5,7.04
35,24,5,7.83
36,24,5,7.11
37,24,5,8.39
38,24,5,5.19
39,24,5,7.47
40,24,5,7.22
41,24,5,7.74
42,24,5,6.95
43,24,5,8.18
44,24,5,6.75
45,24,5,7.59
46,24,5,9.63
47,24,5,6.72
48,24,5,8.19
49,24,5,7.49
50,24,5,6.81
51,24,5,7.3
52,24,5,8.85
53,24,5,5.82
54,24,5,6.62
55,24,5,7.75
56,24,5,7.61
57,24,5,6.62
58,24,5,7.12
59,24,5,7.82
60,24,5,7.98
61,24,5,8.29
62,24,5,8.01
63,24,5,8.23
64,24,5,9.87
65,24,5,8.22
66,24,5,9.0
67,24,5,8.64
68,24,5,10.0
69,24,5,8.83
70,24,5,9.31
71,24,5,9.97
72,24,5,9.92
73,24,5,8.66
74,24,5,10.37
75,24,5,7.16
76,24,5,8.53
77,24,5,8.56
78,24,5,8.03
79,24,5,6.79
80,24,5,8.17
81,24,5,8.02
82,24,5,6.62
83,24,5,8.13
84,24,5,6.8
85,24,5,7.55
86,24,5,5.86
87,24,5,7.8
88,24,5,7.72
89,24,5,7.15
90,24,5,6.91
91,24,5,6.64
92,24,5,8.91
93,24,5,6.84
94,24,5,7.61
95,24,5,8.42
96,24,5,7.67
97,24,5,6.83
98,24,5,7.74
99,24,5,8.17
0,25,5,6.33
1,25,5,7.09
2,25,5,7.37
3,25,5,7.04
4,25,5,8.29
5,25,5,6.74
6,25,5,6.99
7,25,5,6.27
8,25,5,6.75
9,25,5,6.64
10,25,5,5.94
11,25,5,6.01
12,25,5,7.79
13,25,5,6.98
14,25,5,6.99
15,25,5,6.42
16,25,5,4.86
17,25,5,6.33
18,25,5,6.37
19,25,5,6.24
20,25,5,5.63
21,25,5,8.91
22,25,5,6.67
23,25,5,6.8
24,25,5,7.14
25,25,5,5.7
26,25,5,8.03
27,25,5,7.64
28,25,5,7.5
29,25,5,9.08
30,25,5,7.87
31,25,5,7.09
32,25,5,7.14
33,25,5,6.33
34,25,5,7.42
35,25,5,7.53
36,25,5,6.92
37,25,5,6.9
38,25,5,6.98
39,25,5,7.44
40,25,5,7.97
41,25,5,7.65
42,25,5,7.37
43,25,5,7.16
44,25,5,7.55
45,25,5,5.95
46,25,5,5.61
47,25,5,7.69
48,25,5,7.08
49,25,5,8.31
50,25,5,5.27
51,25,5,6.96
52,25,5,7.67
53,25,5,7.02
54,25,5,6.69
55,25,5,6.93
56,25,5,7.06
57,25,5,7.11
58,25,5,7.01
59,25,5,7.8
60,25,5,9.2
61,25,5,6.24
62,25,5,7.25
63,25,5,8.38
64,25,5,8.53
65,25,5,8.25
66,25,5,9.05
67,25,5,9.36
68,25,5,8.43
69,25,5,9.37
70,25,5,9.95
71,25,5,11.56
72,25,5,8.52
73,25,5,7.78
74,25,5,9.32
75,25,5,8.61
76,25,5,9.39
77,25,5,9.08
78,25,5,8.23
79,25,5,9.26
80,25,5,9.35
81,25,5,8.35
82,25,5,9.31
83,25,5,8.3
84,25,5,7.72
85,25,5,7.41
86,25,5,9.2
87,25,5,6.68
88,25,5,7.46
89,25,5,6.68
90,25,5,9.02
91,25,5,6.61
92,25,5,6.63
93,25,5,8.63
94,25,5,7.03
95,25,5,5.39
96,25,5,10.51
97,25,5,7.8
98,25,5,7.17
99,25,5,7.27
0,26,5,7.37
1,26,5,7.05
2,26,5,7.3
3,26,5,6.29
4,26,5,7.97
5,26,5,7.34
6,26,5,6.76
7,26,5,7.2
8,26,5,6.29
9,26,5,6.72
10,26,5,7.74
11,26,5,7.68
12,26,5,5.96
13,26,5,6.63
14,26,5,7.57
15,26,5,5.69
16,26,5,7.14
17,26,5,8.02
18,26,5,5.74
19,26,5,6.78
20,26,5,6.15
21,26,5,8.21
22,26,5,6.84
23,26,5,8.32
24,26,5,7.31
25,26,5,7.68
26,26,5,6.93
27,26,5,6.8
28,26,5,6.82
29,26,5,7.73
30,26,5,8.27
31,26,5,7.93
32,26,5,6.52
33,26,5,5.77
34,26,5,4.68
35,26,5,6.37
36,26,5,5.31
37,26,5,7.19
38,26,5,6.8
39,26,5,5.63
40,26,5,8.07
41,26,5,8.66
42,26,5,7.03
43,26,5,6.25
44,26,5,9.33
45,26,5,4.86
46,26,5,7.29
47,26,5,5.32
48,26,5,8.44
49,26,5,8.76
50,26,5,7.34
51,26,5,6.78
52,26,5,7.1
53,26,5,7.63
54,26,5,8.92
55,26,5,7.97
56,26,5,7.05
57,26,5,8.63
58,26,5,7.54
59,26,5,8.45
60,26,5,8.26
61,26,5,7.59
62,26,5,7.45
63,26,5,8.62
64,26,5,10.57
65,26,5,8.21
66,26,5,8.18
67,26,5,10.05
68,26,5,8.13
69,26,5,9.26
70,26,5,8.96
71,26,5,10.08
72,26,5,8.72
73,26,5,9.43
74,26,5,9.04
75,26,5,9.37
76,26,5,9.68
77,26,5,10.05
78,26,5,9.49
79,26,5,6.38
80,26,5,9.29
81,26,5,7.62
82,26,5,7.33
83,26,5,7.07
84,26,5,8.82
85,26,5,6.32
86,26,5,7.55
87,26,5,8.22
88,26,5,7.32
89,26,5,7.52
90,26,5,7.83
91,26,5,8.16
92,26,5,5.42
93,26,5,6.02
94,26,5,5.94
95,26,5,6.85
96,26,5,7.72
97,26,5,8.31
98,26,5,6.82
99,26,5,6.96
0,27,5,6.48
1,27,5,7.43
2,27,5,6.58
3,27,5,7.23
4,27,5,7.6
5,27,5,8.29
6,27,5,7.86
7,27,5,7.99
8,27,5,5.65
9,27,5,6.35
10,27,5,7.8
11,27,5,7.19
12,27,5,7.58
13,27,5,6.6
14,27,5,6.72
15,27,5,8.12
16,27,5,6.27
17,27,5,7.39
18,27,5,7.13
19,27,5,6.52
20,27,5,6.44
21,27,5,8.52
22,27,5,7.99
23,27,5,6.52
24,27,5,7.77
25,27,5,7.94
26,27,5,8.06
27,27,5,6.97
28,27,5,5.92
29,27,5,8.53
30,27,5,7.98
31,27,5,5.36
32,27,5,6.96
33,27,5,9.03
34,27,5,7.76
35,27,5,8.59
36,27,5,7.76
37,27,5,8.77
38,27,5,6.44
39,27,5,7.65
40,27,5,6.69
41,27,5,6.81
42,27,5,8.58
43,27,5,7.32
44,27,5,7.1
45,27,5,6.29
46,27,5,7.68
47,27,5,8.69
48,27,5,6.24
49,27,5,6.79
50,27,5,6.79
51,27,5,7.71
52,27,5,6.97
53,27,5,7.11
54,27,5,6.19
55,27,5,7.55
56,27,5,6.53
57,27,5,6.62
58,27,5,8.39
59,27,5,8.75
60,27,5,7.71
61,27,5,7.69
62,27,5,8.12
63,27,5,9.34
64,27,5,10.61
65,27,5,7.89
66,27,5,7.98
67,27,5,8.38
68,27,5,8.92
69,27,5,7.85
70,27,5,7.5
71,27,5,10.56
72,27,5,10.04
73,27,5,8.96
74,27,5,10.97
75,27,5,9.7
76,27,5,9.27
77,27,5,9.85
78,27,5,8.64
79,27,5,9.03
80,27,5,8.56
81,27,5,9.22
82,27,5,8.18
83,27,5,8.57
84,27,5,6.01
85,27,5,5.71
86,27,5,7.97
87,27,5,6.67
88,27,5,7.17
89,27,5,7.4
90,27,5,8.18
91,27,5,8.04
92,27,5,8.33
93,27,5,6.7
94,27,5,6.88
95,27,5,5.75
96,27,5,6.2
97,27,5,7.75
98,27,5,6.07
99,27,5,7.37
0,28,5,5.97
1,28,5,5.19
2,28,5,5.33
3,28,5,6.76
4,28,5,7.48
5,28,5,6.47
6,28,5,7.33
7,28,5,8.77
8,28,5,6.63
9,28,5,7.13
10,28,5,8.57
11,28,5,7.39
12,28,5,6.6
13,28,5,8.13
14,28,5,7.0
15,28,5,6.23
16,28,5,7.36
17,28,5,7.35
18,28,5,7.19
19,28,5,6.55
20,28,5,7.61
21,28,5,6.98
22,28,5,7.32
23,28,5,7.72
24,28,5,7.57
25,28,5,8.0
26,28,5,7.99
27,28,5,6.94
28,28,5,7.38
29,28,5,7.88
30,28,5,6.35
31,28,5,7.0
32,28,5,7.75
33,28,5,7.36
34,28,5,7.51
35,28,5,7.16
36,28,5,7.0
37,28,5,6.6
38,28,5,6.74
39,28,5,6.96
40,28,5,7.37
41,28,5,7.83
42,28,5,6.67
43,28,5,6.4
44,28,5,8.24
45,28,5,4.02
46,28,5,6.57
47,28,5,7.15
48,28,5,6.66
49,28,5,7.39
50,28,5,8.41
51,28,5,7.35
52,28,5,6.96
53,28,5,9.5
54,28,5,9.54
55,28,5,7.44
56,28,5,8.44
57,28,5,7.94
58,28,5,8.84
59,28,5,6.91
60,28,5,7.22
61,28,5,9.12
62,28,5,9.91
63,28,5,9.78
64,28,5,8.86
65,28,5,11.45
66,28,5,10.06
67,28,5,7.8
68,28,5,9.07
69,28,5,10.19
70,28,5,10.55
71,28,5,9.59
72,28,5,9.73
73,28,5,8.25
74,28,5,8.31
75,28,5,9.02
76,28,5,8.83
77,28,5,10.16
78,28,5,10.51
79,28,5,9.02
80,28,5,7.49
81,28,5,9.15
82,28,5,9.41
83,28,5,6.93
84,28,5,6.23
85,28,5,6.91
86,28,5,6.52
87,28,5,9.31
88,28,5,6.72
89,28,5,7.26
90,28,5,7.89
91,28,5,7.33
92,28,5,5.85
93,28,5,7.48
94,28,5,5.69
95,28,5,5.65
96,28,5,7.18
97,28,5,7.02
98,28,5,6.75
99,28,5,6.42
0,29,5,7.41
1,29,5,7.06
2,29,5,6.53
3,29,5,6.93
4,29,5,7.8
5,29,5,8.42
6,29,5,7.47
7,29,5,9.86
8,29,5,7.48
9,29,5,7.97
10,29,5,8.3
11,29,5,8.21
12,29,5,6.71
13,29,5,6.67
14,29,5,6.7
15,29,5,6.64
16,29,5,7.23
17,29,5,6.42
18,29,5,7.66
19,29,5,5.32
20,29,5,7.39
21,29,5,8.19
22,29,5,9.06
23,29,5,7.51
24,29,5,7.44
25,29,5,7.96
26,29,5,6.75
27,29,5,6.61
28,29,5,7.03
29,29,5,7.74
30,29,5,7.87
31,29,5,6.99
32,29,5,6.33
33,29,5,9.25
34,29,5,7.31
35,29,5,6.61
36,29,5,7.93
37,29,5,7.26
38,29,5,7.73
39,29,5,8.64
40,29,5,7.77
41,29,5,7.18
42,29,5,8.04
43,29,5,8.22
44,29,5,7.25
45,29,5,7.39
46,29,5,7.72
47,29,5,6.55
48,29,5,8.02
49,29,5,8.26
50,29,5,7.38
51,29,5,6.07
52,29,5,7.79
53,29,5,6.76
54,29,5,6.53
55,29,5,7.59
56,29,5,7.1
57,29,5,7.35
58,29,5,7.93
59,29,5,6.84
60,29,5,7.71
61,29,5,8.88
62,29,5,7.61
63,29,5,11.5
64,29,5,8.04
65,29,5,10.14
66,29,5,9.5
67,29,5,9.21
68,29,5,7.71
69,29,5,10.5
70,29,5,9.49
71,29,5,9.52
72,29,5,8.42
73,29,5,9.77
74,29,5,8.1
75,29,5,9.78
76,29,5,9.68
77,29,5,8.61
78,29,5,9.25
79,29,5,8.26
80,29,5,7.95
81,29,5,5.04
82,29,5,6.68
83,29,5,8.03
84,29,5,5.26
85,29,5,6.87
86,29,5,4.51
87,29,5,7.96
88,29,5,7.65
89,29,5,8.2
90,29,5,5.96
91,29,5,7.57
92,29,5,6.27
93,29,5,5.99
94,29,5,5.51
95,29,5,8.22
96,29,5,6.52
97,29,5,6.87
98,29,5,7.6
99,29,5,8.13
0,30,5,8.54
1,30,5,7.32
2,30,5,7.48
3,30,5,6.48
4,30,5,7.99
5,30,5,7.91
6,30,5,6.69
7,30,5,5.99
8,30,5,6.15
9,30,5,5.65
10,30,5,4.34
11,30,5,8.0
12,30,5,9.78
13,30,5,6.57
14,30,5,6.54
15,30,5,6.43
16,30,5,6.34
17,30,5,7.45
18,30,5,7.11
19,30,5,7.66
20,30,5,7.53
21,30,5,7.79
22,30,5,8.13
23,30,5,6.52
24,30,5,5.8
25,30,5,8.23
26,30,5,8.61
27,30,5,6.29
28,30,5,6.98
29,30,5,9.28
30,30,5,6.11
31,30,5,5.84
32,30,5,9.17
33,30,5,5.42
34,30,5,7.74
35,30,5,6.67
36,30,5,7.46
37,30,5,5.03
38,30,5,8.42
39,30,5,5.35
40,30,5,7.82
41,30,5,6.71
42,30,5,7.34
43,30,5,7.25
44,30,5,5.48
45,30,5,7.22
46,30,5,8.01
47,30,5,5.6
48,30,5,5.24
49,30,5,7.77
50,30,5,6.75
51,30,5,5.82
52,30,5,7.66
53,30,5,8.56
54,30,5,6.78
55,30,5,8.57
56,30,5,5.37
57,30,5,6.93
58,30,5,6.62
59,30,5,8.39
60,30,5,7.78
61,30,5,8.47
62,30,5,10.11
63,30,5,8.54
64,30,5,9.83
65,30,5,8.5
66,30,5,10.67
67,30,5,8.75
68,30,5,8.43
69,30,5,9.72
70,30,5,11.11
71,30,5,9.33
72,30,5,10.05
73,30,5,9.34
74,30,5,8.67
75,30,5,8.69
76,30,5,9.72
77,30,5,9.76
78,30,5,10.14
79,30,5,8.0
80,30,5,7.08
81,30,5,5.73
82,30,5,5.81
83,30,5,6.65
84,30,5,7.83
85,30,5,8.63
86,30,5,9.35
87,30,5,8.17
88,30,5,7.26
89,30,5,7.38
90,30,5,6.9
91,30,5,6.81
92,30,5,5.82
93,30,5,7.12
94,30,5,5.96
95,30,5,7.28
96,30,5,6.18
97,30,5,7.39
98,30,5,7.42
99,30,5,7.21
0,31,5,7.23
1,31,5,6.99
2,31,5,8.45
3,31,5,5.75
4,31,5,6.89
5,31,5,7.2
6,31,5,6.49
7,31,5,5.55
8,31,5,7.42
9,31,5,7.03
10,31,5,6.04
11,31,5,7.63
12,31,5,8.32
13,31,5,7.79
14,31,5,8.14
15,31,5,8.04
16,31,5,8.1
17,31,5,5.89
18,31,5,8.49
19,31,5,6.71
20,31,5,6.76
21,31,5,6.55
22,31,5,6.95
23,31,5,5.82
24,31,5,7.96
25,31,5,7.97
26,31,5,7.23
27,31,5,6.97
28,31,5,7.52
29,31,5,6.39
30,31,5,7.8
31,31,5,5.91
32,31,5,6.44
33,31,5,6.7
34,31,5,7.29
35,31,5,6.67
36,31,5,7.58
37,31,5,7.99
38,31,5,9.33
39,31,5,8.38
40,31,5,7.68
41,31,5,6.15
42,31,5,5.79
43,31,5,7.41
44,31,5,6.45
45,31,5,7.55
46,31,5,7.38
47,31,5,7.3
48,31,5,9.83
49,31,5,7.89
50,31,5,6.79
51,31,5,7.83
52,31,5,6.81
53,31,5,8.57
54,31,5,6.05
55,31,5,6.21
56,31,5,7.35
57,31,5,8.16
58,31,5,7.34
59,31,5,8.51
60,31,5,7.44
61,31,5,8.5
62,31,5,7.24
63,31,5,9.72
64,31,5,8.29
65,31,5,9.06
66,31,5,8.21
67,31,5,10.54
68,31,5,10.7
69,31,5,9.73
70,31,5,9.94
71,31,5,9.42
72,31,5,10.39
73,31,5,8.32
74,31,5,9.21
75,31,5,11.36
76,31,5,9.83
77,31,5,9.27
78,31,5,10.15
79,31,5,8.03
80,31,5,7.76
81,31,5,9.03
82,31,5,4.84
83,31,5,7.1
84,31,5,7.69
85,31,5,6.5
86,31,5,5.88
87,31,5,7.13
88,31,5,5.94
89,31,5,7.27
90,31,5,6.87
91,31,5,8.77
92,31,5,7.37
93,31,5,7.32
94,31,5,7.7
95,31,5,7.16
96,31,5,9.12
97,31,5,5.27
98,31,5,6.41
99,31,5,5.2
0,32,5,7.36
1,32,5,7.68
2,32,5,5.12
3,32,5,8.24
4,32,5,7.31
5,32,5,7.23
6,32,5,6.85
7,32,5,8.54
8,32,5,9.01
9,32,5,8.26
10,32,5,6.95
11,32,5,6.44
12,32,5,6.38
13,32,5,7.6
14,32,5,8.54
15,32,5,6.3
16,32,5,5.83
17,32,5,7.61
18,32,5,8.26
19,32,5,6.71
20,32,5,6.23
21,32,5,8.27
22,32,5,6.9
23,32,5,5.98
24,32,5,8.88
25,32,5,8.55
26,32,5,8.17
27,32,5,5.5
28,32,5,6.7
29,32,5,5.06
30,32,5,8.78
31,32,5,8.08
32,32,5,8.29
33,32,5,6.44
34,32,5,5.12
35,32,5,5.36
36,32,5,6.56
37,32,5,8.07
38,32,5,6.94
39,32,5,5.79
40,32,5,6.89
41,32,5,7.69
42,32,5,8.37
43,32,5,7.95
44,32,5,6.65
45,32,5,4.78
46,32,5,7.9
47,32,5,6.99
48,32,5,9.75
49,32,5,6.28
50,32,5,5.74
51,32,5,6.15
52,32,5,5.32
53,32,5,8.44
54,32,5,7.7
55,32,5,7.43
56,32,5,5.68
57,32,5,7.6
58,32,5,7.03
59,32,5,7.95
60,32,5,8.53
61,32,5,8.85
62,32,5,9.26
63,32,5,10.59
64,32,5,8.56
65,32,5,9.06
66,32,5,10.63
67,32,5,8.83
68,32,5,10.3
69,32,5,10.13
70,32,5,8.62
71,32,5,11.28
72,32,5,10.46
73,32,5,7.72
74,32,5,7.91
75,32,5,11.27
76,32,5,9.69
77,32,5,8.38
78,32,5,9.21
79,32,5,9.76
80,32,5,8.79
81,32,5,8.41
82,32,5,6.94
83,32,5,6.6
84,32,5,9.38
85,32,5,8.15
86,32,5,7.22
87,32,5,7.33
88,32,5,6.81
89,32,5,7.5
90,32,5,8.67
91,32,5,6.86
92,32,5,6.99
93,32,5,7.79
94,32,5,8.36
95,32,5,6.55
96,32,5,6.4
97,32,5,7.2
98,32,5,7.21
99,32,5,7.19
0,33,5,6.66
1,33,5,6.44
2,33,5,8.16
3,33,5,7.91
4,33,5,7.9
5,33,5,8.86
6,33,5,6.65
7,33,5,5.88
8,33,5,6.86
9,33,5,6.39
10,33,5,6.84
11,33,5,5.59
12,33,5,6.55
13,33,5,6.12
14,33,5,7.07
15,33,5,6.93
16,33,5,6.83
17,33,5,7.91
18,33,5,6.25
19,33,5,6.86
20,33,5,6.57
21,33,5,6.89
22,33,5,7.81
23,33,5,6.94
24,33,5,7.51
25,33,5,7.15
26,33,5,6.72
27,33,5,7.6
28,33,5,6.41
29,33,5,7.5
30,33,5,7.52
31,33,5,6.26
32,33,5,7.54
33,33,5,8.28
34,33,5,7.37
35,33,5,6.37
36,33,5,7.16
37,33,5,7.46
38,33,5,6.88
39,33,5,7.11
40,33,5,6.33
41,33,5,5.79
42,33,5,6.84
43,33,5,7.55
44,33,5,8.17
45,33,5,7.41
46,33,5,6.49
47,33,5,6.77
48,33,5,7.57
49,33,5,6.38
50,33,5,7.66
51,33,5,8.79
52,33,5,8.21
53,33,5,7.89
54,33,5,7.02
55,33,5,6.08
56,33,5,8.91
57,33,5,7.01
58,33,5,6.84
59,33,5,8.63
60,33,5,8.18
61,33,5,6.02
62,33,5,7.73
63,33,5,8.64
64,33,5,10.56
65,33,5,8.71
66,33,5,8.72
67,33,5,10.91
68,33,5,8.92
69,33,5,8.53
70,33,5,10.67
71,33,5,10.14
72,33,5,8.23
73,33,5,9.43
74,33,5,8.96
75,33,5,8.66
76,33,5,9.85
77,33,5,9.74
78,33,5,9.52
79,33,5,8.31
80,33,5,8.86
81,33,5,7.19
82,33,5,7.33
83,33,5,8.36
84,33,5,7.5
85,33,5,6.73
86,33,5,7.08
87,33,5,5.01
88,33,5,7.72
89,33,5,5.86
90,33,5,8.22
91,33,5,8.63
92,33,5,6.85
93,33,5,6.92
94,33,5,8.11
95,33,5,7.32
96,33,5,6.69
97,33,5,6.65
98,33,5,7.31
99,33,5,5.83
0,34,5,7.16
1,34,5,8.22
2,34,5,6.55
3,34,5,7.51
4,34,5,8.97
5,34,5,5.9
6,34,5,7.11
7,34,5,7.32
8,34,5,7.57
9,34,5,5.91
10,34,5,7.24
11,34,5,7.52
12,34,5,7.08
13,34,5,8.56
14,34,5,7.74
15,34,5,6.8
16,34,5,6.96
17,34,5,6.83
18,34,5,7.51
19,34,5,7.56
20,34,5,5.82
21,34,5,7.88
22,34,5,8.14
23,34,5,7.93
24,34,5,8.19
25,34,5,9.94
26,34,5,8.14
27,34,5,8.16
28,34,5,6.95
29,34,5,7.37
30,34,5,6.55
31,34,5,5.84
32,34,5,6.28
33,34,5,6.54
34,34,5,6.01
35,34,5,7.17
36,34,5,8.19
37,34,5,8.34
38,34,5,7.97
39,34,5,7.53
40,34,5,7.15
41,34,5,8.48
42,34,5,8.1
43,34,5,8.73
44,34,5,7.73
45,34,5,6.85
46,34,5,5.64
47,34,5,5.47
48,34,5,7.62
49,34,5,7.45
50,34,5,5.67
51,34,5,7.24
52,34,5,6.59
53,34,5,8.82
54,34,5,6.06
55,34,5,8.38
56,34,5,8.31
57,34,5,8.04
58,34,5,7.28
59,34,5,6.31
60,34,5,7.42
61,34,5,10.58
62,34,5,9.1
63,34,5,9.91
64,34,5,8.71
65,34,5,9.15
66,34,5,9.64
67,34,5,9.92
68,34,5,8.32
69,34,5,10.14
70,34,5,9.58
71,34,5,9.57
72,34,5,9.43
73,34,5,7.29
74,34,5,9.03
75,34,5,8.96
76,34,5,8.19
77,34,5,6.83
78,34,5,5.83
79,34,5,6.61
80,34,5,9.98
81,34,5,9.19
82,34,5,7.53
83,34,5,7.17
84,34,5,6.78
85,34,5,7.6
86,34,5,6.89
87,34,5,8.05
88,34,5,6.88
89,34,5,7.21
90,34,5,8.05
91,34,5,6.73
92,34,5,7.66
93,34,5,8.17
94,34,5,7.57
95,34,5,7.0
96,34,5,7.14
97,34,5,6.84
98,34,5,5.99
99,34,5,7.6
0,35,5,6.39
1,35,5,6.34
2,35,5,7.59
3,35,5,5.97
4,35,5,6.65
5,35,5,8.24
6,35,5,7.22
7,35,5,8.16
8,35,5,5.94
9,35,5,7.18
10,35,5,7.76
11,35,5,8.1
12,35,5,6.54
13,35,5,7.99
14,35,5,8.61
15,35,5,6.42
16,35,5,8.43
17,35,5,6.68
18,35,5,8.13
19,35,5,7.97
20,35,5,8.68
21,35,5,7.47
22,35,5,7.53
23,35,5,7.6
24,35,5,7.82
25,35,5,7.43
26,35,5,6.18
27,35,5,6.13
28,35,5,5.07
29,35,5,5.47
30,35,5,7.1
31,35,5,8.25
32,35,5,7.42
33,35,5,7.68
34,35,5,6.67
35,35,5,6.04
36,35,5,7.94
37,35,5,7.61
38,35,5,7.5
39,35,5,7.64
40,35,5,6.92
41,35,5,7.0
42,35,5,5.85
43,35,5,7.63
44,35,5,7.11
45,35,5,7.07
46,35,5,6.56
47,35,5,6.96
48,35,5,6.84
49,35,5,6.04
50,35,5,7.43
51,35,5,6.96
52,35,5,7.79
53,35,5,7.83
54,35,5,7.89
55,35,5,6.46
56,35,5,6.04
57,35,5,8.97
58,35,5,7.89
59,35,5,7.58
60,35,5,8.18
61,35,5,7.92
62,35,5,8.45
63,35,5,8.12
64,35,5,10.14
65,35,5,9.61
66,35,5,9.6
67,35,5,9.79
68,35,5,10.49
69,35,5,9.15
70,35,5,8.13
71,35,5,10.51
72,35,5,10.76
73,35,5,9.9
74,35,5,8.89
75,35,5,8.29
76,35,5,9.93
77,35,5,7.65
78,35,5,8.14
79,35,5,8.83
80,35,5,6.76
81,35,5,6.42
82,35,5,8.74
83,35,5,9.24
84,35,5,9.76
85,35,5,7.81
86,35,5,7.68
87,35,5,6.69
88,35,5,7.74
89,35,5,7.13
90,35,5,7.67
91,35,5,8.18
92,35,5,7.16
93,35,5,8.37
94,35,5,5.95
95,35,5,6.87
96,35,5,6.51
97,35,5,4.95
98,35,5,6.67
99,35,5,9.25
0,36,5,6.49
1,36,5,8.39
2,36,5,7.26
3,36,5,6.06
4,36,5,8.44
5,36,5,7.68
6,36,5,6.84
7,36,5,8.99
8,36,5,5.74
9,36,5,5.61
10,36,5,7.38
11,36,5,7.24
12,36,5,6.97
13,36,5,7.71
14,36,5,8.22
15,36,5,6.36
16,36,5,7.68
17,36,5,7.76
18,36,5,8.16
19,36,5,6.97
20,36,5,6.26
21,36,5,7.13
22,36,5,7.07
23,36,5,5.84
24,36,5,6.84
25,36,5,6.98
26,36,5,6.74
27,36,5,8.39
28,36,5,7.43
29,36,5,8.87
30,36,5,6.63
31,36,5,7.56
32,36,5,7.02
33,36,5,7.31
34,36,5,7.05
35,36,5,6.7
36,36,5,8.09
37,36,5,6.37
38,36,5,7.27
39,36,5,7.31
40,36,5,7.89
41,36,5,5.72
42,36,5,5.95
43,36,5,5.54
44,36,5,7.65
45,36,5,7.5
46,36,5,5.72
47,36,5,8.73
48,36,5,7.44
49,36,5,8.49
50,36,5,6.74
51,36,5,8.08
52,36,5,6.77
53,36,5,7.59
54,36,5,7.51
55,36,5,6.94
56,36,5,7.71
57,36,5,6.79
58,36,5,8.82
59,36,5,7.51
60,36,5,8.72
61,36,5,8.79
62,36,5,9.79
63,36,5,7.6
64,36,5,7.62
65,36,5,9.39
66,36,5,8.4
67,36,5,9.8
68,36,5,9.19
69,36,5,10.31
70,36,5,8.89
71,36,5,9.96
72,36,5,9.84
73,36,5,9.32
74,36,5,9.52
75,36,5,9.11
76,36,5,8.84
77,36,5,9.37
78,36,5,9.42
79,36,5,8.9
80,36,5,6.99
81,36,5,7.21
82,36,5,7.39
83,36,5,6.36
84,36,5,8.2
85,36,5,6.94
86,36,5,6.84
87,36,5,7.78
88,36,5,7.96
89,36,5,7.62
90,36,5,6.68
91,36,5,7.64
92,36,5,8.57
93,36,5,7.34
94,36,5,8.26
95,36,5,5.96
96,36,5,8.56
97,36,5,8.21
98,36,5,7.19
99,36,5,7.36
0,37,5,7.71
1,37,5,6.66
2,37,5,7.83
3,37,5,8.32
4,37,5,7.87
5,37,5,5.71
6,37,5,9.38
7,37,5,6.48
8,37,5,5.41
9,37,5,5.48
10,37,5,9.22
11,37,5,8.92
12,37,5,7.27
13,37,5,6.49
14,37,5,6.5
15,37,5,6.08
16,37,5,7.68
17,37,5,7.81
18,37,5,7.12
19,37,5,7.31
20,37,5,6.39
21,37,5,7.1
22,37,5,7.15
23,37,5,7.14
24,37,5,7.34
25,37,5,6.15
26,37,5,8.23
27,37,5,7.91
28,37,5,6.74
29,37,5,5.9
30,37,5,6.63
31,37,5,8.38
32,37,5,7.07
33,37,5,4.89
34,37,5,5.38
35,37,5,9.12
36,37,5,6.62
37,37,5,8.29
38,37,5,8.08
39,37,5,6.33
40,37,5,6.4
41,37,5,4.91
42,37,5,7.92
43,37,5,5.61
44,37,5,8.26
45,37,5,7.2
46,37,5,7.22
47,37,5,8.05
48,37,5,7.12
49,37,5,9.36
50,37,5,7.11
51,37,5,7.49
52,37,5,7.97
53,37,5,7.32
54,37,5,6.34
55,37,5,7.08
56,37,5,7.37
57,37,5,8.15
58,37,5,6.95
59,37,5,7.68
60,37,5,8.88
61,37,5,7.51
62,37,5,9.71
63,37,5,8.0
64,37,5,8.47
65,37,5,7.53
66,37,5,8.76
67,37,5,8.24
68,37,5,8.89
69,37,5,8.68
70,37,5,9.73
71,37,5,9.62
72,37,5,7.48
73,37,5,7.15
74,37,5,9.1
75,37,5,8.77
76,37,5,8.57
77,37,5,7.68
78,37,5,9.06
79,37,5,10.52
80,37,5,8.82
81,37,5,7.67
82,37,5,9.37
83,37,5,8.21
84,37,5,6.78
85,37,5,8.5
86,37,5,6.43
87,37,5,6.48
88,37,5,6.33
89,37,5,8.57
90,37,5,6.92
91,37,5,6.72
92,37,5,6.18
93,37,5,8.66
94,37,5,8.35
95,37,5,6.77
96,37,5,6.66
97,37,5,6.97
98,37,5,8.54
99,37,5,5.76
0,38,5,5.58
1,38,5,6.57
2,38,5,7.13
3,38,5,6.68
4,38,5,6.09
5,38,5,6.66
6,38,5,8.69
7,38,5,6.02
8,38,5,7.44
9,38,5,8.29
10,38,5,7.4
11,38,5,7.66
12,38,5,7.97
13,38,5,7.54
14,38,5,7.3
15,38,5,5.14
16,38,5,8.29
17,38,5,7.38
18,38,5,6.57
19,38,5,8.3
20,38,5,7.23
21,38,5,8.0
22,38,5,8.12
23,38,5,7.91
24,38,5,6.66
25,38,5,8.47
26,38,5,8.06
27,38,5,8.34
28,38,5,6.59
29,38,5,8.53
30,38,5,8.17
31,38,5,7.98
32,38,5,6.82
33,38,5,7.29
34,38,5,7.54
35,38,5,6.85
36,38,5,7.1
37,38,5,7.13
38,38,5,7.05
39,38,5,7.61
40,38,5,7.61
41,38,5,8.66
42,38,5,6.65
43,38,5,7.68
44,38,5,7.97
45,38,5,7.66
46,38,5,6.63
47,38,5,5.71
48,38,5,7.04
49,38,5,7.09
50,38,5,8.1
51,38,5,9.22
52,38,5,4.93
53,38,5,7.21
54,38,5,6.64
55,38,5,8.2
56,38,5,7.04
57,38,5,7.53
58,38,5,6.18
59,38,5,7.42
60,38,5,9.76
61,38,5,8.91
62,38,5,8.22
63,38,5,9.0
64,38,5,7.81
65,38,5,9.59
66,38,5,8.79
67,38,5,8.77
68,38,5,8.07
69,38,5,9.28
70,38,5,9.04
71,38,5,7.7
72,38,5,9.04
73,38,5,9.68
74,38,5,7.53
75,38,5,9.49
76,38,5,9.44
77,38,5,8.32
78,38,5,6.63
79,38,5,7.19
80,38,5,7.05
81,38,5,6.63
82,38,5,8.33
83,38,5,5.27
84,38,5,6.1
85,38,5,6.37
86,38,5,7.93
87,38,5,7.82
88,38,5,7.07
89,38,5,7.45
90,38,5,6.22
91,38,5,8.64
92,38,5,6.41
93,38,5,6.11
94,38,5,7.37
95,38,5,7.75
96,38,5,7.41
97,38,5,7.31
98,38,5,7.87
99,38,5,6.85
0,39,5,6.77
1,39,5,7.03
2,39,5,6.09
3,39,5,7.41
4,39,5,7.62
5,39,5,6.01
6,39,5,6.49
7,39,5,9.08
8,39,5,6.85
9,39,5,7.06
10,39,5,8.65
11,39,5,8.17
12,39,5,8.98
13,39,5,6.29
14,39,5,7.67
15,39,5,7.87
16,39,5,7.63
17,39,5,7.46
18,39,5,6.92
19,39,5,7.12
20,39,5,7.36
21,39,5,8.57
22,39,5,6.93
23,39,5,7.38
24,39,5,7.69
25,39,5,8.81
26,39,5,6.9
27,39,5,8.18
28,39,5,7.94
29,39,5,6.66
30,39,5,7.31
31,39,5,6.05
32,39,5,8.6
33,39,5,7.5
34,39,5,7.47
35,39,5,6.81
36,39,5,6.77
37,39,5,5.81
38,39,5,6.73
39,39,5,7.09
40,39,5,7.66
41,39,5,6.51
42,39,5,7.31
43,39,5,6.32
44,39,5,7.76
45,39,5,6.96
46,39,5,5.95
47,39,5,9.09
48,39,5,7.49
49,39,5,6.72
50,39,5,8.01
51,39,5,9.55
52,39,5,8.12
53,39,5,4.73
54,39,5,5.62
55,39,5,6.27
56,39,5,7.96
57,39,5,6.84
58,39,5,7.13
59,39,5,8.13
60,39,5,7.85
61,39,5,8.93
62,39,5,8.28
63,39,5,8.58
64,39,5,7.43
65,39,5,8.21
66,39,5,7.07
67,39,5,9.21
68,39,5,6.18
69,39,5,8.95
70,39,5,8.69
71,39,5,9.39
72,39,5,8.99
73,39,5,8.22
74,39,5,10.16
75,39,5,8.06
76,39,5,10.5
77,39,5,7.48
78,39,5,7.15
79,39,5,8.39
80,39,5,7.26
81,39,5,7.6
82,39,5,7.96
83,39,5,7.4
84,39,5,6.57
85,39,5,6.87
86,39,5,6.94
87,39,5,6.64
88,39,5,8.03
89,39,5,8.08
90,39,5,6.65
91,39,5,8.22
92,39,5,7.78
93,39,5,6.27
94,39,5,8.08
95,39,5,8.56
96,39,5,6.6
97,39,5,7.11
98,39,5,5.69
99,39,5,6.27
0,40,5,6.82
1,40,5,6.35
2,40,5,8.24
3,40,5,7.15
4,40,5,7.77
5,40,5,8.03
6,40,5,8.7
7,40,5,5.84
8,40,5,6.42
9,40,5,6.87
10,40,5,5.6
11,40,5,7.12
12,40,5,6.24
13,40,5,6.84
14,40,5,5.62
15,40,5,6.85
16,40,5,6.8
17,40,5,8.31
18,40,5,5.31
19,40,5,6.53
20,40,5,7.18
21,40,5,8.46
22,40,5,7.32
23,40,5,8.6
24,40,5,7.4
25,40,5,7.38
26,40,5,6.87
27,40,5,8.01
28,40,5,8.29
29,40,5,6.37
30,40,5,7.19
31,40,5,7.3
32,40,5,6.08
33,40,5,6.73
34,40,5,5.94
35,40,5,7.72
36,40,5,5.96
37,40,5,5.99
38,40,5,4.98
39,40,5,6.52
40,40,5,7.69
41,40,5,6.03
42,40,5,7.98
43,40,5,6.67
44,40,5,8.52
45,40,5,6.66
46,40,5,7.16
47,40,5,6.93
48,40,5,6.47
49,40,5,6.96
50,40,5,7.34
51,40,5,5.93
52,40,5,7.81
53,40,5,6.48
54,40,5,7.7
55,40,5,6.4
56,40,5,8.02
57,40,5,7.38
58,40,5,8.13
59,40,5,6.95
60,40,5,9.08
61,40,5,7.08
62,40,5,7.56
63,40,5,6.14
64,40,5,6.72
65,40,5,9.11
66,40,5,9.02
67,40,5,8.13
68,40,5,8.19
69,40,5,9.5
70,40,5,9.96
71,40,5,9.9
72,40,5,7.82
73,40,5,8.28
74,40,5,8.16
75,40,5,6.71
76,40,5,6.89
77,40,5,6.53
78,40,5,5.61
79,40,5,7.85
80,40,5,7.9
81,40,5,7.94
82,40,5,7.08
83,40,5,7.92
84,40,5,8.47
85,40,5,7.93
86,40,5,7.47
87,40,5,7.35
88,40,5,5.59
89,40,5,9.44
90,40,5,9.12
91,40,5,8.17
92,40,5,6.75
93,40,5,7.65
94,40,5,6.84
95,40,5,7.84
96,40,5,7.3
97,40,5,6.61
98,40,5,7.32
99,40,5,6.69
0,41,5,7.26
1,41,5,7.54
2,41,5,7.62
3,41,5,6.88
4,41,5,7.61
5,41,5,5.93
6,41,5,7.46
7,41,5,7.0
8,41,5,6.77
9,41,5,6.72
10,41,5,7.56
11,41,5,6.03
12,41,5,6.82
13,41,5,8.59
14,41,5,6.7
15,41,5,6.93
16,41,5,7.84
17,41,5,6.61
18,41,5,7.29
19,41,5,6.29
20,41,5,6.23
21,41,5,8.48
22,41,5,6.19
23,41,5,8.61
24,41,5,7.91
25,41,5,7.78
26,41,5,8.58
27,41,5,6.78
28,41,5,8.06
29,41,5,8.17
30,41,5,6.7
31,41,5,7.25
32,41,5,6.13
33,41,5,7.3
34,41,5,8.01
35,41,5,7.4
36,41,5,7.78
37,41,5,6.94
38,41,5,7.76
39,41,5,6.85
40,41,5,6.5
41,41,5,5.75
42,41,5,7.62
43,41,5,6.39
44,41,5,7.91
45,41,5,8.61
46,41,5,7.21
47,41,5,7.68
48,41,5,8.19
49,41,5,6.68
50,41,5,6.61
51,41,5,7.13
52,41,5,8.09
53,41,5,8.1
54,41,5,6.99
55,41,5,8.08
56,41,5,8.27
57,41,5,8.09
58,41,5,7.96
59,41,5,7.53
60,41,5,7.62
61,41,5,6.75
62,41,5,6.8
63,41,5,8.41
64,41,5,9.02
65,41,5,8.14
66,41,5,7.88
67,41,5,7.55
68,41,5,8.23
69,41,5,6.99
70,41,5,7.83
71,41,5,7.01
72,41,5,8.5
73,41,5,8.3
74,41,5,8.8
75,41,5,9.72
76,41,5,6.77
77,41,5,7.48
78,41,5,7.6
79,41,5,6.14
80,41,5,7.18
81,41,5,5.21
82,41,5,9.36
83,41,5,7.18
84,41,5,6.99
85,41,5,7.26
86,41,5,6.66
87,41,5,8.12
88,41,5,7.49
89,41,5,6.74
90,41,5,7.81
91,41,5,8.07
92,41,5,6.84
93,41,5,7.67
94,41,5,5.53
95,41,5,6.44
96,41,5,6.39
97,41,5,7.6
98,41,5,8.24
99,41,5,6.73
0,42,5,7.2
1,42,5,6.97
2,42,5,8.2
3,42,5,6.97
4,42,5,7.94
5,42,5,7.83
6,42,5,5.63
7,42,5,5.82
8,42,5,6.88
9,42,5,6.78
10,42,5,7.15
11,42,5,5.37
12,42,5,7.0
13,42,5,8.55
14,42,5,6.3
15,42,5,7.27
16,42,5,6.95
17,42,5,6.34
18,42,5,8.97
19,42,5,7.52
20,42,5,7.14
21,42,5,5.9
22,42,5,7.39
23,42,5,6.08
24,42,5,9.6
25,42,5,7.05
26,42,5,6.59
27,42,5,5.42
28,42,5,6.32
29,42,5,7.87
30,42,5,6.37
31,42,5,8.17
32,42,5,6.5
33,42,5,8.1
34,42,5,7.87
35,42,5,5.96
36,42,5,7.66
37,42,5,6.98
38,42,5,7.14
39,42,5,6.73
40,42,5,7.77
41,42,5,8.56
42,42,5,7.83
43,42,5,7.4
44,42,5,6.58
45,42,5,7.01
46,42,5,6.34
47,42,5,6.18
48,42,5,5.65
49,42,5,6.53
50,42,5,6.56
51,42,5,8.18
52,42,5,8.1
53,42,5,6.03
54,42,5,7.63
55,42,5,7.34
56,42,5,6.33
57,42,5,4.52
58,42,5,8.08
59,42,5,7.26
60,42,5,7.32
61,42,5,6.97
62,42,5,6.83
63,42,5,8.25
64,42,5,9.14
65,42,5,7.89
66,42,5,7.69
67,42,5,8.6
68,42,5,8.12
69,42,5,6.95
70,42,5,9.04
71,42,5,7.78
72,42,5,8.6
73,42,5,6.76
74,42,5,8.4
75,42,5,7.89
76,42,5,9.0
77,42,5,7.12
78,42,5,6.22
79,42,5,5.13
80,42,5,5.31
81,42,5,8.61
82,42,5,6.56
83,42,5,6.68
84,42,5,8.52
85,42,5,8.1
86,42,5,8.05
87,42,5,6.42
88,42,5,7.24
89,42,5,6.71
90,42,5,7.27
91,42,5,7.01
92,42,5,6.64
93,42,5,7.08
94,42,5,6.2
95,42,5,6.94
96,42,5,5.93
97,42,5,7.13
98,42,5,6.8
99,42,5,7.12
0,43,5,6.79
1,43,5,7.19
2,43,5,7.15
3,43,5,7.87
4,43,5,7.35
5,43,5,7.86
6,43,5,7.06
7,43,5,7.4
8,43,5,7.16
9,43,5,7.01
10,43,5,5.48
11,43,5,5.18
12,43,5,6.51
13,43,5,6.37
14,43,5,7.81
15,43,5,7.11
16,43,5,6.24
17,43,5,6.69
18,43,5,6.9
19,43,5,7.77
20,43,5,6.53
21,43,5,7.04
22,43,5,8.19
23,43,5,6.72
24,43,5,7.22
25,43,5,7.54
26,43,5,6.34
27,43,5,7.64
28,43,5,7.14
29,43,5,7.16
30,43,5,7.72
31,43,5,7.54
32,43,5,5.99
33,43,5,7.11
34,43,5,6.96
35,43,5,6.15
36,43,5,6.78
37,43,5,8.37
38,43,5,5.93
39,43,5,5.37
40,43,5,7.7
41,43,5,7.09
42,43,5,7.44
43,43,5,6.72
44,43,5,5.77
45,43,5,7.79
46,43,5,6.31
47,43,5,6.74
48,43,5,7.28
49,43,5,6.27
50,43,5,7.49
51,43,5,6.41
52,43,5,8.47
53,43,5,7.86
54,43,5,6.87
55,43,5,7.1
56,43,5,8.99
57,43,5,8.33
58,43,5,7.66
59,43,5,6.88
60,43,5,7.09
61,43,5,8.35
62,43,5,8.58
63,43,5,7.05
64,43,5,7.45
65,43,5,7.39
66,43,5,7.98
67,43,5,7.49
68,43,5,8.83
69,43,5,8.42
70,43,5,7.21
71,43,5,7.68
72,43,5,8.9
73,43,5,7.27
74,43,5,6.91
75,43,5,6.61
76,43,5,7.97
77,43,5,7.56
78,43,5,8.46
79,43,5,7.37
80,43,5,6.23
81,43,5,7.91
82,43,5,6.18
83,43,5,8.39
84,43,5,7.98
85,43,5,6.36
86,43,5,7.38
87,43,5,7.5
88,43,5,7.54
89,43,5,7.67
90,43,5,7.17
91,43,5,7.89
92,43,5,7.82
93,43,5,7.08
94,43,5,8.18
95,43,5,6.88
96,43,5,6.83
97,43,5,6.74
98,43,5,7.58
99,43,5,7.58
0,44,5,8.11
1,44,5,6.03
2,44,5,7.55
3,44,5,8.11
4,44,5,7.49
5,44,5,7.4
6,44,5,7.66
7,44,5,7.68
8,44,5,8.31
9,44,5,7.92
10,44,5,7.53
11,44,5,7.78
12,44,5,6.2
13,44,5,7.0
14,44,5,8.02
15,44,5,8.07
16,44,5,7.23
17,44,5,6.66
18,44,5,7.4
19,44,5,8.19
20,44,5,7.76
21,44,5,5.85
22,44,5,6.48
23,44,5,7.29
24,44,5,7.64
25,44,5,8.95
26,44,5,6.93
27,44,5,6.37
28,44,5,8.01
29,44,5,7.45
30,44,5,7.42
31,44,5,7.55
32,44,5,7.17
33,44,5,9.12
34,44,5,8.14
35,44,5,7.27
36,44,5,6.69
37,44,5,7.78
38,44,5,7.12
39,44,5,7.37
40,44,5,8.06
41,44,5,6.91
42,44,5,6.84
43,44,5,6.82
44,44,5,6.77
45,44,5,6.71
46,44,5,5.92
47,44,5,7.56
48,44,5,8.91
49,44,5,5.62
50,44,5,7.05
51,44,5,5.8
52,44,5,6.69
53,44,5,7.82
54,44,5,7.11
55,44,5,7.07
56,44,5,6.33
57,44,5,7.65
58,44,5,6.73
59,44,5,9.23
60,44,5,8.65
61,44,5,8.2
62,44,5,9.03
63,44,5,8.19
64,44,5,9.59
65,44,5,6.84
66,44,5,7.03
67,44,5,6.84
68,44,5,5.99
69,44,5,5.74
70,44,5,7.31
71,44,5,7.51
72,44,5,7.04
73,44,5,7.07
74,44,5,8.24
75,44,5,7.99
76,44,5,5.86
77,44,5,8.65
78,44,5,7.88
79,44,5,8.25
80,44,5,6.62
81,44,5,7.34
82,44,5,6.77
83,44,5,8.07
84,44,5,5.43
85,44,5,9.17
86,44,5,6.99
87,44,5,6.11
88,44,5,8.35
89,44,5,6.73
90,44,5,7.17
91,44,5,5.68
92,44,5,7.11
93,44,5,7.11
94,44,5,6.99
95,44,5,7.15
96,44,5,6.18
97,44,5,6.99
98,44,5,5.93
99,44,5,6.79
0,45,5,9.23
1,45,5,6.55
2,45,5,7.89
3,45,5,7.61
4,45,5,6.3
5,45,5,7.59
6,45,5,7.61
7,45,5,7.8
8,45,5,6.91
9,45,5,7.33
10,45,5,7.1
11,45,5,7.96
12,45,5,6.28
13,45,5,8.13
14,45,5,6.08
15,45,5,7.76
16,45,5,6.73
17,45,5,7.04
18,45,5,7.7
19,45,5,6.88
20,45,5,7.88
21,45,5,8.14
22,45,5,6.92
23,45,5,5.93
24,45,5,5.17
25,45,5,6.8
26,45,5,6.72
27,45,5,7.18
28,45,5,8.23
29,45,5,7.2
30,45,5,7.13
31,45,5,7.32
32,45,5,8.64
33,45,5,5.36
34,45,5,6.26
35,45,5,7.38
36,45,5,7.19
37,45,5,7.1
38,45,5,6.12
39,45,5,7.0
40,45,5,7.26
41,45,5,8.07
42,45,5,7.84
43,45,5,6.68
44,45,5,6.86
45,45,5,7.02
46,45,5,7.19
47,45,5,7.48
48,45,5,8.34
49,45,5,8.8
50,45,5,7.52
51,45,5,7.27
52,45,5,6.9
53,45,5,6.84
54,45,5,7.16
55,45,5,6.82
56,45,5,7.44
57,45,5,7.23
58,45,5,8.32
59,45,5,8.27
60,45,5,8.38
61,45,5,7.05
62,45,5,7.45
63,45,5,6.35
64,45,5,5.25
65,45,5,8.64
66,45,5,7.32
67,45,5,9.08
68,45,5,6.56
69,45,5,5.65
70,45,5,8.33
71,45,5,6.38
72,45,5,5.95
73,45,5,7.2
74,45,5,7.9
75,45,5,7.25
76,45,5,5.96
77,45,5,6.83
78,45,5,6.98
79,45,5,7.48
80,45,5,6.43
81,45,5,6.74
82,45,5,6.51
83,45,5,7.69
84,45,5,7.86
85,45,5,8.42
86,45,5,6.9
87,45,5,8.59
88,45,5,8.93
89,45,5,6.34
90,45,5,8.13
91,45,5,8.54
92,45,5,7.15
93,45,5,7.95
94,45,5,7.8
95,45,5,6.08
96,45,5,6.51
97,45,5,7.52
98,45,5,6.91
99,45,5,9.09
0,46,5,6.85
1,46,5,7.14
2,46,5,8.33
3,46,5,7.21
4,46,5,7.68
5,46,5,8.14
6,46,5,7.37
7,46,5,6.78
8,46,5,6.32
9,46,5,8.45
10,46,5,8.61
11,46,5,7.7
12,46,5,8.9
13,46,5,6.79
14,46,5,7.67
15,46,5,8.17
16,46,5,9.11
17,46,5,6.45
18,46,5,7.35
19,46,5,7.49
20,46,5,6.96
21,46,5,6.84
22,46,5,6.8
23,46,5,7.78
24,46,5,6.61
25,46,5,7.39
26,46,5,6.98
27,46,5,6.69
28,46,5,6.7
29,46,5,7.88
30,46,5,4.99
31,46,5,7.76
32,46,5,7.74
33,46,5,8.21
34,46,5,7.3
35,46,5,6.96
36,46,5,8.37
37,46,5,8.01
38,46,5,6.88
39,46,5,8.43
40,46,5,7.5
41,46,5,8.25
42,46,5,7.84
43,46,5,7.56
44,46,5,7.7
45,46,5,6.54
46,46,5,6.26
47,46,5,7.94
48,46,5,8.82
49,46,5,5.97
50,46,5,7.16
51,46,5,7.38
52,46,5,7.63
53,46,5,7.0
54,46,5,7.38
55,46,5,7.34
56,46,5,6.78
57,46,5,6.09
58,46,5,6.55
59,46,5,7.65
60,46,5,7.7
61,46,5,7.48
62,46,5,7.87
63,46,5,8.35
64,46,5,6.73
65,46,5,8.1
66,46,5,6.33
67,46,5,7.48
68,46,5,8.56
69,46,5,7.31
70,46,5,6.5
71,46,5,7.66
72,46,5,8.5
73,46,5,6.92
74,46,5,6.39
75,46,5,7.75
76,46,5,6.21
77,46,5,5.95
78,46,5,8.36
79,46,5,6.53
80,46,5,5.94
81,46,5,7.33
82,46,5,7.38
83,46,5,7.75
84,46,5,8.3
85,46,5,7.42
86,46,5,6.2
87,46,5,7.16
88,46,5,6.34
89,46,5,8.67
90,46,5,7.33
91,46,5,6.45
92,46,5,6.76
93,46,5,6.75
94,46,5,5.56
95,46,5,6.49
96,46,5,6.38
97,46,5,6.82
98,46,5,8.9
99,46,5,6.12
0,47,5,6.67
1,47,5,8.04
2,47,5,9.19
3,47,5,6.11
4,47,5,5.53
5,47,5,6.74
6,47,5,8.09
7,47,5,8.49
8,47,5,7.71
9,47,5,8.23
10,47,5,7.41
11,47,5,6.99
12,47,5,6.92
13,47,5,7.33
14,47,5,8.27
15,47,5,7.68
16,47,5,6.1
17,47,5,6.8
18,47,5,5.94
19,47,5,7.22
20,47,5,7.14
21,47,5,6.46
22,47,5,5.47
23,47,5,7.88
24,47,5,8.31
25,47,5,7.18
26,47,5,8.71
27,47,5,7.51
28,47,5,7.58
29,47,5,5.58
30,47,5,7.2
31,47,5,7.05
32,47,5,6.99
33,47,5,7.87
34,47,5,6.9
35,47,5,6.92
36,47,5,8.32
37,47,5,9.74
38,47,5,6.48
39,47,5,7.6
40,47,5,8.77
41,47,5,8.68
42,47,5,6.56
43,47,5,7.01
44,47,5,7.0
45,47,5,8.0
46,47,5,6.57
47,47,5,5.32
48,47,5,6.77
49,47,5,6.57
50,47,5,5.94
51,47,5,8.74
52,47,5,8.17
53,47,5,7.5
54,47,5,7.55
55,47,5,6.22
56,47,5,7.66
57,47,5,6.05
58,47,5,6.72
59,47,5,8.32
60,47,5,6.7
61,47,5,6.26
62,47,5,6.1
63,47,5,7.68
64,47,5,8.12
65,47,5,7.33
66,47,5,8.11
67,47,5,6.5
68,47,5,7.77
69,47,5,8.25
70,47,5,6.47
71,47,5,6.93
72,47,5,7.31
73,47,5,6.2
74,47,5,6.99
75,47,5,6.26
76,47,5,7.84
77,47,5,7.8
78,47,5,7.61
79,47,5,6.83
80,47,5,8.93
81,47,5,5.89
82,47,5,7.32
83,47,5,6.76
84,47,5,6.98
85,47,5,6.05
86,47,5,6.79
87,47,5,8.02
88,47,5,8.83
89,47,5,7.24
90,47,5,7.11
91,47,5,7.3
92,47,5,4.85
93,47,5,8.44
94,47,5,6.06
95,47,5,7.87
96,47,5,7.1
97,47,5,7.86
98,47,5,6.74
99,47,5,5.69
0,48,5,6.84
1,48,5,8.16
2,48,5,7.79
3,48,5,8.46
4,48,5,6.59
5,48,5,8.17
6,48,5,6.31
7,48,5,7.27
8,48,5,8.71
9,48,5,6.57
10,48,5,6.39
11,48,5,6.48
12,48,5,6.54
13,48,5,6.2
14,48,5,8.22
15,48,5,8.04
16,48,5,5.41
17,48,5,8.33
18,48,5,7.01
19,48,5,6.8
20,48,5,7.1
21,48,5,6.24
22,48,5,6.74
23,48,5,6.81
24,48,5,6.29
25,48,5,5.28
26,48,5,5.57
27,48,5,6.79
28,48,5,8.3
29,48,5,7.21
30,48,5,8.75
31,48,5,8.0
32,48,5,8.04
33,48,5,6.89
34,48,5,8.4
35,48,5,8.71
36,48,5,7.53
37,48,5,7.54
38,48,5,5.96
39,48,5,6.7
40,48,5,7.87
41,48,5,6.08
42,48,5,6.77
43,48,5,7.36
44,48,5,9.11
45,48,5,7.81
46,48,5,6.96
47,48,5,7.06
48,48,5,8.6
49,48,5,7.05
50,48,5,8.14
51,48,5,6.97
52,48,5,6.72
53,48,5,7.36
54,48,5,7.76
55,48,5,7.87
56,48,5,7.37
57,48,5,7.83
58,48,5,9.83
59,48,5,7.98
60,48,5,7.41
61,48,5,8.11
62,48,5,7.17
63,48,5,8.42
64,48,5,7.24
65,48,5,8.48
66,48,5,10.81
67,48,5,6.65
68,48,5,6.79
69,48,5,7.02
70,48,5,7.46
71,48,5,6.72
72,48,5,7.75
73,48,5,5.22
74,48,5,6.98
75,48,5,7.18
76,48,5,7.51
77,48,5,6.38
78,48,5,6.47
79,48,5,6.45
80,48,5,5.14
81,48,5,7.47
82,48,5,5.22
83,48,5,8.36
84,48,5,7.92
85,48,5,7.07
86,48,5,7.21
87,48,5,7.83
88,48,5,5.77
89,48,5,7.51
90,48,5,7.37
91,48,5,7.59
92,48,5,5.62
93,48,5,6.98
94,48,5,7.37
95,48,5,6.96
96,48,5,8.15
97,48,5,7.41
98,48,5,7.44
99,48,5,8.11
0,49,5,6.73
1,49,5,7.68
2,49,5,6.0
3,49,5,6.9
4,49,5,6.4
5,49,5,7.62
6,49,5,6.3
7,49,5,7.99
8,49,5,7.01
9,49,5,7.95
10,49,5,5.8
11,49,5,7.45
12,49,5,6.94
13,49,5,6.74
14,49,5,6.69
15,49,5,7.6
16,49,5,7.71
17,49,5,7.41
18,49,5,6.06
19,49,5,6.12
20,49,5,7.66
21,49,5,7.62
22,49,5,8.75
23,49,5,6.99
24,49,5,6.02
25,49,5,5.67
26,49,5,6.49
27,49,5,7.52
28,49,5,7.15
29,49,5,7.62
30,49,5,6.43
31,49,5,7.86
32,49,5,6.85
33,49,5,8.61
34,49,5,5.92
35,49,5,6.24
36,49,5,7.05
37,49,5,7.58
38,49,5,8.33
39,49,5,6.46
40,49,5,7.8
41,49,5,6.67
42,49,5,8.24
43,49,5,6.83
44,49,5,5.95
45,49,5,7.67
46,49,5,7.15
47,49,5,6.51
48,49,5,7.39
49,49,5,6.94
50,49,5,7.29
51,49,5,7.67
52,49,5,6.53
53,49,5,7.31
54,49,5,6.22
55,49,5,7.9
56,49,5,6.53
57,49,5,6.8
58,49,5,9.17
59,49,5,8.0
60,49,5,7.06
61,49,5,7.26
62,49,5,4.85
63,49,5,7.01
64,49,5,7.85
65,49,5,8.26
66,49,5,7.57
67,49,5,6.33
68,49,5,7.72
69,49,5,6.92
70,49,5,8.04
71,49,5,6.97
72,49,5,6.86
73,49,5,8.1
74,49,5,7.99
75,49,5,6.79
76,49,5,6.53
77,49,5,6.87
78,49,5,6.61
79,49,5,6.84
80,49,5,7.64
81,49,5,6.23
82,49,5,8.41
83,49,5,7.76
84,49,5,7.05
85,49,5,7.91
86,49,5,7.48
87,49,5,9.25
88,49,5,7.27
89,49,5,6.95
90,49,5,6.73
91,49,5,8.76
92,49,5,6.59
93,49,5,7.02
94,49,5,8.32
95,49,5,4.78
96,49,5,7.52
97,49,5,8.08
98,49,5,7.86
99,49,5,6.47
0,50,5,7.12
1,50,5,8.6
2,50,5,8.36
3,50,5,5.46
4,50,5,7.97
5,50,5,6.82
6,50,5,8.85
7,50,5,8.69
8,50,5,8.3
9,50,5,6.47
10,50,5,7.1
11,50,5,8.91
12,50,5,5.76
13,50,5,6.89
14,50,5,7.2
15,50,5,8.86
16,50,5,7.47
17,50,5,9.37
18,50,5,8.67
19,50,5,8.45
20,50,5,6.36
21,50,5,7.98
22,50,5,7.15
23,50,5,6.37
24,50,5,6.92
25,50,5,7.72
26,50,5,8.49
27,50,5,7.22
28,50,5,7.74
29,50,5,7.44
30,50,5,7.37
31,50,5,7.52
32,50,5,7.11
33,50,5,5.71
34,50,5,8.67
35,50,5,7.99
36,50,5,7.55
37,50,5,6.85
38,50,5,6.97
39,50,5,7.25
40,50,5,8.23
41,50,5,7.19
42,50,5,7.12
43,50,5,6.07
44,50,5,8.41
45,50,5,6.46
46,50,5,6.66
47,50,5,6.86
48,50,5,7.81
49,50,5,9.45
50,50,5,6.39
51,50,5,5.71
52,50,5,8.23
53,50,5,7.29
54,50,5,6.35
55,50,5,7.54
56,50,5,7.32
57,50,5,6.86
58,50,5,6.96
59,50,5,7.19
60,50,5,7.34
61,50,5,6.76
62,50,5,8.19
63,50,5,6.96
64,50,5,8.29
65,50,5,8.06
66,50,5,8.01
67,50,5,7.93
68,50,5,8.3
69,50,5,6.17
70,50,5,7.26
71,50,5,5.66
72,50,5,7.34
73,50,5,7.01
74,50,5,6.49
75,50,5,7.53
76,50,5,7.67
77,50,5,8.11
78,50,5,7.31
79,50,5,7.16
80,50,5,6.57
81,50,5,8.26
82,50,5,7.58
83,50,5,6.96
84,50,5,6.53
85,50,5,7.81
86,50,5,6.84
87,50,5,6.33
88,50,5,7.3
89,50,5,6.69
90,50,5,7.67
91,50,5,8.56
92,50,5,7.53
93,50,5,6.79
94,50,5,6.94
95,50,5,8.27
96,50,5,6.93
97,50,5,7.7
98,50,5,7.22
99,50,5,5.85
0,51,5,5.61
1,51,5,7.14
2,51,5,5.22
3,51,5,7.12
4,51,5,9.59
5,51,5,7.97
6,51,5,8.02
7,51,5,8.61
8,51,5,7.94
9,51,5,7.11
10,51,5,7.18
11,51,5,6.67
12,51,5,6.47
13,51,5,8.51
14,51,5,7.94
15,51,5,6.55
16,51,5,7.53
17,51,5,6.14
18,51,5,6.63
19,51,5,6.58
20,51,5,5.57
21,51,5,6.96
22,51,5,7.89
23,51,5,7.61
24,51,5,7.72
25,51,5,6.79
26,51,5,6.79
27,51,5,6.64
28,51,5,7.41
29,51,5,8.73
30,51,5,8.48
31,51,5,8.47
32,51,5,7.63
33,51,5,8.44
34,51,5,8.87
35,51,5,7.46
36,51,5,7.02
37,51,5,8.1
38,51,5,7.31
39,51,5,7.33
40,51,5,8.63
41,51,5,6.78
42,51,5,6.34
43,51,5,6.94
44,51,5,6.25
45,51,5,7.89
46,51,5,6.91
47,51,5,5.46
48,51,5,6.77
49,51,5,6.29
50,51,5,9.76
51,51,5,8.25
52,51,5,6.65
53,51,5,9.16
54,51,5,7.58
55,51,5,8.36
56,51,5,7.29
57,51,5,6.9
58,51,5,6.35
59,51,5,6.86
60,51,5,8.25
61,51,5,6.96
62,51,5,7.2
63,51,5,9.18
64,51,5,6.54
65,51,5,7.89
66,51,5,7.64
67,51,5,8.02
68,51,5,7.96
69,51,5,8.75
70,51,5,8.3
71,51,5,6.08
72,51,5,6.96
73,51,5,6.96
74,51,5,6.9
75,51,5,7.78
76,51,5,6.73
77,51,5,6.43
78,51,5,6.87
79,51,5,7.21
80,51,5,7.23
81,51,5,6.63
82,51,5,5.97
83,51,5,7.47
84,51,5,6.41
85,51,5,7.22
86,51,5,8.15
87,51,5,6.42
88,51,5,6.96
89,51,5,8.14
90,51,5,7.27
91,51,5,6.16
92,51,5,6.35
93,51,5,7.75
94,51,5,6.85
95,51,5,8.01
96,51,5,6.8
97,51,5,6.12
98,51,5,6.12
99,51,5,7.08
0,52,5,8.08
1,52,5,7.64
2,52,5,5.34
3,52,5,5.77
4,52,5,7.82
5,52,5,7.06
6,52,5,7.1
7,52,5,7.31
8,52,5,7.13
9,52,5,7.82
10,52,5,8.0
11,52,5,6.58
12,52,5,6.9
13,52,5,6.56
14,52,5,7.43
15,52,5,6.19
16,52,5,6.63
17,52,5,6.76
18,52,5,6.84
19,52,5,7.03
20,52,5,7.91
21,52,5,7.53
22,52,5,5.44
23,52,5,6.22
24,52,5,7.11
25,52,5,7.47
26,52,5,7.45
27,52,5,7.69
28,52,5,7.1
29,52,5,9.54
30,52,5,8.29
31,52,5,5.88
32,52,5,5.37
33,52,5,8.24
34,52,5,6.08
35,52,5,4.96
36,52,5,6.69
37,52,5,6.03
38,52,5,7.45
39,52,5,7.2
40,52,5,6.87
41,52,5,8.91
42,52,5,8.01
43,52,5,7.34
44,52,5,5.92
45,52,5,7.93
46,52,5,5.98
47,52,5,6.68
48,52,5,8.29
49,52,5,5.8
50,52,5,6.04
51,52,5,6.76
52,52,5,8.85
53,52,5,8.22
54,52,5,6.84
55,52,5,8.28
56,52,5,7.93
57,52,5,6.56
58,52,5,5.93
59,52,5,6.79
60,52,5,6.89
61,52,5,5.6
62,52,5,8.73
63,52,5,5.96
64,52,5,6.18
65,52,5,7.58
66,52,5,7.66
67,52,5,6.68
68,52,5,5.88
69,52,5,5.99
70,52,5,8.72
71,52,5,8.46
72,52,5,7.59
73,52,5,7.06
74,52,5,7.71
75,52,5,7.61
76,52,5,7.75
77,52,5,7.25
78,52,5,6.46
79,52,5,7.16
80,52,5,6.65
81,52,5,6.84
82,52,5,9.11
83,52,5,8.69
84,52,5,6.46
85,52,5,6.84
86,52,5,5.88
87,52,5,6.11
88,52,5,7.35
89,52,5,8.52
90,52,5,5.54
91,52,5,7.05
92,52,5,6.58
93,52,5,7.2
94,52,5,6.84
95,52,5,7.15
96,52,5,8.55
97,52,5,6.68
98,52,5,5.38
99,52,5,5.9
0,53,5,5.33
1,53,5,7.46
2,53,5,6.42
3,53,5,7.83
4,53,5,8.04
5,53,5,5.89
6,53,5,5.63
7,53,5,7.48
8,53,5,7.98
9,53,5,8.28
10,53,5,7.83
11,53,5,7.54
12,53,5,5.48
13,53,5,6.81
14,53,5,7.81
15,53,5,7.49
16,53,5,7.23
17,53,5,6.57
18,53,5,5.79
19,53,5,6.61
20,53,5,6.51
21,53,5,6.84
22,53,5,5.83
23,53,5,7.91
24,53,5,6.83
25,53,5,5.8
26,53,5,7.88
27,53,5,7.06
28,53,5,7.93
29,53,5,7.55
30,53,5,5.89
31,53,5,7.74
32,53,5,7.3
33,53,5,8.08
34,53,5,8.8
35,53,5,7.26
36,53,5,7.37
37,53,5,6.43
38,53,5,6.88
39,53,5,8.09
40,53,5,7.9
41,53,5,6.15
42,53,5,5.91
43,53,5,6.97
44,53,5,7.7
45,53,5,6.79
46,53,5,6.58
47,53,5,7.39
48,53,5,6.47
49,53,5,7.89
50,53,5,8.66
51,53,5,6.13
52,53,5,7.69
53,53,5,7.73
54,53,5,6.53
55,53,5,7.27
56,53,5,7.17
57,53,5,6.08
58,53,5,7.88
59,53,5,8.89
60,53,5,7.19
61,53,5,6.47
62,53,5,7.75
63,53,5,4.82
64,53,5,6.0
65,53,5,7.32
66,53,5,7.36
67,53,5,6.83
68,53,5,6.69
69,53,5,6.63
70,53,5,6.0
71,53,5,6.67
72,53,5,8.78
73,53,5,8.58
74,53,5,7.77
75,53,5,6.89
76,53,5,7.48
77,53,5,6.8
78,53,5,7.05
79,53,5,6.0
80,53,5,6.39
81,53,5,6.9
82,53,5,5.62
83,53,5,6.99
84,53,5,7.04
85,53,5,7.51
86,53,5,6.46
87,53,5,7.21
88,53,5,6.94
89,53,5,7.43
90,53,5,6.6
91,53,5,6.91
92,53,5,6.9
93,53,5,6.64
94,53,5,9.08
95,53,5,6.47
96,53,5,7.24
97,53,5,8.02
98,53,5,6.32
99,53,5,7.64
0,54,5,7.32
1,54,5,7.39
2,54,5,7.57
3,54,5,6.66
4,54,5,8.23
5,54,5,7.55
6,54,5,7.6
7,54,5,7.11
8,54,5,7.17
9,54,5,8.39
10,54,5,7.0
11,54,5,7.24
12,54,5,7.76
13,54,5,7.89
14,54,5,6.42
15,54,5,6.49
16,54,5,8.36
17,54,5,7.27
18,54,5,7.63
19,54,5,7.11
20,54,5,7.14
21,54,5,7.39
22,54,5,8.95
23,54,5,7.11
24,54,5,8.61
25,54,5,7.62
26,54,5,6.52
27,54,5,7.71
28,54,5,7.52
29,54,5,6.56
30,54,5,5.94
31,54,5,8.65
32,54,5,9.31
33,54,5,7.3
34,54,5,7.1
35,54,5,8.45
36,54,5,6.71
37,54,5,8.03
38,54,5,6.06
39,54,5,7.13
40,54,5,7.73
41,54,5,6.92
42,54,5,8.79
43,54,5,7.5
44,54,5,7.04
45,54,5,9.01
46,54,5,7.43
47,54,5,6.87
48,54,5,5.78
49,54,5,8.58
50,54,5,7.97
51,54,5,8.4
52,54,5,6.27
53,54,5,5.79
54,54,5,6.35
55,54,5,7.01
56,54,5,4.37
57,54,5,5.96
58,54,5,7.62
59,54,5,6.95
60,54,5,7.14
61,54,5,7.18
62,54,5,7.75
63,54,5,8.23
64,54,5,8.33
65,54,5,5.71
66,54,5,8.08
67,54,5,7.84
68,54,5,7.96
69,54,5,7.84
70,54,5,7.02
71,54,5,7.82
72,54,5,6.63
73,54,5,6.72
74,54,5,8.14
75,54,5,9.25
76,54,5,6.43
77,54,5,6.84
78,54,5,7.57
79,54,5,7.2
80,54,5,6.34
81,54,5,9.37
82,54,5,7.98
83,54,5,7.49
84,54,5,6.67
85,54,5,5.84
86,54,5,8.12
87,54,5,6.91
88,54,5,7.39
89,54,5,6.94
90,54,5,6.95
91,54,5,6.15
92,54,5,8.27
93,54,5,9.24
94,54,5,7.54
95,54,5,8.23
96,54,5,8.09
97,54,5,7.34
98,54,5,7.66
99,54,5,8.73
0,55,5,7.75
1,55,5,6.95
2,55,5,7.86
3,55,5,5.66
4,55,5,7.82
5,55,5,7.03
6,55,5,6.46
7,55,5,7.49
8,55,5,7.05
9,55,5,7.96
10,55,5,7.61
11,55,5,6.68
12,55,5,8.36
13,55,5,8.45
14,55,5,6.82
15,55,5,6.92
16,55,5,7.34
17,55,5,7.96
18,55,5,8.71
19,55,5,8.42
20,55,5,6.86
21,55,5,6.82
22,55,5,6.6
23,55,5,7.53
24,55,5,6.59
25,55,5,8.22
26,55,5,9.39
27,55,5,7.42
28,55,5,6.32
29,55,5,7.49
30,55,5,7.3
31,55,5,6.82
32,55,5,6.82
33,55,5,8.49
34,55,5,6.83
35,55,5,6.21
36,55,5,8.18
37,55,5,6.31
38,55,5,7.37
39,55,5,7.15
40,55,5,7.6
41,55,5,7.07
42,55,5,8.57
43,55,5,8.38
44,55,5,7.79
45,55,5,6.54
46,55,5,7.0
47,55,5,7.66
48,55,5,7.3
49,55,5,7.51
50,55,5,8.61
51,55,5,7.91
52,55,5,8.22
53,55,5,7.17
54,55,5,7.31
55,55,5,7.0
56,55,5,7.48
57,55,5,6.09
58,55,5,6.61
59,55,5,7.56
60,55,5,7.56
61,55,5,6.66
62,55,5,7.48
63,55,5,6.99
64,55,5,7.94
65,55,5,7.64
66,55,5,8.16
67,55,5,6.32
68,55,5,6.82
69,55,5,8.35
70,55,5,6.7
71,55,5,8.56
72,55,5,7.15
73,55,5,9.09
74,55,5,7.1
75,55,5,6.22
76,55,5,6.96
77,55,5,6.69
78,55,5,7.83
79,55,5,7.25
80,55,5,9.1
81,55,5,7.54
82,55,5,6.2
83,55,5,8.97
84,55,5,7.82
85,55,5,6.81
86,55,5,6.92
87,55,5,7.65
88,55,5,7.4
89,55,5,6.89
90,55,5,8.69
91,55,5,6.79
92,55,5,6.31
93,55,5,8.11
94,55,5,7.87
95,55,5,8.49
96,55,5,6.97
97,55,5,6.88
98,55,5,6.78
99,55,5,6.26
0,56,5,6.56
1,56,5,8.29
2,56,5,5.53
3,56,5,8.16
4,56,5,6.19
5,56,5,7.46
6,56,5,6.82
7,56,5,7.11
8,56,5,9.01
9,56,5,8.11
10,56,5,8.13
11,56,5,6.73
12,56,5,7.76
13,56,5,8.22
14,56,5,6.03
15,56,5,6.3
16,56,5,6.77
17,56,5,7.65
18,56,5,6.36
19,56,5,6.79
20,56,5,6.97
21,56,5,7.76
22,56,5,5.61
23,56,5,6.82
24,56,5,5.93
25,56,5,7.73
26,56,5,7.77
27,56,5,7.79
28,56,5,7.65
29,56,5,7.33
30,56,5,7.69
31,56,5,7.29
32,56,5,8.77
33,56,5,8.21
34,56,5,8.69
35,56,5,6.73
36,56,5,7.86
37,56,5,6.23
38,56,5,6.11
39,56,5,7.59
40,56,5,7.67
41,56,5,6.87
42,56,5,7.4
43,56,5,6.96
44,56,5,6.65
45,56,5,6.28
46,56,5,7.52
47,56,5,6.73
48,56,5,8.58
49,56,5,7.05
50,56,5,7.16
51,56,5,8.35
52,56,5,6.57
53,56,5,8.28
54,56,5,7.18
55,56,5,5.87
56,56,5,6.88
57,56,5,6.95
58,56,5,6.1
59,56,5,5.44
60,56,5,7.63
61,56,5,6.15
62,56,5,7.13
63,56,5,7.43
64,56,5,7.7
65,56,5,6.49
66,56,5,7.42
67,56,5,7.96
68,56,5,6.98
69,56,5,7.14
70,56,5,6.51
71,56,5,7.45
72,56,5,6.12
73,56,5,7.13
74,56,5,6.12
75,56,5,6.23
76,56,5,7.57
77,56,5,5.54
78,56,5,7.5
79,56,5,9.26
80,56,5,7.05
81,56,5,7.39
82,56,5,6.41
83,56,5,6.84
84,56,5,7.06
85,56,5,7.89
86,56,5,9.47
87,56,5,5.99
88,56,5,7.3
89,56,5,6.87
90,56,5,8.09
91,56,5,7.93
92,56,5,6.31
93,56,5,7.16
94,56,5,6.76
95,56,5,7.85
96,56,5,9.1
97,56,5,7.27
98,56,5,7.65
99,56,5,8.36
0,57,5,6.06
1,57,5,7.66
2,57,5,5.04
3,57,5,6.64
4,57,5,7.02
5,57,5,7.59
6,57,5,5.22
7,57,5,7.5
8,57,5,9.15
9,57,5,7.28
10,57,5,7.83
11,57,5,6.98
12,57,5,7.35
13,57,5,7.19
14,57,5,6.77
15,57,5,7.8
16,57,5,6.44
17,57,5,7.82
18,57,5,7.5
19,57,5,6.58
20,57,5,7.75
21,57,5,8.18
22,57,5,6.5
23,57,5,7.58
24,57,5,7.48
25,57,5,8.31
26,57,5,8.43
27,57,5,7.07
28,57,5,7.86
29,57,5,6.94
30,57,5,5.86
31,57,5,7.16
32,57,5,6.88
33,57,5,8.3
34,57,5,7.36
35,57,5,7.13
36,57,5,7.47
37,57,5,6.11
38,57,5,7.18
39,57,5,8.08
40,57,5,8.22
41,57,5,8.1
42,57,5,7.51
43,57,5,7.03
44,57,5,5.63
45,57,5,7.56
46,57,5,6.95
47,57,5,6.55
48,57,5,7.61
49,57,5,7.3
50,57,5,7.85
51,57,5,6.46
52,57,5,8.08
53,57,5,7.67
54,57,5,6.16
55,57,5,8.33
56,57,5,7.31
57,57,5,6.84
58,57,5,6.7
59,57,5,5.95
60,57,5,6.16
61,57,5,7.37
62,57,5,7.73
63,57,5,7.87
64,57,5,6.55
65,57,5,7.44
66,57,5,6.19
67,57,5,7.11
68,57,5,8.48
69,57,5,6.78
70,57,5,7.5
71,57,5,6.52
72,57,5,8.65
73,57,5,7.79
74,57,5,7.11
75,57,5,9.34
76,57,5,7.85
77,57,5,7.58
78,57,5,8.13
79,57,5,6.83
80,57,5,6.66
81,57,5,6.89
82,57,5,8.34
83,57,5,7.79
84,57,5,5.54
85,57,5,6.94
86,57,5,8.92
87,57,5,5.22
88,57,5,6.86
89,57,5,6.92
90,57,5,9.49
91,57,5,5.51
92,57,5,5.91
93,57,5,6.52
94,57,5,6.73
95,57,5,8.83
96,57,5,8.14
97,57,5,5.91
98,57,5,6.05
99,57,5,6.93
0,58,5,8.16
1,58,5,8.69
2,58,5,9.14
3,58,5,8.04
4,58,5,8.57
5,58,5,7.43
6,58,5,7.32
7,58,5,6.28
8,58,5,6.08
9,58,5,6.62
10,58,5,6.69
11,58,5,8.3
12,58,5,6.52
13,58,5,8.02
14,58,5,8.32
15,58,5,8.44
16,58,5,7.94
17,58,5,7.63
18,58,5,7.92
19,58,5,6.21
20,58,5,6.16
21,58,5,6.61
22,58,5,5.07
23,58,5,6.79
24,58,5,7.76
25,58,5,6.47
26,58,5,8.1
27,58,5,6.07
28,58,5,5.45
29,58,5,8.7
30,58,5,7.3
31,58,5,7.57
32,58,5,7.42
33,58,5,6.99
34,58,5,7.3
35,58,5,7.64
36,58,5,7.67
37,58,5,7.82
38,58,5,8.43
39,58,5,7.7
40,58,5,8.26
41,58,5,8.63
42,58,5,6.72
43,58,5,8.65
44,58,5,8.99
45,58,5,7.13
46,58,5,7.92
47,58,5,7.76
48,58,5,9.23
49,58,5,8.18
50,58,5,7.21
51,58,5,8.42
52,58,5,7.56
53,58,5,6.11
54,58,5,5.47
55,58,5,8.33
56,58,5,7.06
57,58,5,4.42
58,58,5,6.04
59,58,5,8.74
60,58,5,8.04
61,58,5,7.3
62,58,5,6.92
63,58,5,7.86
64,58,5,5.71
65,58,5,6.14
66,58,5,6.08
67,58,5,7.91
68,58,5,6.44
69,58,5,8.18
70,58,5,7.54
71,58,5,5.01
72,58,5,6.75
73,58,5,6.94
74,58,5,6.36
75,58,5,6.81
76,58,5,7.39
77,58,5,6.67
78,58,5,6.19
79,58,5,6.64
80,58,5,7.34
81,58,5,7.9
82,58,5,7.34
83,58,5,6.78
84,58,5,7.91
85,58,5,8.61
86,58,5,7.6
87,58,5,8.13
88,58,5,6.83
89,58,5,7.58
90,58,5,7.84
91,58,5,7.07
92,58,5,5.77
93,58,5,7.11
94,58,5,6.86
95,58,5,7.46
96,58,5,9.3
97,58,5,7.11
98,58,5,7.84
99,58,5,6.77
0,59,5,10.02
1,59,5,6.23
2,59,5,6.75
3,59,5,7.72
4,59,5,6.27
5,59,5,6.76
6,59,5,6.66
7,59,5,8.63
8,59,5,6.34
9,59,5,6.21
10,59,5,6.6
11,59,5,7.97
12,59,5,6.04
13,59,5,7.11
14,59,5,6.51
15,59,5,7.87
16,59,5,8.89
17,59,5,7.51
18,59,5,9.09
19,59,5,7.48
20,59,5,5.42
21,59,5,7.32
22,59,5,8.36
23,59,5,7.82
24,59,5,7.36
25,59,5,7.43
26,59,5,7.11
27,59,5,8.03
28,59,5,6.28
29,59,5,7.52
30,59,5,6.17
31,59,5,8.04
32,59,5,7.13
33,59,5,7.79
34,59,5,8.28
35,59,5,6.8
36,59,5,7.91
37,59,5,7.86
38,59,5,7.6
39,59,5,6.8
40,59,5,7.8
41,59,5,8.25
42,59,5,8.26
43,59,5,7.05
44,59,5,6.58
45,59,5,6.0
46,59,5,5.99
47,59,5,6.79
48,59,5,7.37
49,59,5,5.4
50,59,5,6.77
51,59,5,7.56
52,59,5,5.53
53,59,5,5.89
54,59,5,7.17
55,59,5,8.47
56,59,5,6.78
57,59,5,7.84
58,59,5,7.6
59,59,5,7.87
60,59,5,7.4
61,59,5,6.06
62,59,5,7.81
63,59,5,7.12
64,59,5,7.81
65,59,5,8.48
66,59,5,6.53
67,59,5,7.26
68,59,5,5.6
69,59,5,8.68
70,59,5,7.55
71,59,5,8.02
72,59,5,6.68
73,59,5,6.49
74,59,5,7.57
75,59,5,7.69
76,59,5,6.92
77,59,5,6.83
78,59,5,8.14
79,59,5,7.02
80,59,5,6.79
81,59,5,7.81
82,59,5,6.3
83,59,5,8.04
84,59,5,7.36
85,59,5,8.52
86,59,5,7.22
87,59,5,7.76
88,59,5,6.47
89,59,5,8.59
90,59,5,7.38
91,59,5,6.64
92,59,5,6.52
93,59,5,6.61
94,59,5,7.23
95,59,5,6.56
96,59,5,6.79
97,59,5,7.78
98,59,5,7.57
99,59,5,6.44
0,60,5,7.29
1,60,5,7.75
2,60,5,8.93
3,60,5,7.37
4,60,5,7.46
5,60,5,8.32
6,60,5,7.6
7,60,5,6.66
8,60,5,6.6
9,60,5,8.62
10,60,5,7.2
11,60,5,9.32
12,60,5,6.46
13,60,5,5.89
14,60,5,7.76
15,60,5,8.59
16,60,5,7.4
17,60,5,5.71
18,60,5,5.9
19,60,5,7.83
20,60,5,6.72
21,60,5,5.84
22,60,5,8.26
23,60,5,6.47
24,60,5,7.04
25,60,5,5.97
26,60,5,7.67
27,60,5,6.35
28,60,5,7.4
29,60,5,7.54
30,60,5,6.32
31,60,5,8.59
32,60,5,6.57
33,60,5,6.11
34,60,5,7.51
35,60,5,7.24
36,60,5,6.11
37,60,5,8.73
38,60,5,6.81
39,60,5,7.86
40,60,5,6.46
41,60,5,6.69
42,60,5,7.29
43,60,5,8.97
44,60,5,6.98
45,60,5,7.47
46,60,5,6.84
47,60,5,7.55
48,60,5,8.62
49,60,5,8.27
50,60,5,6.84
51,60,5,7.76
52,60,5,6.38
53,60,5,8.87
54,60,5,8.11
55,60,5,7.5
56,60,5,6.94
57,60,5,8.77
58,60,5,6.41
59,60,5,6.79
60,60,5,7.24
61,60,5,7.31
62,60,5,6.22
63,60,5,7.82
64,60,5,7.06
65,60,5,7.34
66,60,5,7.14
67,60,5,7.15
68,60,5,6.47
69,60,5,7.04
70,60,5,8.25
71,60,5,5.76
72,60,5,8.45
73,60,5,5.69
74,60,5,5.53
75,60,5,5.92
76,60,5,7.09
77,60,5,9.5
78,60,5,7.07
79,60,5,7.78
80,60,5,8.12
81,60,5,8.56
82,60,5,6.77
83,60,5,6.77
84,60,5,6.84
85,60,5,6.82
86,60,5,6.43
87,60,5,7.43
88,60,5,8.51
89,60,5,7.08
90,60,5,7.94
91,60,5,6.38
92,60,5,5.69
93,60,5,6.8
94,60,5,7.45
95,60,5,6.64
96,60,5,7.47
97,60,5,7.28
98,60,5,7.07
99,60,5,8.31
0,61,5,5.73
1,61,5,6.97
2,61,5,8.04
3,61,5,7.41
4,61,5,7.03
5,61,5,5.85
6,61,5,6.11
7,61,5,9.24
8,61,5,8.01
9,61,5,6.82
10,61,5,7.55
11,61,5,7.79
12,61,5,6.49
13,61,5,7.54
14,61,5,8.31
15,61,5,7.16
16,61,5,6.92
17,61,5,6.53
18,61,5,7.54
19,61,5,7.55
20,61,5,6.41
21,61,5,6.45
22,61,5,7.76
23,61,5,6.57
24,61,5,7.01
25,61,5,6.19
26,61,5,7.86
27,61,5,8.55
28,61,5,7.57
29,61,5,5.62
30,61,5,6.86
31,61,5,8.15
32,61,5,7.46
33,61,5,6.36
34,61,5,7.42
35,61,5,7.43
36,61,5,7.3
37,61,5,6.95
38,61,5,9.45
39,61,5,7.82
40,61,5,8.54
41,61,5,7.07
42,61,5,8.21
43,61,5,7.26
44,61,5,6.41
45,61,5,7.83
46,61,5,7.26
47,61,5,7.13
48,61,5,6.37
49,61,5,7.7
50,61,5,5.53
51,61,5,7.91
52,61,5,8.94
53,61,5,7.18
54,61,5,6.45
55,61,5,6.79
56,61,5,9.46
57,61,5,6.61
58,61,5,8.57
59,61,5,7.0
60,61,5,7.5
61,61,5,5.18
62,61,5,8.85
63,61,5,7.66
64,61,5,8.86
65,61,5,6.93
66,61,5,7.23
67,61,5,6.87
68,61,5,7.21
69,61,5,7.13
70,61,5,9.4
71,61,5,9.04
72,61,5,7.85
73,61,5,7.29
74,61,5,6.27
75,61,5,6.8
76,61,5,7.32
77,61,5,6.94
78,61,5,8.32
79,61,5,7.7
80,61,5,7.17
81,61,5,7.29
82,61,5,6.68
83,61,5,7.33
84,61,5,6.67
85,61,5,6.32
86,61,5,6.87
87,61,5,8.13
88,61,5,7.06
89,61,5,7.9
90,61,5,6.59
91,61,5,7.9
92,61,5,7.48
93,61,5,6.72
94,61,5,6.46
95,61,5,7.66
96,61,5,5.75
97,61,5,7.37
98,61,5,7.27
99,61,5,7.1
0,62,5,6.81
1,62,5,7.96
2,62,5,7.8
3,62,5,6.48
4,62,5,7.29
5,62,5,7.62
6,62,5,7.64
7,62,5,8.89
8,62,5,8.15
9,62,5,7.81
10,62,5,4.8
11,62,5,7.26
12,62,5,7.67
13,62,5,6.06
14,62,5,7.51
15,62,5,7.52
16,62,5,8.17
17,62,5,6.9
18,62,5,7.34
19,62,5,6.57
20,62,5,8.62
21,62,5,7.5
22,62,5,7.44
23,62,5,7.21
24,62,5,7.35
25,62,5,6.63
26,62,5,6.14
27,62,5,7.78
28,62,5,7.99
29,62,5,7.3
30,62,5,7.36
31,62,5,8.41
32,62,5,8.52
33,62,5,6.46
34,62,5,7.09
35,62,5,6.43
36,62,5,6.53
37,62,5,6.9
38,62,5,7.16
39,62,5,7.81
40,62,5,7.91
41,62,5,5.61
42,62,5,8.16
43,62,5,7.48
44,62,5,6.91
45,62,5,6.46
46,62,5,6.96
47,62,5,7.94
48,62,5,7.16
49,62,5,8.13
50,62,5,7.28
51,62,5,8.25
52,62,5,6.73
53,62,5,6.97
54,62,5,7.79
55,62,5,5.51
56,62,5,7.88
57,62,5,6.62
58,62,5,6.46
59,62,5,8.68
60,62,5,7.0
61,62,5,8.4
62,62,5,6.21
63,62,5,6.75
64,62,5,7.62
65,62,5,6.86
66,62,5,5.96
67,62,5,6.81
68,62,5,6.18
69,62,5,7.1
70,62,5,6.15
71,62,5,7.96
72,62,5,6.52
73,62,5,7.92
74,62,5,7.38
75,62,5,8.39
76,62,5,6.73
77,62,5,7.14
78,62,5,6.6
79,62,5,7.21
80,62,5,7.41
81,62,5,8.48
82,62,5,7.78
83,62,5,7.27
84,62,5,7.58
85,62,5,7.61
86,62,5,5.28
87,62,5,7.36
88,62,5,6.54
89,62,5,5.71
90,62,5,9.09
91,62,5,7.01
92,62,5,7.67
93,62,5,8.95
94,62,5,6.89
95,62,5,7.37
96,62,5,8.13
97,62,5,7.38
98,62,5,7.8
99,62,5,6.99
0,63,5,6.69
1,63,5,9.15
2,63,5,7.39
3,63,5,7.21
4,63,5,6.12
5,63,5,7.04
6,63,5,6.01
7,63,5,6.8
8,63,5,7.74
9,63,5,8.35
10,63,5,8.16
11,63,5,7.75
12,63,5,7.7
13,63,5,6.95
14,63,5,6.17
15,63,5,7.38
16,63,5,7.06
17,63,5,5.98
18,63,5,7.83
19,63,5,7.1
20,63,5,6.12
21,63,5,7.63
22,63,5,6.33
23,63,5,6.19
24,63,5,8.52
25,63,5,8.1
26,63,5,9.0
27,63,5,6.78
28,63,5,7.53
29,63,5,5.93
30,63,5,8.38
31,63,5,8.37
32,63,5,8.14
33,63,5,6.41
34,63,5,7.65
35,63,5,5.94
36,63,5,7.89
37,63,5,8.11
38,63,5,5.85
39,63,5,7.92
40,63,5,8.68
41,63,5,6.05
42,63,5,6.51
43,63,5,7.8
44,63,5,6.86
45,63,5,6.92
46,63,5,6.88
47,63,5,6.27
48,63,5,5.3
49,63,5,5.81
50,63,5,7.03
51,63,5,7.08
52,63,5,7.26
53,63,5,7.54
54,63,5,6.41
55,63,5,6.81
56,63,5,8.59
57,63,5,8.0
58,63,5,7.77
59,63,5,8.12
60,63,5,6.81
61,63,5,7.53
62,63,5,7.1
63,63,5,6.34
64,63,5,8.37
65,63,5,6.61
66,63,5,8.05
67,63,5,8.33
68,63,5,7.1
69,63,5,6.55
70,63,5,7.74
71,63,5,7.16
72,63,5,5.89
73,63,5,7.22
74,63,5,7.37
75,63,5,6.95
76,63,5,7.62
77,63,5,7.35
78,63,5,8.57
79,63,5,6.53
80,63,5,8.18
81,63,5,7.01
82,63,5,7.08
83,63,5,7.36
84,63,5,6.79
85,63,5,7.26
86,63,5,8.54
87,63,5,7.19
88,63,5,6.95
89,63,5,6.73
90,63,5,6.74
91,63,5,7.72
92,63,5,7.72
93,63,5,6.85
94,63,5,6.59
95,63,5,6.62
96,63,5,7.35
97,63,5,6.48
98,63,5,7.24
99,63,5,6.89
0,64,5,6.81
1,64,5,7.93
2,64,5,9.67
3,64,5,9.67
4,64,5,8.46
5,64,5,5.16
6,64,5,6.3
7,64,5,6.94
8,64,5,7.44
9,64,5,7.19
10,64,5,5.91
11,64,5,8.14
12,64,5,6.93
13,64,5,6.89
14,64,5,7.23
15,64,5,7.63
16,64,5,6.91
17,64,5,7.22
18,64,5,7.69
19,64,5,8.54
20,64,5,7.58
21,64,5,8.24
22,64,5,7.52
23,64,5,5.07
24,64,5,8.7
25,64,5,7.03
26,64,5,7.96
27,64,5,7.52
28,64,5,5.97
29,64,5,8.95
30,64,5,9.41
31,64,5,8.31
32,64,5,6.72
33,64,5,6.71
34,64,5,9.1
35,64,5,7.83
36,64,5,8.2
37,64,5,6.06
38,64,5,9.87
39,64,5,9.01
40,64,5,7.9
41,64,5,9.0
42,64,5,8.81
43,64,5,7.52
44,64,5,7.37
45,64,5,7.03
46,64,5,8.38
47,64,5,7.93
48,64,5,7.19
49,64,5,5.63
50,64,5,7.8
51,64,5,6.66
52,64,5,7.81
53,64,5,8.14
54,64,5,7.61
55,64,5,8.19
56,64,5,5.23
57,64,5,7.54
58,64,5,5.71
59,64,5,7.56
60,64,5,8.84
61,64,5,8.58
62,64,5,7.98
63,64,5,9.21
64,64,5,7.01
65,64,5,8.23
66,64,5,9.0
67,64,5,6.38
68,64,5,6.96
69,64,5,7.45
70,64,5,7.05
71,64,5,9.17
72,64,5,7.4
73,64,5,7.8
74,64,5,8.81
75,64,5,10.05
76,64,5,7.49
77,64,5,8.17
78,64,5,6.52
79,64,5,6.65
80,64,5,5.76
81,64,5,8.5
82,64,5,7.07
83,64,5,6.01
84,64,5,7.6
85,64,5,7.63
86,64,5,5.67
87,64,5,7.68
88,64,5,7.24
89,64,5,7.26
90,64,5,8.34
91,64,5,7.76
92,64,5,8.51
93,64,5,7.75
94,64,5,6.58
95,64,5,8.14
96,64,5,9.02
97,64,5,6.65
98,64,5,8.23
99,64,5,7.59
0,65,5,8.16
1,65,5,7.72
2,65,5,7.34
3,65,5,7.2
4,65,5,7.72
5,65,5,7.51
6,65,5,5.26
7,65,5,6.26
8,65,5,7.47
9,65,5,8.57
10,65,5,5.93
11,65,5,7.74
12,65,5,6.36
13,65,5,6.1
14,65,5,6.39
15,65,5,8.07
16,65,5,7.2
17,65,5,7.67
18,65,5,6.87
19,65,5,6.68
20,65,5,5.76
21,65,5,7.41
22,65,5,7.48
23,65,5,8.08
24,65,5,7.34
25,65,5,6.61
26,65,5,7.2
27,65,5,6.36
28,65,5,8.17
29,65,5,7.01
30,65,5,7.27
31,65,5,7.03
32,65,5,8.24
33,65,5,5.86
34,65,5,8.05
35,65,5,6.97
36,65,5,8.26
37,65,5,6.7
38,65,5,6.94
39,65,5,6.49
40,65,5,8.13
41,65,5,7.86
42,65,5,6.52
43,65,5,6.62
44,65,5,7.37
45,65,5,7.4
46,65,5,8.28
47,65,5,7.59
48,65,5,7.69
49,65,5,7.35
50,65,5,7.02
51,65,5,6.24
52,65,5,7.52
53,65,5,7.39
54,65,5,7.1
55,65,5,7.87
56,65,5,10.22
57,65,5,7.12
58,65,5,6.27
59,65,5,8.61
60,65,5,8.15
61,65,5,7.56
62,65,5,7.82
63,65,5,7.82
64,65,5,7.06
65,65,5,7.73
66,65,5,6.7
67,65,5,5.77
68,65,5,7.45
69,65,5,6.46
70,65,5,9.95
71,65,5,7.71
72,65,5,6.54
73,65,5,8.66
74,65,5,6.88
75,65,5,8.21
76,65,5,6.48
77,65,5,7.36
78,65,5,8.07
79,65,5,6.07
80,65,5,6.4
81,65,5,8.66
82,65,5,7.96
83,65,5,7.34
84,65,5,8.6
85,65,5,6.14
86,65,5,6.56
87,65,5,6.83
88,65,5,5.87
89,65,5,6.74
90,65,5,7.2
91,65,5,6.33
92,65,5,8.31
93,65,5,7.62
94,65,5,6.98
95,65,5,8.21
96,65,5,6.38
97,65,5,8.08
98,65,5,8.12
99,65,5,7.44
0,66,5,7.17
1,66,5,7.76
2,66,5,7.22
3,66,5,7.7
4,66,5,8.36
5,66,5,7.05
6,66,5,8.18
7,66,5,6.96
8,66,5,7.87
9,66,5,7.54
10,66,5,8.42
11,66,5,7.49
12,66,5,6.3
13,66,5,6.39
14,66,5,7.15
15,66,5,7.43
16,66,5,8.05
17,66,5,6.17
18,66,5,7.23
19,66,5,7.16
20,66,5,6.43
21,66,5,7.61
22,66,5,7.1
23,66,5,6.31
24,66,5,6.71
25,66,5,7.11
26,66,5,6.66
27,66,5,6.2
28,66,5,6.41
29,66,5,6.0
30,66,5,7.88
31,66,5,8.88
32,66,5,7.24
33,66,5,6.35
34,66,5,5.45
35,66,5,7.49
36,66,5,7.45
37,66,5,7.73
38,66,5,7.12
39,66,5,8.68
40,66,5,7.82
41,66,5,6.38
42,66,5,6.35
43,66,5,8.88
44,66,5,6.56
45,66,5,8.12
46,66,5,8.53
47,66,5,7.5
48,66,5,6.5
49,66,5,7.33
50,66,5,5.86
51,66,5,8.26
52,66,5,8.01
53,66,5,6.89
54,66,5,6.42
55,66,5,6.52
56,66,5,5.91
57,66,5,6.32
58,66,5,5.3
59,66,5,9.03
60,66,5,8.71
61,66,5,8.16
62,66,5,8.28
63,66,5,7.28
64,66,5,8.75
65,66,5,7.87
66,66,5,7.17
67,66,5,8.52
68,66,5,4.6
69,66,5,7.69
70,66,5,7.52
71,66,5,6.44
72,66,5,7.74
73,66,5,6.51
74,66,5,8.22
75,66,5,7.29
76,66,5,6.06
77,66,5,6.65
78,66,5,7.85
79,66,5,7.81
80,66,5,7.99
81,66,5,6.86
82,66,5,7.64
83,66,5,6.99
84,66,5,7.11
85,66,5,9.02
86,66,5,8.53
87,66,5,8.02
88,66,5,7.76
89,66,5,6.25
90,66,5,6.79
91,66,5,8.24
92,66,5,7.63
93,66,5,7.64
94,66,5,8.05
95,66,5,6.78
96,66,5,6.66
97,66,5,9.2
98,66,5,7.83
99,66,5,6.45
0,67,5,6.69
1,67,5,9.17
2,67,5,8.41
3,67,5,8.18
4,67,5,6.13
5,67,5,6.87
6,67,5,6.7
7,67,5,6.18
8,67,5,6.47
9,67,5,7.24
10,67,5,7.31
11,67,5,7.44
12,67,5,6.31
13,67,5,8.35
14,67,5,7.74
15,67,5,8.35
16,67,5,7.21
17,67,5,7.92
18,67,5,5.45
19,67,5,6.46
20,67,5,7.75
21,67,5,7.27
22,67,5,6.68
23,67,5,6.44
24,67,5,6.84
25,67,5,7.42
26,67,5,9.87
27,67,5,8.83
28,67,5,7.13
29,67,5,8.36
30,67,5,4.39
31,67,5,8.86
32,67,5,6.84
33,67,5,8.66
34,67,5,5.84
35,67,5,7.8
36,67,5,6.84
37,67,5,7.88
38,67,5,6.61
39,67,5,7.89
40,67,5,8.48
41,67,5,7.84
42,67,5,7.96
43,67,5,7.18
44,67,5,8.6
45,67,5,7.19
46,67,5,6.84
47,67,5,6.28
48,67,5,7.24
49,67,5,8.09
50,67,5,7.89
51,67,5,8.28
52,67,5,8.34
53,67,5,7.59
54,67,5,8.25
55,67,5,6.83
56,67,5,7.61
57,67,5,6.22
58,67,5,7.62
59,67,5,7.91
60,67,5,7.62
61,67,5,7.04
62,67,5,7.36
63,67,5,6.39
64,67,5,8.61
65,67,5,5.26
66,67,5,9.34
67,67,5,8.96
68,67,5,7.62
69,67,5,7.45
70,67,5,7.7
71,67,5,8.38
72,67,5,8.89
73,67,5,8.09
74,67,5,7.88
75,67,5,7.09
76,67,5,6.88
77,67,5,8.09
78,67,5,5.32
79,67,5,7.41
80,67,5,6.82
81,67,5,8.33
82,67,5,8.25
83,67,5,7.28
84,67,5,7.77
85,67,5,5.4
86,67,5,7.11
87,67,5,6.33
88,67,5,8.02
89,67,5,6.81
90,67,5,6.83
91,67,5,7.93
92,67,5,4.84
93,67,5,7.57
94,67,5,7.08
95,67,5,5.92
96,67,5,6.56
97,67,5,6.72
98,67,5,7.03
99,67,5,6.23
0,68,5,7.16
1,68,5,8.15
2,68,5,6.09
3,68,5,6.71
4,68,5,7.36
5,68,5,7.92
6,68,5,6.32
7,68,5,8.16
8,68,5,6.58
9,68,5,6.55
10,68,5,9.1
11,68,5,6.19
12,68,5,7.4
13,68,5,8.02
14,68,5,8.14
15,68,5,8.56
16,68,5,6.19
17,68,5,6.62
18,68,5,6.89
19,68,5,6.72
20,68,5,8.65
21,68,5,7.86
22,68,5,8.41
23,68,5,8.32
24,68,5,6.06
25,68,5,6.87
26,68,5,7.02
27,68,5,8.33
28,68,5,8.02
29,68,5,9.21
30,68,5,5.78
31,68,5,7.55
32,68,5,8.26
33,68,5,6.49
34,68,5,8.38
35,68,5,7.41
36,68,5,7.76
37,68,5,7.43
38,68,5,7.54
39,68,5,6.52
40,68,5,7.63
41,68,5,5.89
42,68,5,6.33
43,68,5,7.17
44,68,5,6.6
45,68,5,5.64
46,68,5,7.61
47,68,5,5.83
48,68,5,7.47
49,68,5,7.54
50,68,5,8.6
51,68,5,8.45
52,68,5,7.38
53,68,5,5.88
54,68,5,6.03
55,68,5,7.11
56,68,5,7.4
57,68,5,7.48
58,68,5,7.31
59,68,5,6.95
60,68,5,6.8
61,68,5,6.25
62,68,5,6.98
63,68,5,5.78
64,68,5,5.49
65,68,5,8.51
66,68,5,6.31
67,68,5,5.58
68,68,5,5.75
69,68,5,5.76
70,68,5,8.11
71,68,5,5.68
72,68,5,5.33
73,68,5,6.99
74,68,5,7.71
75,68,5,6.63
76,68,5,7.39
77,68,5,5.56
78,68,5,5.95
79,68,5,7.87
80,68,5,7.34
81,68,5,7.16
82,68,5,8.16
83,68,5,9.78
84,68,5,7.85
85,68,5,7.53
86,68,5,7.66
87,68,5,6.88
88,68,5,6.42
89,68,5,6.93
90,68,5,7.17
91,68,5,6.5
92,68,5,6.73
93,68,5,8.07
94,68,5,8.04
95,68,5,7.12
96,68,5,8.26
97,68,5,7.67
98,68,5,6.85
99,68,5,5.61
0,69,5,6.78
1,69,5,6.61
2,69,5,8.81
3,69,5,6.83
4,69,5,7.17
5,69,5,7.71
6,69,5,6.35
7,69,5,9.58
8,69,5,8.61
9,69,5,6.99
10,69,5,7.11
11,69,5,7.55
12,69,5,8.27
13,69,5,6.98
14,69,5,8.14
15,69,5,7.39
16,69,5,7.67
17,69,5,7.87
18,69,5,7.87
19,69,5,7.89
20,69,5,6.35
21,69,5,7.7
22,69,5,7.44
23,69,5,7.82
24,69,5,7.37
25,69,5,6.77
26,69,5,7.16
27,69,5,7.47
28,69,5,6.45
29,69,5,7.81
30,69,5,7.97
31,69,5,6.63
32,69,5,7.44
33,69,5,7.68
34,69,5,7.69
35,69,5,6.87
36,69,5,6.91
37,69,5,5.91
38,69,5,5.86
39,69,5,7.09
40,69,5,8.11
41,69,5,7.99
42,69,5,6.25
43,69,5,6.49
44,69,5,6.7
45,69,5,6.53
46,69,5,6.23
47,69,5,8.46
48,69,5,6.91
49,69,5,6.55
50,69,5,7.66
51,69,5,7.38
52,69,5,7.51
53,69,5,7.86
54,69,5,6.38
55,69,5,7.5
56,69,5,7.2
57,69,5,7.51
58,69,5,7.62
59,69,5,6.7
60,69,5,7.32
61,69,5,7.75
62,69,5,8.94
63,69,5,6.92
64,69,5,6.65
65,69,5,8.1
66,69,5,8.3
67,69,5,6.36
68,69,5,7.14
69,69,5,7.15
70,69,5,5.57
71,69,5,6.51
72,69,5,7.72
73,69,5,5.16
74,69,5,7.15
75,69,5,7.32
76,69,5,6.9
77,69,5,8.42
78,69,5,7.13
79,69,5,7.45
80,69,5,8.26
81,69,5,6.68
82,69,5,6.61
83,69,5,7.24
84,69,5,6.11
85,69,5,5.71
86,69,5,8.48
87,69,5,9.11
88,69,5,6.54
89,69,5,8.02
90,69,5,6.71
91,69,5,5.54
92,69,5,7.93
93,69,5,7.58
94,69,5,7.28
95,69,5,6.87
96,69,5,7.66
97,69,5,7.44
98,69,5,6.41
99,69,5,5.8
0,70,5,7.77
1,70,5,7.62
2,70,5,5.35
3,70,5,6.67
4,70,5,6.76
5,70,5,8.7
6,70,5,6.73
7,70,5,7.15
8,70,5,6.7
9,70,5,6.71
10,70,5,6.1
11,70,5,7.45
12,70,5,7.98
13,70,5,6.83
14,70,5,7.61
15,70,5,8.62
16,70,5,7.41
17,70,5,5.64
18,70,5,8.27
19,70,5,7.02
20,70,5,6.67
21,70,5,8.01
22,70,5,6.94
23,70,5,7.81
24,70,5,7.55
25,70,5,8.31
26,70,5,6.87
27,70,5,8.61
28,70,5,6.45
29,70,5,7.65
30,70,5,7.46
31,70,5,7.54
32,70,5,8.99
33,70,5,7.06
34,70,5,5.38
35,70,5,7.59
36,70,5,7.59
37,70,5,6.32
38,70,5,6.72
39,70,5,6.37
40,70,5,6.7
41,70,5,6.54
42,70,5,6.36
43,70,5,6.3
44,70,5,8.22
45,70,5,6.71
46,70,5,7.15
47,70,5,6.53
48,70,5,6.83
49,70,5,6.21
50,70,5,7.89
51,70,5,5.62
52,70,5,7.26
53,70,5,6.28
54,70,5,7.58
55,70,5,8.09
56,70,5,6.7
57,70,5,6.95
58,70,5,7.06
59,70,5,6.8
60,70,5,6.95
61,70,5,8.57
62,70,5,7.63
63,70,5,7.57
64,70,5,8.08
65,70,5,7.07
66,70,5,7.71
67,70,5,7.48
68,70,5,7.75
69,70,5,8.58
70,70,5,8.61
71,70,5,7.1
72,70,5,5.45
73,70,5,6.85
74,70,5,7.25
75,70,5,6.68
76,70,5,6.3
77,70,5,6.22
78,70,5,7.88
79,70,5,5.58
80,70,5,7.34
81,70,5,6.52
82,70,5,7.36
83,70,5,8.43
84,70,5,7.84
85,70,5,8.45
86,70,5,5.39
87,70,5,6.89
88,70,5,7.89
89,70,5,7.92
90,70,5,7.66
91,70,5,7.1
92,70,5,7.03
93,70,5,7.04
94,70,5,7.47
95,70,5,7.43
96,70,5,8.57
97,70,5,6.39
98,70,5,5.82
99,70,5,7.78
0,71,5,7.45
1,71,5,9.02
2,71,5,7.88
3,71,5,7.08
4,71,5,6.7
5,71,5,6.88
6,71,5,6.95
7,71,5,6.7
8,71,5,8.81
9,71,5,7.69
10,71,5,7.53
11,71,5,8.08
12,71,5,5.36
13,71,5,7.16
14,71,5,6.95
15,71,5,9.85
16,71,5,6.97
17,71,5,5.86
18,71,5,7.57
19,71,5,6.76
20,71,5,7.56
21,71,5,8.09
22,71,5,7.55
23,71,5,8.9
24,71,5,8.23
25,71,5,8.31
26,71,5,8.14
27,71,5,7.68
28,71,5,7.8
29,71,5,7.86
30,71,5,7.11
31,71,5,7.86
32,71,5,7.56
33,71,5,8.05
34,71,5,8.61
35,71,5,8.19
36,71,5,8.53
37,71,5,7.66
38,71,5,7.25
39,71,5,7.59
40,71,5,6.74
41,71,5,6.14
42,71,5,7.15
43,71,5,6.99
44,71,5,7.24
45,71,5,8.8
46,71,5,8.27
47,71,5,6.13
48,71,5,5.92
49,71,5,8.27
50,71,5,7.03
51,71,5,8.44
52,71,5,7.32
53,71,5,7.44
54,71,5,7.69
55,71,5,7.57
56,71,5,8.0
57,71,5,5.67
58,71,5,7.4
59,71,5,8.33
60,71,5,7.91
61,71,5,7.74
62,71,5,9.59
63,71,5,7.18
64,71,5,8.09
65,71,5,8.61
66,71,5,6.3
67,71,5,8.1
68,71,5,6.48
69,71,5,6.95
70,71,5,7.98
71,71,5,8.43
72,71,5,7.84
73,71,5,6.87
74,71,5,9.14
75,71,5,7.14
76,71,5,7.63
77,71,5,6.81
78,71,5,6.77
79,71,5,7.73
80,71,5,6.79
81,71,5,7.36
82,71,5,7.9
83,71,5,7.59
84,71,5,7.4
85,71,5,7.45
86,71,5,7.55
87,71,5,8.13
88,71,5,7.6
89,71,5,7.28
90,71,5,6.44
91,71,5,7.11
92,71,5,7.15
93,71,5,6.51
94,71,5,6.43
95,71,5,7.93
96,71,5,6.83
97,71,5,6.7
98,71,5,7.37
99,71,5,6.92
0,72,5,7.93
1,72,5,7.21
2,72,5,7.25
3,72,5,8.38
4,72,5,6.83
5,72,5,4.89
6,72,5,8.91
7,72,5,7.67
8,72,5,7.27
9,72,5,7.14
10,72,5,6.92
11,72,5,7.98
12,72,5,8.83
13,72,5,5.4
14,72,5,5.54
15,72,5,7.79
16,72,5,6.27
17,72,5,7.5
18,72,5,8.32
19,72,5,7.51
20,72,5,7.05
21,72,5,7.9
22,72,5,8.07
23,72,5,8.89
24,72,5,9.71
25,72,5,7.22
26,72,5,8.78
27,72,5,7.33
28,72,5,6.74
29,72,5,8.33
30,72,5,8.25
31,72,5,7.02
32,72,5,7.07
33,72,5,7.99
34,72,5,6.26
35,72,5,8.19
36,72,5,7.85
37,72,5,8.65
38,72,5,7.43
39,72,5,5.71
40,72,5,6.58
41,72,5,6.42
42,72,5,6.39
43,72,5,6.98
44,72,5,7.81
45,72,5,8.8
46,72,5,7.31
47,72,5,5.97
48,72,5,5.75
49,72,5,8.37
50,72,5,8.28
51,72,5,7.04
52,72,5,7.97
53,72,5,7.54
54,72,5,7.69
55,72,5,6.63
56,72,5,6.65
57,72,5,6.53
58,72,5,7.82
59,72,5,7.08
60,72,5,6.39
61,72,5,5.82
62,72,5,7.59
63,72,5,6.24
64,72,5,5.35
65,72,5,5.6
66,72,5,5.68
67,72,5,7.29
68,72,5,7.26
69,72,5,8.69
70,72,5,9.72
71,72,5,5.14
72,72,5,6.75
73,72,5,7.38
74,72,5,7.92
75,72,5,9.01
76,72,5,6.88
77,72,5,5.72
78,72,5,6.5
79,72,5,6.51
80,72,5,6.02
81,72,5,7.92
82,72,5,6.06
83,72,5,9.26
84,72,5,6.88
85,72,5,7.07
86,72,5,7.56
87,72,5,7.49
88,72,5,7.16
89,72,5,7.64
90,72,5,7.28
91,72,5,6.03
92,72,5,7.17
93,72,5,8.29
94,72,5,7.55
95,72,5,5.83
96,72,5,6.5
97,72,5,7.42
98,72,5,5.58
99,72,5,6.77
0,73,5,8.22
1,73,5,9.17
2,73,5,8.3
3,73,5,5.98
4,73,5,7.75
5,73,5,7.64
6,73,5,7.36
7,73,5,8.11
8,73,5,8.17
9,73,5,6.81
10,73,5,8.85
11,73,5,6.91
12,73,5,6.67
13,73,5,7.72
14,73,5,7.72
15,73,5,6.89
16,73,5,8.51
17,73,5,6.98
18,73,5,7.68
19,73,5,8.2
20,73,5,8.36
21,73,5,7.88
22,73,5,8.29
23,73,5,9.81
24,73,5,9.72
25,73,5,10.52
26,73,5,10.51
27,73,5,9.7
28,73,5,8.14
29,73,5,7.68
30,73,5,7.55
31,73,5,7.78
32,73,5,6.73
33,73,5,6.68
34,73,5,7.77
35,73,5,8.36
36,73,5,6.98
37,73,5,6.67
38,73,5,8.68
39,73,5,8.29
40,73,5,7.4
41,73,5,6.49
42,73,5,7.37
43,73,5,7.17
44,73,5,6.35
45,73,5,8.11
46,73,5,6.62
47,73,5,7.07
48,73,5,7.42
49,73,5,4.53
50,73,5,6.05
51,73,5,6.96
52,73,5,6.36
53,73,5,7.16
54,73,5,7.15
55,73,5,5.56
56,73,5,6.48
57,73,5,7.27
58,73,5,7.98
59,73,5,7.33
60,73,5,5.94
61,73,5,7.3
62,73,5,7.96
63,73,5,6.79
64,73,5,7.16
65,73,5,7.84
66,73,5,8.11
67,73,5,7.54
68,73,5,6.76
69,73,5,8.08
70,73,5,7.08
71,73,5,5.37
72,73,5,7.03
73,73,5,7.86
74,73,5,4.73
75,73,5,7.1
76,73,5,7.62
77,73,5,8.75
78,73,5,7.74
79,73,5,7.54
80,73,5,6.79
81,73,5,7.8
82,73,5,5.98
83,73,5,7.38
84,73,5,7.84
85,73,5,7.13
86,73,5,6.93
87,73,5,6.86
88,73,5,7.59
89,73,5,7.74
90,73,5,7.14
91,73,5,7.27
92,73,5,8.39
93,73,5,7.19
94,73,5,8.66
95,73,5,7.04
96,73,5,7.02
97,73,5,6.23
98,73,5,6.93
99,73,5,7.62
0,74,5,6.42
1,74,5,6.71
2,74,5,5.86
3,74,5,6.91
4,74,5,6.43
5,74,5,6.73
6,74,5,7.13
7,74,5,6.63
8,74,5,8.27
9,74,5,5.27
10,74,5,7.34
11,74,5,6.51
12,74,5,7.13
13,74,5,7.22
14,74,5,7.39
15,74,5,7.93
16,74,5,8.43
17,74,5,8.58
18,74,5,8.52
19,74,5,7.19
20,74,5,8.92
21,74,5,9.75
22,74,5,8.47
23,74,5,10.88
24,74,5,11.3
25,74,5,10.12
26,74,5,9.67
27,74,5,11.09
28,74,5,9.74
29,74,5,8.55
30,74,5,7.32
31,74,5,5.95
32,74,5,7.21
33,74,5,7.58
34,74,5,7.69
35,74,5,9.26
36,74,5,5.98
37,74,5,7.4
38,74,5,6.51
39,74,5,7.14
40,74,5,7.28
41,74,5,8.26
42,74,5,6.61
43,74,5,5.43
44,74,5,8.4
45,74,5,5.3
46,74,5,8.01
47,74,5,7.77
48,74,5,6.12
49,74,5,7.32
50,74,5,7.45
51,74,5,8.94
52,74,5,8.74
53,74,5,6.91
54,74,5,8.37
55,74,5,6.57
56,74,5,6.61
57,74,5,7.82
58,74,5,6.43
59,74,5,6.51
60,74,5,7.68
61,74,5,7.31
62,74,5,7.91
63,74,5,7.22
64,74,5,8.16
65,74,5,7.17
66,74,5,7.43
67,74,5,7.92
68,74,5,6.83
69,74,5,6.01
70,74,5,5.13
71,74,5,6.86
72,74,5,7.7
73,74,5,5.6
74,74,5,7.33
75,74,5,7.14
76,74,5,6.5
77,74,5,7.89
78,74,5,7.53
79,74,5,6.82
80,74,5,7.87
81,74,5,6.08
82,74,5,7.23
83,74,5,5.76
84,74,5,7.19
85,74,5,6.97
86,74,5,8.13
87,74,5,7.44
88,74,5,6.9
89,74,5,7.12
90,74,5,6.05
91,74,5,5.99
92,74,5,8.56
93,74,5,8.35
94,74,5,6.69
95,74,5,8.78
96,74,5,5.83
97,74,5,7.38
98,74,5,6.1
99,74,5,7.59
0,75,5,6.39
1,75,5,7.08
2,75,5,8.31
3,75,5,5.87
4,75,5,7.7
5,75,5,7.25
6,75,5,7.87
7,75,5,8.84
8,75,5,7.86
9,75,5,6.51
10,75,5,6.85
11,75,5,8.13
12,75,5,6.65
13,75,5,7.7
14,75,5,6.93
15,75,5,8.71
16,75,5,7.12
17,75,5,8.68
18,75,5,6.59
19,75,5,9.56
20,75,5,10.6
21,75,5,9.48
22,75,5,9.73
23,75,5,9.03
24,75,5,10.96
25,75,5,12.8
26,75,5,11.23
27,75,5,9.45
28,75,5,8.68
29,75,5,7.44
30,75,5,5.66
31,75,5,7.87
32,75,5,7.41
33,75,5,7.97
34,75,5,9.39
35,75,5,8.9
36,75,5,6.51
37,75,5,6.86
38,75,5,6.87
39,75,5,8.36
40,75,5,6.55
41,75,5,7.11
42,75,5,6.86
43,75,5,8.35
44,75,5,8.45
45,75,5,9.22
46,75,5,6.51
47,75,5,7.88
48,75,5,6.73
49,75,5,5.97
50,75,5,8.8
51,75,5,6.45
52,75,5,6.35
53,75,5,7.71
54,75,5,8.62
55,75,5,7.82
56,75,5,7.85
57,75,5,7.33
58,75,5,8.18
59,75,5,6.98
60,75,5,7.68
61,75,5,8.27
62,75,5,6.5
63,75,5,5.05
64,75,5,6.46
65,75,5,7.48
66,75,5,6.67
67,75,5,7.43
68,75,5,6.79
69,75,5,5.07
70,75,5,7.79
71,75,5,6.31
72,75,5,5.43
73,75,5,8.25
74,75,5,7.47
75,75,5,7.95
76,75,5,6.45
77,75,5,7.49
78,75,5,6.5
79,75,5,8.58
80,75,5,6.6
81,75,5,7.78
82,75,5,7.16
83,75,5,7.96
84,75,5,6.82
85,75,5,7.75
86,75,5,6.08
87,75,5,7.15
88,75,5,7.94
89,75,5,6.56
90,75,5,8.08
91,75,5,5.82
92,75,5,6.7
93,75,5,8.69
94,75,5,7.47
95,75,5,6.66
96,75,5,8.56
97,75,5,7.33
98,75,5,7.49
99,75,5,7.22
0,76,5,7.67
1,76,5,6.45
2,76,5,8.24
3,76,5,8.3
4,76,5,6.46
5,76,5,7.69
6,76,5,8.73
7,76,5,8.83
8,76,5,8.94
9,76,5,9.33
10,76,5,5.64
11,76,5,7.79
12,76,5,6.85
13,76,5,6.93
14,76,5,7.68
15,76,5,7.73
16,76,5,7.11
17,76,5,8.0
18,76,5,8.48
19,76,5,8.14
20,76,5,8.32
21,76,5,9.64
22,76,5,10.83
23,76,5,11.05
24,76,5,12.64
25,76,5,13.07
26,76,5,11.31
27,76,5,9.03
28,76,5,7.97
29,76,5,8.25
30,76,5,7.53
31,76,5,8.51
32,76,5,7.88
33,76,5,8.29
34,76,5,7.33
35,76,5,7.24
36,76,5,7.24
37,76,5,6.48
38,76,5,6.86
39,76,5,8.06
40,76,5,7.57
41,76,5,7.37
42,76,5,7.42
43,76,5,7.88
44,76,5,7.2
45,76,5,6.59
46,76,5,7.98
47,76,5,6.27
48,76,5,6.48
49,76,5,8.07
50,76,5,6.75
51,76,5,6.02
52,76,5,7.12
53,76,5,8.32
54,76,5,6.44
55,76,5,8.43
56,76,5,7.33
57,76,5,7.27
58,76,5,5.83
59,76,5,7.35
60,76,5,8.06
61,76,5,7.42
62,76,5,7.48
63,76,5,7.24
64,76,5,6.8
65,76,5,7.23
66,76,5,6.82
67,76,5,7.81
68,76,5,6.74
69,76,5,7.22
70,76,5,7.1
71,76,5,8.9
72,76,5,6.42
73,76,5,8.18
74,76,5,9.03
75,76,5,6.7
76,76,5,6.67
77,76,5,7.47
78,76,5,8.14
79,76,5,7.92
80,76,5,6.06
81,76,5,7.6
82,76,5,7.92
83,76,5,7.86
84,76,5,8.57
85,76,5,6.61
86,76,5,7.11
87,76,5,6.68
88,76,5,5.06
89,76,5,7.74
90,76,5,7.37
91,76,5,6.69
92,76,5,5.79
93,76,5,5.48
94,76,5,8.5
95,76,5,5.59
96,76,5,7.14
97,76,5,7.69
98,76,5,5.7
99,76,5,5.2
0,77,5,7.15
1,77,5,5.05
2,77,5,6.53
3,77,5,7.57
4,77,5,7.52
5,77,5,8.99
6,77,5,7.64
7,77,5,6.92
8,77,5,6.43
9,77,5,6.43
10,77,5,8.98
11,77,5,6.59
12,77,5,6.75
13,77,5,7.04
14,77,5,7.82
15,77,5,5.54
16,77,5,7.35
17,77,5,6.86
18,77,5,8.6
19,77,5,8.16
20,77,5,9.12
21,77,5,10.12
22,77,5,11.35
23,77,5,9.48
24,77,5,9.88
25,77,5,10.98
26,77,5,9.1
27,77,5,10.79
28,77,5,8.02
29,77,5,9.54
30,77,5,7.89
31,77,5,8.11
32,77,5,6.37
33,77,5,6.39
34,77,5,7.31
35,77,5,8.15
36,77,5,7.26
37,77,5,8.39
38,77,5,8.18
39,77,5,8.96
40,77,5,8.66
41,77,5,7.64
42,77,5,6.71
43,77,5,6.61
44,77,5,7.75
45,77,5,8.49
46,77,5,7.55
47,77,5,6.62
48,77,5,8.59
49,77,5,9.19
50,77,5,7.43
51,77,5,7.87
52,77,5,7.18
53,77,5,8.4
54,77,5,5.68
55,77,5,8.59
56,77,5,7.35
57,77,5,9.32
58,77,5,7.14
59,77,5,7.79
60,77,5,6.32
61,77,5,7.82
62,77,5,6.5
63,77,5,9.03
64,77,5,7.47
65,77,5,7.1
66,77,5,9.09
67,77,5,8.36
68,77,5,6.23
69,77,5,7.61
70,77,5,8.05
71,77,5,6.72
72,77,5,7.77
73,77,5,6.12
74,77,5,8.1
75,77,5,6.88
76,77,5,7.3
77,77,5,7.16
78,77,5,7.28
79,77,5,7.5
80,77,5,7.4
81,77,5,8.32
82,77,5,8.03
83,77,5,5.6
84,77,5,8.05
85,77,5,7.4
86,77,5,6.29
87,77,5,7.03
88,77,5,6.96
89,77,5,8.1
90,77,5,8.88
91,77,5,7.55
92,77,5,7.73
93,77,5,8.85
94,77,5,7.87
95,77,5,6.68
96,77,5,8.33
97,77,5,6.77
98,77,5,6.4
99,77,5,8.09
0,78,5,8.37
1,78,5,6.74
2,78,5,6.94
3,78,5,6.8
4,78,5,7.82
5,78,5,8.24
6,78,5,5.54
7,78,5,8.36
8,78,5,5.81
9,78,5,8.29
10,78,5,6.65
11,78,5,8.41
12,78,5,9.71
13,78,5,7.43
14,78,5,7.89
15,78,5,7.01
16,78,5,7.44
17,78,5,7.7
18,78,5,7.6
19,78,5,8.16
20,78,5,8.0
21,78,5,9.12
22,78,5,8.86
23,78,5,11.41
24,78,5,9.84
25,78,5,12.09
26,78,5,12.41
27,78,5,9.35
28,78,5,7.9
29,78,5,6.9
30,78,5,7.37
31,78,5,7.05
32,78,5,7.16
33,78,5,8.56
34,78,5,7.9
35,78,5,8.05
36,78,5,8.02
37,78,5,6.87
38,78,5,6.53
39,78,5,5.14
40,78,5,7.27
41,78,5,7.82
42,78,5,7.54
43,78,5,9.44
44,78,5,7.43
45,78,5,6.38
46,78,5,8.73
47,78,5,7.89
48,78,5,6.85
49,78,5,6.37
50,78,5,6.61
51,78,5,7.53
52,78,5,8.72
53,78,5,8.55
54,78,5,7.3
55,78,5,6.73
56,78,5,6.2
57,78,5,8.44
58,78,5,9.1
59,78,5,6.39
60,78,5,6.68
61,78,5,7.57
62,78,5,7.42
63,78,5,7.34
64,78,5,7.52
65,78,5,8.57
66,78,5,6.63
67,78,5,6.95
68,78,5,7.78
69,78,5,7.68
70,78,5,6.44
71,78,5,7.96
72,78,5,8.52
73,78,5,7.46
74,78,5,7.36
75,78,5,6.28
76,78,5,7.38
77,78,5,8.77
78,78,5,8.06
79,78,5,7.12
80,78,5,7.44
81,78,5,7.09
82,78,5,7.51
83,78,5,7.85
84,78,5,7.11
85,78,5,7.27
86,78,5,7.48
87,78,5,6.09
88,78,5,7.47
89,78,5,7.31
90,78,5,5.33
91,78,5,7.48
92,78,5,7.06
93,78,5,7.39
94,78,5,8.17
95,78,5,8.15
96,78,5,6.8
97,78,5,6.39
98,78,5,4.85
99,78,5,7.33
0,79,5,8.25
1,79,5,6.86
2,79,5,7.79
3,79,5,7.13
4,79,5,6.84
5,79,5,8.47
6,79,5,7.91
7,79,5,7.61
8,79,5,7.36
9,79,5,6.65
10,79,5,7.43
11,79,5,6.66
12,79,5,6.82
13,79,5,6.57
14,79,5,8.09
15,79,5,7.11
16,79,5,7.53
17,79,5,8.16
18,79,5,6.41
19,79,5,8.83
20,79,5,8.62
21,79,5,10.59
22,79,5,10.21
23,79,5,10.06
24,79,5,10.8
25,79,5,10.55
26,79,5,6.57
27,79,5,9.55
28,79,5,9.33
29,79,5,7.62
30,79,5,7.45
31,79,5,8.31
32,79,5,7.15
33,79,5,7.69
34,79,5,6.98
35,79,5,8.24
36,79,5,7.57
37,79,5,7.55
38,79,5,6.45
39,79,5,8.67
40,79,5,7.35
41,79,5,7.16
42,79,5,7.47
43,79,5,7.46
44,79,5,6.42
45,79,5,6.08
46,79,5,7.61
47,79,5,5.91
48,79,5,8.0
49,79,5,7.36
50,79,5,6.97
51,79,5,6.41
52,79,5,7.8
53,79,5,7.24
54,79,5,7.71
55,79,5,5.91
56,79,5,5.83
57,79,5,7.43
58,79,5,6.79
59,79,5,7.91
60,79,5,7.22
61,79,5,8.68
62,79,5,6.92
63,79,5,6.0
64,79,5,9.2
65,79,5,7.65
66,79,5,10.06
67,79,5,7.09
68,79,5,6.19
69,79,5,8.53
70,79,5,9.02
71,79,5,6.77
72,79,5,5.73
73,79,5,8.37
74,79,5,6.84
75,79,5,5.13
76,79,5,8.49
77,79,5,6.72
78,79,5,7.49
79,79,5,6.84
80,79,5,6.97
81,79,5,8.23
82,79,5,7.46
83,79,5,7.3
84,79,5,7.09
85,79,5,6.86
86,79,5,7.02
87,79,5,8.64
88,79,5,8.3
89,79,5,7.76
90,79,5,9.46
91,79,5,8.14
92,79,5,7.91
93,79,5,6.17
94,79,5,7.72
95,79,5,7.55
96,79,5,6.05
97,79,5,8.73
98,79,5,5.92
99,79,5,6.78
0,80,5,6.61
1,80,5,6.99
2,80,5,7.08
3,80,5,7.47
4,80,5,8.91
5,80,5,7.92
6,80,5,8.67
7,80,5,7.4
8,80,5,8.11
9,80,5,6.01
10,80,5,7.58
11,80,5,9.06
12,80,5,8.1
13,80,5,8.24
14,80,5,8.77
15,80,5,6.28
16,80,5,7.79
17,80,5,9.16
18,80,5,8.88
19,80,5,9.02
20,80,5,7.92
21,80,5,8.31
22,80,5,8.44
23,80,5,7.76
24,80,5,8.83
25,80,5,8.91
26,80,5,8.84
27,80,5,8.83
28,80,5,6.3
29,80,5,8.11
30,80,5,6.8
31,80,5,6.97
32,80,5,5.91
33,80,5,6.69
34,80,5,6.38
35,80,5,8.7
36,80,5,7.79
37,80,5,9.13
38,80,5,7.61
39,80,5,8.74
40,80,5,7.36
41,80,5,7.77
42,80,5,6.54
43,80,5,8.9
44,80,5,7.37
45,80,5,8.04
46,80,5,8.2
47,80,5,8.94
48,80,5,5.95
49,80,5,6.13
50,80,5,9.06
51,80,5,7.37
52,80,5,6.64
53,80,5,6.95
54,80,5,7.68
55,80,5,6.81
56,80,5,6.75
57,80,5,6.25
58,80,5,7.99
59,80,5,7.56
60,80,5,8.18
61,80,5,8.88
62,80,5,6.3
63,80,5,7.32
64,80,5,7.95
65,80,5,6.4
66,80,5,8.15
67,80,5,8.05
68,80,5,7.71
69,80,5,6.75
70,80,5,6.8
71,80,5,6.55
72,80,5,8.64
73,80,5,8.01
74,80,5,8.72
75,80,5,7.96
76,80,5,6.5
77,80,5,8.15
78,80,5,7.29
79,80,5,5.81
80,80,5,7.56
81,80,5,5.82
82,80,5,8.35
83,80,5,6.48
84,80,5,7.09
85,80,5,8.39
86,80,5,6.9
87,80,5,6.06
88,80,5,8.66
89,80,5,7.92
90,80,5,8.12
91,80,5,7.88
92,80,5,6.33
93,80,5,7.52
94,80,5,7.68
95,80,5,6.04
96,80,5,8.21
97,80,5,6.5
98,80,5,6.97
99,80,5,8.25
0,81,5,6.97
1,81,5,7.11
2,81,5,6.6
3,81,5,8.81
4,81,5,6.27
5,81,5,7.41
6,81,5,9.62
7,81,5,7.71
8,81,5,8.19
9,81,5,7.94
10,81,5,8.15
11,81,5,7.75
12,81,5,9.25
13,81,5,7.37
14,81,5,6.61
15,81,5,6.57
16,81,5,6.82
17,81,5,7.73
18,81,5,6.89
19,81,5,6.15
20,81,5,7.34
21,81,5,8.6
22,81,5,5.45
23,81,5,7.61
24,81,5,8.74
25,81,5,8.13
26,81,5,8.23
27,81,5,9.23
28,81,5,7.24
29,81,5,7.96
30,81,5,6.61
31,81,5,5.86
32,81,5,8.09
33,81,5,7.69
34,81,5,6.33
35,81,5,8.48
36,81,5,6.61
37,81,5,6.05
38,81,5,7.51
39,81,5,6.41
40,81,5,8.83
41,81,5,7.14
42,81,5,6.56
43,81,5,8.7
44,81,5,5.03
45,81,5,7.91
46,81,5,7.52
47,81,5,7.58
48,81,5,8.17
49,81,5,7.03
50,81,5,7.61
51,81,5,6.73
52,81,5,7.05
53,81,5,6.39
54,81,5,6.81
55,81,5,8.06
56,81,5,6.85
57,81,5,8.23
58,81,5,6.23
59,81,5,6.06
60,81,5,8.35
61,81,5,7.38
62,81,5,5.99
63,81,5,7.2
64,81,5,6.97
65,81,5,6.97
66,81,5,6.72
67,81,5,7.77
68,81,5,7.18
69,81,5,7.14
70,81,5,7.35
71,81,5,6.73
72,81,5,5.96
73,81,5,6.19
74,81,5,7.94
75,81,5,6.51
76,81,5,6.74
77,81,5,6.1
78,81,5,6.24
79,81,5,6.95
80,81,5,8.99
81,81,5,7.59
82,81,5,7.74
83,81,5,6.37
84,81,5,5.74
85,81,5,7.7
86,81,5,7.11
87,81,5,7.24
88,81,5,7.34
89,81,5,7.19
90,81,5,7.66
91,81,5,6.52
92,81,5,6.26
93,81,5,7.86
94,81,5,7.86
95,81,5,7.0
96,81,5,8.68
97,81,5,9.3
98,81,5,8.57
99,81,5,7.13
0,82,5,8.02
1,82,5,7.31
2,82,5,7.54
3,82,5,7.63
4,82,5,8.98
5,82,5,8.56
6,82,5,7.91
7,82,5,8.78
8,82,5,5.89
9,82,5,8.19
10,82,5,6.65
11,82,5,7.6
12,82,5,4.25
13,82,5,7.75
14,82,5,6.74
15,82,5,6.22
16,82,5,8.01
17,82,5,7.62
18,82,5,7.78
19,82,5,7.0
20,82,5,6.48
21,82,5,8.1
22,82,5,8.62
23,82,5,7.19
24,82,5,8.14
25,82,5,7.59
26,82,5,7.07
27,82,5,6.77
28,82,5,9.3
29,82,5,7.53
30,82,5,7.62
31,82,5,7.93
32,82,5,9.02
33,82,5,7.12
34,82,5,7.63
35,82,5,6.38
36,82,5,5.52
37,82,5,6.34
38,82,5,6.72
39,82,5,7.13
40,82,5,7.79
41,82,5,6.9
42,82,5,9.1
43,82,5,7.77
44,82,5,6.24
45,82,5,7.67
46,82,5,9.91
47,82,5,7.69
48,82,5,7.27
49,82,5,7.3
50,82,5,7.34
51,82,5,7.05
52,82,5,7.08
53,82,5,5.05
54,82,5,8.81
55,82,5,8.3
56,82,5,7.11
57,82,5,8.03
58,82,5,7.97
59,82,5,5.3
60,82,5,6.99
61,82,5,7.56
62,82,5,7.23
63,82,5,8.56
64,82,5,7.11
65,82,5,8.19
66,82,5,6.24
67,82,5,6.95
68,82,5,8.12
69,82,5,6.43
70,82,5,7.01
71,82,5,7.06
72,82,5,6.31
73,82,5,6.94
74,82,5,8.0
75,82,5,7.06
76,82,5,5.54
77,82,5,7.63
78,82,5,9.42
79,82,5,6.7
80,82,5,8.7
81,82,5,7.64
82,82,5,6.76
83,82,5,7.22
84,82,5,8.46
85,82,5,7.82
86,82,5,7.94
87,82,5,8.15
88,82,5,8.07
89,82,5,7.64
90,82,5,7.25
91,82,5,7.94
92,82,5,7.28
93,82,5,5.5
94,82,5,9.21
95,82,5,6.23
96,82,5,5.57
97,82,5,6.98
98,82,5,6.84
99,82,5,6.14
0,83,5,8.25
1,83,5,7.41
2,83,5,6.94
3,83,5,6.82
4,83,5,7.38
5,83,5,5.4
6,83,5,7.67
7,83,5,6.54
8,83,5,8.45
9,83,5,6.43
10,83,5,7.23
11,83,5,7.05
12,83,5,7.46
13,83,5,7.69
14,83,5,7.9
15,83,5,7.99
16,83,5,6.76
17,83,5,8.41
18,83,5,6.21
19,83,5,7.6
20,83,5,7.7
21,83,5,7.3
22,83,5,6.64
23,83,5,8.32
24,83,5,5.56
25,83,5,7.5
26,83,5,7.66
27,83,5,6.5
28,83,5,6.32
29,83,5,6.4
30,83,5,7.88
31,83,5,6.61
32,83,5,7.64
33,83,5,8.32
34,83,5,7.08
35,83,5,8.02
36,83,5,6.88
37,83,5,7.02
38,83,5,6.89
39,83,5,7.39
40,83,5,7.59
41,83,5,6.36
42,83,5,8.19
43,83,5,7.4
44,83,5,7.62
45,83,5,6.8
46,83,5,8.5
47,83,5,7.83
48,83,5,5.2
49,83,5,7.1
50,83,5,6.77
51,83,5,5.96
52,83,5,7.71
53,83,5,7.13
54,83,5,7.78
55,83,5,6.91
56,83,5,6.61
57,83,5,8.5
58,83,5,5.89
59,83,5,6.89
60,83,5,7.21
61,83,5,6.78
62,83,5,7.54
63,83,5,7.93
64,83,5,5.51
65,83,5,8.32
66,83,5,7.1
67,83,5,8.35
68,83,5,6.76
69,83,5,9.28
70,83,5,6.44
71,83,5,5.78
72,83,5,7.17
73,83,5,7.12
74,83,5,6.99
75,83,5,6.88
76,83,5,7.28
77,83,5,6.73
78,83,5,8.02
79,83,5,5.79
80,83,5,8.0
81,83,5,7.6
82,83,5,6.56
83,83,5,9.02
84,83,5,7.2
85,83,5,8.93
86,83,5,6.57
87,83,5,8.05
88,83,5,7.04
89,83,5,6.88
90,83,5,5.81
91,83,5,7.5
92,83,5,8.24
93,83,5,8.54
94,83,5,7.01
95,83,5,6.94
96,83,5,6.99
97,83,5,6.41
98,83,5,8.69
99,83,5,7.84
0,84,5,7.09
1,84,5,6.85
2,84,5,7.72
3,84,5,7.41
4,84,5,8.18
5,84,5,6.23
6,84,5,7.95
7,84,5,8.13
8,84,5,6.82
9,84,5,8.31
10,84,5,7.79
11,84,5,8.65
12,84,5,7.02
13,84,5,7.79
14,84,5,5.95
15,84,5,6.6
16,84,5,7.62
17,84,5,7.23
18,84,5,6.69
19,84,5,6.12
20,84,5,7.16
21,84,5,8.15
22,84,5,7.64
23,84,5,8.41
24,84,5,7.59
25,84,5,7.05
26,84,5,6.74
27,84,5,7.19
28,84,5,6.49
29,84,5,6.72
30,84,5,7.13
31,84,5,6.53
32,84,5,7.49
33,84,5,7.39
34,84,5,6.96
35,84,5,6.38
36,84,5,8.14
37,84,5,7.01
38,84,5,7.76
39,84,5,8.07
40,84,5,6.0
41,84,5,6.62
42,84,5,5.81
43,84,5,8.33
44,84,5,6.77
45,84,5,7.28
46,84,5,7.06
47,84,5,7.13
48,84,5,7.77
49,84,5,8.1
50,84,5,7.18
51,84,5,7.72
52,84,5,7.93
53,84,5,7.23
54,84,5,7.01
55,84,5,7.91
56,84,5,7.72
57,84,5,7.13
58,84,5,7.66
59,84,5,6.54
60,84,5,8.38
61,84,5,6.5
62,84,5,8.16
63,84,5,7.41
64,84,5,8.92
65,84,5,8.17
66,84,5,7.75
67,84,5,6.56
68,84,5,7.97
69,84,5,8.43
70,84,5,8.4
71,84,5,7.63
72,84,5,7.98
73,84,5,7.18
74,84,5,6.3
75,84,5,7.46
76,84,5,8.62
77,84,5,7.0
78,84,5,8.97
79,84,5,8.3
80,84,5,6.69
81,84,5,6.7
82,84,5,7.36
83,84,5,7.33
84,84,5,8.5
85,84,5,7.77
86,84,5,7.7
87,84,5,6.0
88,84,5,8.74
89,84,5,7.34
90,84,5,6.69
91,84,5,6.87
92,84,5,8.38
93,84,5,6.54
94,84,5,7.77
95,84,5,8.35
96,84,5,8.51
97,84,5,8.1
98,84,5,7.05
99,84,5,7.5
0,85,5,7.31
1,85,5,6.65
2,85,5,7.76
3,85,5,8.49
4,85,5,6.96
5,85,5,7.43
6,85,5,8.17
7,85,5,8.12
8,85,5,6.52
9,85,5,5.85
10,85,5,7.31
11,85,5,8.38
12,85,5,9.06
13,85,5,7.48
14,85,5,7.31
15,85,5,6.38
16,85,5,8.25
17,85,5,7.78
18,85,5,9.77
19,85,5,6.23
20,85,5,7.5
21,85,5,6.69
22,85,5,6.62
23,85,5,5.74
24,85,5,5.53
25,85,5,7.61
26,85,5,8.35
27,85,5,5.53
28,85,5,7.23
29,85,5,10.45
30,85,5,6.79
31,85,5,8.27
32,85,5,8.76
33,85,5,8.85
34,85,5,5.07
35,85,5,5.89
36,85,5,6.92
37,85,5,7.42
38,85,5,6.85
39,85,5,6.69
40,85,5,8.42
41,85,5,7.24
42,85,5,5.24
43,85,5,7.47
44,85,5,6.49
45,85,5,6.33
46,85,5,8.09
47,85,5,6.6
48,85,5,7.92
49,85,5,6.69
50,85,5,8.46
51,85,5,7.99
52,85,5,8.65
53,85,5,7.3
54,85,5,9.01
55,85,5,6.87
56,85,5,6.5
57,85,5,5.95
58,85,5,8.22
59,85,5,8.28
60,85,5,7.37
61,85,5,6.82
62,85,5,7.8
63,85,5,7.17
64,85,5,7.91
65,85,5,6.53
66,85,5,7.13
67,85,5,6.97
68,85,5,7.2
69,85,5,7.76
70,85,5,6.76
71,85,5,4.65
72,85,5,8.77
73,85,5,8.25
74,85,5,6.08
75,85,5,6.34
76,85,5,6.82
77,85,5,6.29
78,85,5,8.53
79,85,5,7.42
80,85,5,5.93
81,85,5,6.21
82,85,5,7.17
83,85,5,6.54
84,85,5,8.13
85,85,5,6.38
86,85,5,7.51
87,85,5,8.18
88,85,5,7.85
89,85,5,7.24
90,85,5,7.29
91,85,5,6.42
92,85,5,6.6
93,85,5,8.39
94,85,5,7.34
95,85,5,7.51
96,85,5,8.35
97,85,5,6.69
98,85,5,8.38
99,85,5,7.59
0,86,5,5.92
1,86,5,7.48
2,86,5,7.53
3,86,5,8.74
4,86,5,7.45
5,86,5,7.3
6,86,5,5.43
7,86,5,6.61
8,86,5,7.9
9,86,5,6.8
10,86,5,6.63
11,86,5,7.79
12,86,5,8.56
13,86,5,9.34
14,86,5,7.52
15,86,5,6.06
16,86,5,7.14
17,86,5,8.98
18,86,5,7.65
19,86,5,8.17
20,86,5,7.35
21,86,5,6.19
22,86,5,7.63
23,86,5,7.0
24,86,5,7.61
25,86,5,8.11
26,86,5,8.04
27,86,5,6.94
28,86,5,6.41
29,86,5,9.29
30,86,5,7.5
31,86,5,6.08
32,86,5,6.49
33,86,5,7.56
34,86,5,7.33
35,86,5,6.63
36,86,5,7.85
37,86,5,6.76
38,86,5,7.1
39,86,5,6.14
40,86,5,6.1
41,86,5,7.89
42,86,5,6.09
43,86,5,7.96
44,86,5,7.14
45,86,5,6.91
46,86,5,8.05
47,86,5,7.46
48,86,5,6.92
49,86,5,6.96
50,86,5,7.53
51,86,5,8.89
52,86,5,6.04
53,86,5,6.6
54,86,5,7.05
55,86,5,6.71
56,86,5,8.86
57,86,5,6.52
58,86,5,6.59
59,86,5,6.79
60,86,5,7.54
61,86,5,6.58
62,86,5,6.51
63,86,5,7.5
64,86,5,7.3
65,86,5,6.08
66,86,5,7.15
67,86,5,6.82
68,86,5,8.01
69,86,5,7.11
70,86,5,7.47
71,86,5,7.98
72,86,5,8.57
73,86,5,6.16
74,86,5,6.15
75,86,5,8.42
76,86,5,8.29
77,86,5,7.66
78,86,5,7.17
79,86,5,8.85
80,86,5,8.21
81,86,5,7.61
82,86,5,8.73
83,86,5,7.77
84,86,5,7.59
85,86,5,7.94
86,86,5,7.79
87,86,5,8.29
88,86,5,7.5
89,86,5,6.57
90,86,5,5.81
91,86,5,8.09
92,86,5,8.48
93,86,5,7.6
94,86,5,7.9
95,86,5,9.16
96,86,5,6.47
97,86,5,7.46
98,86,5,7.96
99,86,5,8.89
0,87,5,6.44
1,87,5,5.61
2,87,5,6.45
3,87,5,6.39
4,87,5,7.69
5,87,5,8.42
6,87,5,7.48
7,87,5,8.58
8,87,5,9.39
9,87,5,6.28
10,87,5,8.88
11,87,5,5.61
12,87,5,9.91
13,87,5,6.67
14,87,5,7.8
15,87,5,6.36
16,87,5,8.89
17,87,5,6.13
18,87,5,6.88
19,87,5,7.01
20,87,5,6.32
21,87,5,7.25
22,87,5,6.55
23,87,5,5.74
24,87,5,6.57
25,87,5,7.43
26,87,5,6.68
27,87,5,7.72
28,87,5,8.03
29,87,5,7.54
30,87,5,9.35
31,87,5,8.17
32,87,5,6.61
33,87,5,8.25
34,87,5,7.11
35,87,5,8.23
36,87,5,8.36
37,87,5,5.98
38,87,5,8.12
39,87,5,7.6
40,87,5,7.09
41,87,5,7.43
42,87,5,6.8
43,87,5,6.57
44,87,5,6.97
45,87,5,7.33
46,87,5,6.5
47,87,5,6.22
48,87,5,7.45
49,87,5,8.13
50,87,5,7.41
51,87,5,6.42
52,87,5,6.88
53,87,5,6.98
54,87,5,7.29
55,87,5,6.75
56,87,5,7.01
57,87,5,8.69
58,87,5,6.52
59,87,5,7.74
60,87,5,6.14
61,87,5,8.01
62,87,5,9.39
63,87,5,8.2
64,87,5,7.19
65,87,5,8.26
66,87,5,7.48
67,87,5,6.91
68,87,5,6.67
69,87,5,6.52
70,87,5,6.97
71,87,5,6.92
72,87,5,6.56
73,87,5,7.82
74,87,5,5.62
75,87,5,7.39
76,87,5,8.63
77,87,5,6.91
78,87,5,7.47
79,87,5,8.04
80,87,5,7.77
81,87,5,7.49
82,87,5,7.42
83,87,5,6.73
84,87,5,7.3
85,87,5,7.89
86,87,5,7.5
87,87,5,8.09
88,87,5,8.74
89,87,5,5.46
90,87,5,7.12
91,87,5,7.25
92,87,5,8.38
93,87,5,7.55
94,87,5,7.54
95,87,5,6.65
96,87,5,8.3
97,87,5,7.19
98,87,5,8.29
99,87,5,7.81
0,88,5,7.73
1,88,5,6.89
2,88,5,6.98
3,88,5,6.77
4,88,5,7.1
5,88,5,7.79
6,88,5,7.71
7,88,5,8.4
8,88,5,7.14
9,88,5,5.0
10,88,5,8.56
11,88,5,7.56
12,88,5,6.1
13,88,5,6.71
14,88,5,7.28
15,88,5,8.74
16,88,5,8.27
17,88,5,7.04
18,88,5,7.54
19,88,5,7.41
20,88,5,7.72
21,88,5,7.28
22,88,5,9.19
23,88,5,7.39
24,88,5,7.12
25,88,5,7.15
26,88,5,7.46
27,88,5,7.63
28,88,5,7.87
29,88,5,9.12
30,88,5,5.64
31,88,5,6.76
32,88,5,8.62
33,88,5,8.01
34,88,5,8.47
35,88,5,6.68
36,88,5,7.52
37,88,5,6.13
38,88,5,6.44
39,88,5,6.29
40,88,5,9.0
41,88,5,7.05
42,88,5,5.82
43,88,5,8.09
44,88,5,7.57
45,88,5,8.53
46,88,5,7.89
47,88,5,8.16
48,88,5,9.38
49,88,5,7.02
50,88,5,8.4
51,88,5,6.34
52,88,5,6.82
53,88,5,9.85
54,88,5,8.8
55,88,5,6.61
56,88,5,8.17
57,88,5,5.71
58,88,5,7.68
59,88,5,6.44
60,88,5,7.11
61,88,5,6.95
62,88,5,7.2
63,88,5,6.36
64,88,5,7.7
65,88,5,8.66
66,88,5,5.76
67,88,5,7.57
68,88,5,7.01
69,88,5,4.94
70,88,5,6.76
71,88,5,7.89
72,88,5,5.7
73,88,5,7.64
74,88,5,6.85
75,88,5,6.19
76,88,5,8.22
77,88,5,8.23
78,88,5,6.13
79,88,5,7.69
80,88,5,6.68
81,88,5,9.23
82,88,5,7.22
83,88,5,6.63
84,88,5,5.83
85,88,5,7.24
86,88,5,7.11
87,88,5,6.31
88,88,5,8.25
89,88,5,7.12
90,88,5,7.79
91,88,5,8.34
92,88,5,7.64
93,88,5,6.16
94,88,5,6.78
95,88,5,6.69
96,88,5,6.01
97,88,5,6.4
98,88,5,7.51
99,88,5,8.6
0,89,5,6.46
1,89,5,5.68
2,89,5,7.33
3,89,5,7.74
4,89,5,6.63
5,89,5,7.68
6,89,5,8.44
7,89,5,7.1
8,89,5,8.19
9,89,5,7.44
10,89,5,6.39
11,89,5,7.8
12,89,5,6.59
13,89,5,8.49
14,89,5,5.85
15,89,5,7.03
16,89,5,6.79
17,89,5,8.25
18,89,5,8.01
19,89,5,7.28
20,89,5,7.26
21,89,5,6.45
22,89,5,8.02
23,89,5,8.33
24,89,5,6.32
25,89,5,8.28
26,89,5,7.29
27,89,5,8.25
28,89,5,7.46
29,89,5,7.13
30,89,5,7.09
31,89,5,7.25
32,89,5,7.55
33,89,5,7.25
34,89,5,4.96
35,89,5,8.61
36,89,5,8.72
37,89,5,6.74
38,89,5,5.53
39,89,5,8.12
40,89,5,7.87
41,89,5,6.53
42,89,5,6.29
43,89,5,7.69
44,89,5,8.17
45,89,5,7.89
46,89,5,7.05
47,89,5,6.37
48,89,5,6.24
49,89,5,5.64
50,89,5,7.28
51,89,5,6.33
52,89,5,8.16
53,89,5,8.6
54,89,5,6.06
55,89,5,7.03
56,89,5,7.07
57,89,5,8.13
58,89,5,7.08
59,89,5,6.39
60,89,5,8.24
61,89,5,7.75
62,89,5,6.18
63,89,5,7.88
64,89,5,7.55
65,89,5,7.2
66,89,5,8.08
67,89,5,8.18
68,89,5,7.34
69,89,5,7.17
70,89,5,7.75
71,89,5,8.8
72,89,5,7.03
73,89,5,7.52
74,89,5,8.47
75,89,5,7.63
76,89,5,7.21
77,89,5,9.01
78,89,5,7.4
79,89,5,9.08
80,89,5,7.38
81,89,5,7.77
82,89,5,7.32
83,89,5,6.11
84,89,5,6.98
85,89,5,7.15
86,89,5,6.69
87,89,5,6.8
88,89,5,8.33
89,89,5,7.52
90,89,5,8.57
91,89,5,9.07
92,89,5,7.83
93,89,5,5.45
94,89,5,7.62
95,89,5,7.05
96,89,5,7.15
97,89,5,6.24
98,89,5,6.76
99,89,5,6.44
0,90,5,6.83
1,90,5,7.77
2,90,5,7.28
3,90,5,6.5
4,90,5,6.58
5,90,5,6.78
6,90,5,6.87
7,90,5,7.75
8,90,5,7.77
9,90,5,7.36
10,90,5,5.87
11,90,5,5.91
12,90,5,7.62
13,90,5,8.58
14,90,5,5.83
15,90,5,9.13
16,90,5,7.5
17,90,5,7.83
18,90,5,9.75
19,90,5,7.23
20,90,5,7.23
21,90,5,8.88
22,90,5,6.74
23,90,5,7.62
24,90,5,7.59
25,90,5,7.33
26,90,5,6.06
27,90,5,5.52
28,90,5,9.05
29,90,5,7.57
30,90,5,7.64
31,90,5,8.42
32,90,5,6.14
33,90,5,9.43
34,90,5,6.85
35,90,5,7.88
36,90,5,7.59
37,90,5,6.92
38,90,5,6.04
39,90,5,7.64
40,90,5,7.69
41,90,5,7.16
42,90,5,8.13
43,90,5,7.0
44,90,5,6.48
45,90,5,6.76
46,90,5,7.18
47,90,5,7.93
48,90,5,6.83
49,90,5,7.0
50,90,5,7.35
51,90,5,6.78
52,90,5,8.26
53,90,5,8.02
54,90,5,7.06
55,90,5,7.38
56,90,5,8.82
57,90,5,7.24
58,90,5,8.18
59,90,5,8.1
60,90,5,6.79
61,90,5,7.85
62,90,5,7.22
63,90,5,6.83
64,90,5,8.18
65,90,5,10.02
66,90,5,6.85
67,90,5,6.49
68,90,5,7.27
69,90,5,7.07
70,90,5,6.75
71,90,5,6.59
72,90,5,5.51
73,90,5,8.15
74,90,5,6.56
75,90,5,6.68
76,90,5,8.13
77,90,5,7.92
78,90,5,7.47
79,90,5,7.03
80,90,5,7.13
81,90,5,9.14
82,90,5,6.31
83,90,5,5.2
84,90,5,7.41
85,90,5,7.05
86,90,5,7.01
87,90,5,7.9
88,90,5,7.02
89,90,5,8.21
90,90,5,8.16
91,90,5,5.5
92,90,5,7.92
93,90,5,7.32
94,90,5,7.06
95,90,5,7.1
96,90,5,6.64
97,90,5,7.19
98,90,5,6.25
99,90,5,6.72
0,91,5,6.54
1,91,5,7.83
2,91,5,7.68
3,91,5,8.09
4,91,5,6.48
5,91,5,7.61
6,91,5,7.26
7,91,5,7.21
8,91,5,7.58
9,91,5,7.45
10,91,5,7.7
11,91,5,7.89
12,91,5,7.41
13,91,5,7.63
14,91,5,8.24
15,91,5,6.85
16,91,5,7.34
17,91,5,8.79
18,91,5,7.67
19,91,5,7.97
20,91,5,6.08
21,91,5,8.49
22,91,5,10.78
23,91,5,6.2
24,91,5,6.12
25,91,5,6.17
26,91,5,8.0
27,91,5,7.39
28,91,5,8.12
29,91,5,5.24
30,91,5,6.79
31,91,5,7.94
32,91,5,6.96
33,91,5,7.82
34,91,5,7.56
35,91,5,7.65
36,91,5,7.09
37,91,5,8.78
38,91,5,6.06
39,91,5,7.43
40,91,5,6.01
41,91,5,8.39
42,91,5,9.45
43,91,5,8.37
44,91,5,6.75
45,91,5,7.07
46,91,5,6.25
47,91,5,7.43
48,91,5,6.5
49,91,5,6.55
50,91,5,7.3
51,91,5,7.68
52,91,5,7.7
53,91,5,6.89
54,91,5,7.09
55,91,5,8.56
56,91,5,7.42
57,91,5,7.38
58,91,5,6.34
59,91,5,6.41
60,91,5,6.49
61,91,5,8.56
62,91,5,7.45
63,91,5,8.09
64,91,5,7.95
65,91,5,6.89
66,91,5,6.82
67,91,5,7.03
68,91,5,7.42
69,91,5,6.66
70,91,5,5.84
71,91,5,7.61
72,91,5,6.5
73,91,5,6.97
74,91,5,8.91
75,91,5,6.11
76,91,5,6.9
77,91,5,7.26
78,91,5,8.61
79,91,5,8.08
80,91,5,7.53
81,91,5,6.82
82,91,5,7.58
83,91,5,8.21
84,91,5,6.44
85,91,5,6.64
86,91,5,7.09
87,91,5,8.11
88,91,5,7.06
89,91,5,7.99
90,91,5,7.07
91,91,5,7.65
92,91,5,7.06
93,91,5,6.61
94,91,5,7.05
95,91,5,7.72
96,91,5,5.34
97,91,5,5.92
98,91,5,7.73
99,91,5,6.98
0,92,5,7.48
1,92,5,6.21
2,92,5,7.04
3,92,5,7.68
4,92,5,8.91
5,92,5,6.64
6,92,5,7.26
7,92,5,7.4
8,92,5,6.7
9,92,5,7.57
10,92,5,7.67
11,92,5,7.5
12,92,5,8.44
13,92,5,9.48
14,92,5,6.39
15,92,5,7.17
16,92,5,7.87
17,92,5,7.73
18,92,5,5.88
19,92,5,6.36
20,92,5,7.16
21,92,5,6.83
22,92,5,7.86
23,92,5,8.48
24,92,5,8.17
25,92,5,9.2
26,92,5,6.85
27,92,5,6.04
28,92,5,8.6
29,92,5,7.01
30,92,5,7.23
31,92,5,8.27
32,92,5,6.93
33,92,5,6.82
34,92,5,7.36
35,92,5,6.4
36,92,5,5.58
37,92,5,6.63
38,92,5,7.79
39,92,5,7.48
40,92,5,6.7
41,92,5,6.38
42,92,5,8.25
43,92,5,6.59
44,92,5,7.79
45,92,5,6.79
46,92,5,5.93
47,92,5,7.04
48,92,5,4.72
49,92,5,8.19
50,92,5,8.07
51,92,5,8.68
52,92,5,7.07
53,92,5,9.07
54,92,5,6.62
55,92,5,8.25
56,92,5,6.45
57,92,5,6.7
58,92,5,9.12
59,92,5,5.39
60,92,5,6.52
61,92,5,8.65
62,92,5,6.82
63,92,5,7.52
64,92,5,8.04
65,92,5,6.08
66,92,5,8.4
67,92,5,5.34
68,92,5,7.63
69,92,5,7.31
70,92,5,6.78
71,92,5,8.86
72,92,5,7.43
73,92,5,4.64
74,92,5,7.27
75,92,5,6.01
76,92,5,8.51
77,92,5,9.17
78,92,5,7.54
79,92,5,8.29
80,92,5,7.44
81,92,5,8.05
82,92,5,7.3
83,92,5,6.74
84,92,5,6.08
85,92,5,8.71
86,92,5,7.59
87,92,5,7.79
88,92,5,7.8
89,92,5,7.83
90,92,5,8.39
91,92,5,7.61
92,92,5,9.98
93,92,5,6.79
94,92,5,6.6
95,92,5,8.38
96,92,5,6.01
97,92,5,6.94
98,92,5,7.62
99,92,5,5.77
0,93,5,7.6
1,93,5,7.25
2,93,5,9.14
3,93,5,7.29
4,93,5,6.49
5,93,5,7.21
6,93,5,7.32
7,93,5,5.5
8,93,5,7.67
9,93,5,6.61
10,93,5,8.87
11,93,5,7.31
12,93,5,5.3
13,93,5,9.95
14,93,5,6.45
15,93,5,9.42
16,93,5,7.9
17,93,5,7.27
18,93,5,7.22
19,93,5,7.82
20,93,5,9.35
21,93,5,6.36
22,93,5,6.8
23,93,5,7.12
24,93,5,7.47
25,93,5,7.58
26,93,5,8.85
27,93,5,7.68
28,93,5,6.69
29,93,5,8.33
30,93,5,7.64
31,93,5,6.44
32,93,5,7.93
33,93,5,7.8
34,93,5,7.58
35,93,5,9.06
36,93,5,8.54
37,93,5,7.42
38,93,5,7.8
39,93,5,6.46
40,93,5,7.79
41,93,5,7.27
42,93,5,5.28
43,93,5,5.97
44,93,5,6.74
45,93,5,8.15
46,93,5,8.5
47,93,5,6.79
48,93,5,7.97
49,93,5,5.92
50,93,5,7.23
51,93,5,9.02
52,93,5,5.8
53,93,5,7.88
54,93,5,7.39
55,93,5,7.73
56,93,5,8.57
57,93,5,7.23
58,93,5,7.81
59,93,5,7.44
60,93,5,6.9
61,93,5,6.38
62,93,5,6.92
63,93,5,7.42
64,93,5,8.22
65,93,5,6.85
66,93,5,7.16
67,93,5,8.52
68,93,5,7.08
69,93,5,8.6
70,93,5,6.33
71,93,5,6.87
72,93,5,6.49
73,93,5,6.95
74,93,5,6.42
75,93,5,7.48
76,93,5,7.6
77,93,5,6.88
78,93,5,8.13
79,93,5,6.63
80,93,5,6.18
81,93,5,7.41
82,93,5,6.45
83,93,5,6.43
84,93,5,8.04
85,93,5,6.66
86,93,5,8.04
87,93,5,7.78
88,93,5,8.04
89,93,5,7.7
90,93,5,7.84
91,93,5,7.85
92,93,5,4.86
93,93,5,7.36
94,93,5,6.31
95,93,5,8.37
96,93,5,7.4
97,93,5,8.27
98,93,5,8.11
99,93,5,9.72
0,94,5,8.83
1,94,5,6.93
2,94,5,6.94
3,94,5,7.22
4,94,5,6.96
5,94,5,6.72
6,94,5,6.21
7,94,5,7.21
8,94,5,6.97
9,94,5,7.27
10,94,5,8.34
11,94,5,7.57
12,94,5,7.99
13,94,5,7.43
14,94,5,7.2
15,94,5,8.01
16,94,5,8.38
17,94,5,7.38
18,94,5,8.69
19,94,5,6.16
20,94,5,8.74
21,94,5,7.04
22,94,5,7.24
23,94,5,8.31
24,94,5,6.39
25,94,5,7.76
26,94,5,7.76
27,94,5,6.34
28,94,5,6.37
29,94,5,5.9
30,94,5,8.12
31,94,5,6.63
32,94,5,7.47
33,94,5,6.82
34,94,5,7.94
35,94,5,7.5
36,94,5,8.53
37,94,5,6.3
38,94,5,7.66
39,94,5,7.49
40,94,5,7.15
41,94,5,8.57
42,94,5,6.7
43,94,5,7.32
44,94,5,6.34
45,94,5,5.98
46,94,5,6.36
47,94,5,6.49
48,94,5,8.19
49,94,5,6.9
50,94,5,7.34
51,94,5,9.03
52,94,5,6.54
53,94,5,6.58
54,94,5,7.92
55,94,5,7.32
56,94,5,6.92
57,94,5,8.71
58,94,5,8.57
59,94,5,6.95
60,94,5,7.67
61,94,5,7.13
62,94,5,7.16
63,94,5,8.55
64,94,5,7.11
65,94,5,6.69
66,94,5,6.21
67,94,5,6.02
68,94,5,8.62
69,94,5,7.89
70,94,5,6.85
71,94,5,7.2
72,94,5,7.66
73,94,5,8.44
74,94,5,6.17
75,94,5,6.12
76,94,5,7.85
77,94,5,7.2
78,94,5,9.14
79,94,5,7.71
80,94,5,8.84
81,94,5,6.54
82,94,5,4.38
83,94,5,9.62
84,94,5,8.08
85,94,5,7.91
86,94,5,7.9
87,94,5,5.49
88,94,5,8.07
89,94,5,7.08
90,94,5,6.63
91,94,5,7.79
92,94,5,6.88
93,94,5,7.98
94,94,5,6.09
95,94,5,8.38
96,94,5,6.02
97,94,5,7.58
98,94,5,7.58
99,94,5,6.51
0,95,5,9.17
1,95,5,8.19
2,95,5,8.76
3,95,5,7.4
4,95,5,7.33
5,95,5,5.03
6,95,5,7.78
7,95,5,7.13
8,95,5,5.66
9,95,5,6.94
10,95,5,8.19
11,95,5,6.52
12,95,5,8.25
13,95,5,6.54
14,95,5,7.31
15,95,5,8.5
16,95,5,7.15
17,95,5,8.11
18,95,5,6.59
19,95,5,6.2
20,95,5,6.42
21,95,5,7.41
22,95,5,6.39
23,95,5,7.74
24,95,5,8.75
25,95,5,7.56
26,95,5,7.12
27,95,5,6.91
28,95,5,8.02
29,95,5,7.76
30,95,5,5.84
31,95,5,9.34
32,95,5,6.4
33,95,5,6.49
34,95,5,7.97
35,95,5,7.66
36,95,5,7.77
37,95,5,7.96
38,95,5,6.03
39,95,5,7.36
40,95,5,7.22
41,95,5,8.45
42,95,5,7.37
43,95,5,7.48
44,95,5,8.24
45,95,5,6.44
46,95,5,5.76
47,95,5,7.63
48,95,5,6.54
49,95,5,7.63
50,95,5,8.17
51,95,5,7.49
52,95,5,7.8
53,95,5,8.81
54,95,5,6.88
55,95,5,6.75
56,95,5,5.32
57,95,5,7.72
58,95,5,7.11
59,95,5,7.74
60,95,5,7.02
61,95,5,8.27
62,95,5,6.2
63,95,5,6.48
64,95,5,7.0
65,95,5,6.09
66,95,5,7.24
67,95,5,7.49
68,95,5,5.47
69,95,5,5.54
70,95,5,6.63
71,95,5,6.82
72,95,5,7.29
73,95,5,7.14
74,95,5,7.9
75,95,5,5.72
76,95,5,6.74
77,95,5,7.78
78,95,5,7.11
79,95,5,7.53
80,95,5,7.31
81,95,5,6.42
82,95,5,6.96
83,95,5,7.96
84,95,5,8.07
85,95,5,5.53
86,95,5,7.59
87,95,5,7.11
88,95,5,7.89
89,95,5,6.45
90,95,5,7.29
91,95,5,7.36
92,95,5,8.77
93,95,5,6.72
94,95,5,8.4
95,95,5,7.44
96,95,5,7.51
97,95,5,6.52
98,95,5,6.86
99,95,5,7.79
0,96,5,7.32
1,96,5,8.15
2,96,5,7.05
3,96,5,6.94
4,96,5,8.04
5,96,5,7.49
6,96,5,6.07
7,96,5,7.0
8,96,5,7.05
9,96,5,7.69
10,96,5,6.52
11,96,5,8.65
12,96,5,8.07
13,96,5,7.0
14,96,5,7.86
15,96,5,7.95
16,96,5,7.92
17,96,5,7.44
18,96,5,8.53
19,96,5,5.79
20,96,5,6.15
21,96,5,8.32
22,96,5,6.13
23,96,5,6.53
24,96,5,6.89
25,96,5,7.51
26,96,5,9.12
27,96,5,7.57
28,96,5,6.72
29,96,5,9.82
30,96,5,6.82
31,96,5,6.49
32,96,5,6.69
33,96,5,6.91
34,96,5,7.25
35,96,5,7.34
36,96,5,7.51
37,96,5,9.4
38,96,5,6.68
39,96,5,7.19
40,96,5,8.68
41,96,5,6.58
42,96,5,8.37
43,96,5,7.57
44,96,5,8.1
45,96,5,6.95
46,96,5,7.4
47,96,5,5.95
48,96,5,8.67
49,96,5,7.71
50,96,5,6.72
51,96,5,7.45
52,96,5,7.12
53,96,5,7.28
54,96,5,7.12
55,96,5,7.9
56,96,5,7.26
57,96,5,7.36
58,96,5,7.18
59,96,5,9.01
60,96,5,7.29
61,96,5,6.9
62,96,5,6.33
63,96,5,7.45
64,96,5,7.56
65,96,5,7.94
66,96,5,6.29
67,96,5,7.97
68,96,5,7.41
69,96,5,8.8
70,96,5,7.62
71,96,5,9.4
72,96,5,7.66
73,96,5,7.14
74,96,5,6.38
75,96,5,6.9
76,96,5,7.68
77,96,5,7.93
78,96,5,7.25
79,96,5,6.92
80,96,5,7.88
81,96,5,8.96
82,96,5,6.52
83,96,5,6.02
84,96,5,7.24
85,96,5,7.73
86,96,5,6.85
87,96,5,7.19
88,96,5,6.93
89,96,5,7.4
90,96,5,7.93
91,96,5,7.55
92,96,5,6.12
93,96,5,6.58
94,96,5,6.78
95,96,5,6.04
96,96,5,8.13
97,96,5,6.39
98,96,5,6.13
99,96,5,7.83
0,97,5,7.15
1,97,5,7.32
2,97,5,7.69
3,97,5,6.37
4,97,5,9.06
5,97,5,7.92
6,97,5,6.66
7,97,5,8.69
8,97,5,7.8
9,97,5,6.79
10,97,5,6.84
11,97,5,10.07
12,97,5,7.92
13,97,5,7.47
14,97,5,9.32
15,97,5,8.82
16,97,5,8.05
17,97,5,6.94
18,97,5,6.3
19,97,5,8.83
20,97,5,6.77
21,97,5,8.29
22,97,5,8.58
23,97,5,6.47
24,97,5,8.77
25,97,5,5.85
26,97,5,7.21
27,97,5,6.85
28,97,5,7.49
29,97,5,6.89
30,97,5,8.67
31,97,5,8.5
32,97,5,8.09
33,97,5,6.46
34,97,5,7.41
35,97,5,8.85
36,97,5,7.94
37,97,5,6.91
38,97,5,5.68
39,97,5,7.09
40,97,5,6.24
41,97,5,6.99
42,97,5,6.33
43,97,5,7.94
44,97,5,6.63
45,97,5,7.26
46,97,5,7.37
47,97,5,7.64
48,97,5,7.78
49,97,5,7.76
50,97,5,4.76
51,97,5,7.57
52,97,5,8.64
53,97,5,6.73
54,97,5,7.81
55,97,5,6.8
56,97,5,9.51
57,97,5,7.36
58,97,5,6.84
59,97,5,7.96
60,97,5,6.57
61,97,5,7.33
62,97,5,6.13
63,97,5,6.76
64,97,5,7.16
65,97,5,6.98
66,97,5,7.18
67,97,5,7.62
68,97,5,7.74
69,97,5,10.1
70,97,5,7.46
71,97,5,7.4
72,97,5,7.86
73,97,5,5.62
74,97,5,8.14
75,97,5,8.11
76,97,5,5.16
77,97,5,7.38
78,97,5,7.06
79,97,5,6.6
80,97,5,6.71
81,97,5,4.94
82,97,5,6.94
83,97,5,8.39
84,97,5,8.27
85,97,5,6.57
86,97,5,7.81
87,97,5,6.18
88,97,5,4.59
89,97,5,9.43
90,97,5,5.68
91,97,5,7.64
92,97,5,7.4
93,97,5,8.06
94,97,5,7.63
95,97,5,5.94
96,97,5,8.4
97,97,5,8.23
98,97,5,8.24
99,97,5,6.34
0,98,5,9.21
1,98,5,6.59
2,98,5,7.84
3,98,5,6.87
4,98,5,7.75
5,98,5,8.69
6,98,5,7.65
7,98,5,5.98
8,98,5,6.96
9,98,5,5.44
10,98,5,7.65
11,98,5,5.91
12,98,5,5.56
13,98,5,7.14
14,98,5,8.06
15,98,5,7.04
16,98,5,6.53
17,98,5,8.47
18,98,5,7.68
19,98,5,6.85
20,98,5,6.88
21,98,5,7.99
22,98,5,7.57
23,98,5,7.93
24,98,5,6.3
25,98,5,6.51
26,98,5,7.19
27,98,5,5.68
28,98,5,5.18
29,98,5,5.91
30,98,5,6.87
31,98,5,6.81
32,98,5,6.38
33,98,5,9.28
34,98,5,7.79
35,98,5,7.73
36,98,5,6.98
37,98,5,6.77
38,98,5,6.88
39,98,5,7.71
40,98,5,5.34
41,98,5,7.06
42,98,5,6.34
43,98,5,5.41
44,98,5,6.09
45,98,5,7.58
46,98,5,8.38
47,98,5,6.34
48,98,5,8.07
49,98,5,6.96
50,98,5,6.53
51,98,5,8.36
52,98,5,7.7
53,98,5,7.45
54,98,5,7.6
55,98,5,6.78
56,98,5,7.72
57,98,5,7.2
58,98,5,7.0
59,98,5,6.3
60,98,5,7.43
61,98,5,6.38
62,98,5,8.41
63,98,5,5.79
64,98,5,6.43
65,98,5,7.33
66,98,5,8.61
67,98,5,7.78
68,98,5,7.59
69,98,5,6.88
70,98,5,7.46
71,98,5,7.09
72,98,5,8.27
73,98,5,7.15
74,98,5,8.97
75,98,5,7.15
76,98,5,7.21
77,98,5,9.0
78,98,5,7.48
79,98,5,7.38
80,98,5,7.72
81,98,5,8.05
82,98,5,8.51
83,98,5,7.37
84,98,5,8.84
85,98,5,8.21
86,98,5,8.08
87,98,5,7.48
88,98,5,7.66
89,98,5,5.31
90,98,5,5.96
91,98,5,6.2
92,98,5,5.63
93,98,5,8.19
94,98,5,6.86
95,98,5,9.67
96,98,5,5.82
97,98,5,5.4
98,98,5,8.02
99,98,5,5.48
0,99,5,7.6
1,99,5,7.25
2,99,5,7.1
3,99,5,7.04
4,99,5,7.57
5,99,5,8.43
6,99,5,6.45
7,99,5,6.54
8,99,5,7.84
9,99,5,8.02
10,99,5,5.91
11,99,5,7.17
12,99,5,7.68
13,99,5,6.51
14,99,5,5.69
15,99,5,6.31
16,99,5,8.21
17,99,5,7.66
18,99,5,7.1
19,99,5,8.15
20,99,5,6.56
21,99,5,8.78
22,99,5,8.5
23,99,5,9.11
24,99,5,7.4
25,99,5,6.52
26,99,5,6.45
27,99,5,6.66
28,99,5,6.49
29,99,5,8.96
30,99,5,7.1
31,99,5,7.87
32,99,5,9.48
33,99,5,10.15
34,99,5,7.99
35,99,5,7.82
36,99,5,7.58
37,99,5,8.16
38,99,5,8.47
39,99,5,7.49
40,99,5,7.66
41,99,5,6.62
42,99,5,7.87
43,99,5,7.03
44,99,5,8.23
45,99,5,7.19
46,99,5,6.15
47,99,5,6.69
48,99,5,7.58
49,99,5,7.37
50,99,5,7.09
51,99,5,5.92
52,99,5,7.69
53,99,5,7.17
54,99,5,8.43
55,99,5,8.87
56,99,5,9.31
57,99,5,8.08
58,99,5,8.17
59,99,5,6.72
60,99,5,5.48
61,99,5,7.9
62,99,5,8.3
63,99,5,7.76
64,99,5,8.05
65,99,5,7.76
66,99,5,7.74
67,99,5,7.79
68,99,5,7.06
69,99,5,8.02
70,99,5,7.54
71,99,5,5.94
72,99,5,8.8
73,99,5,6.33
74,99,5,6.79
75,99,5,6.65
76,99,5,6.5
77,99,5,9.14
78,99,5,7.89
79,99,5,5.65
80,99,5,6.39
81,99,5,9.23
82,99,5,8.43
83,99,5,7.1
84,99,5,6.62
85,99,5,7.71
86,99,5,6.78
87,99,5,6.21
88,99,5,6.64
89,99,5,8.76
90,99,5,7.25
91,99,5,7.17
92,99,5,7.31
93,99,5,7.45
94,99,5,8.07
95,99,5,6.92
96,99,5,7.38
97,99,5,6.45
98,99,5,7.24
99,99,5,6.91
0,0,6,6.61
1,0,6,7.74
2,0,6,7.4
3,0,6,7.7
4,0,6,7.12
5,0,6,8.45
6,0,6,7.47
7,0,6,7.21
8,0,6,6.81
9,0,6,9.39
10,0,6,7.29
11,0,6,6.7
12,0,6,6.83
13,0,6,7.81
14,0,6,6.03
15,0,6,7.63
16,0,6,6.69
17,0,6,7.76
18,0,6,6.61
19,0,6,6.12
20,0,6,7.68
21,0,6,7.03
22,0,6,7.35
23,0,6,7.82
24,0,6,6.28
25,0,6,7.95
26,0,6,8.16
27,0,6,6.71
28,0,6,7.67
29,0,6,6.76
30,0,6,8.1
31,0,6,7.21
32,0,6,6.62
33,0,6,9.04
34,0,6,7.31
35,0,6,6.53
36,0,6,5.35
37,0,6,6.88
38,0,6,8.07
39,0,6,6.46
40,0,6,8.12
41,0,6,7.97
42,0,6,6.64
43,0,6,6.47
44,0,6,8.17
45,0,6,6.91
46,0,6,7.41
47,0,6,8.62
48,0,6,7.34
49,0,6,7.43
50,0,6,7.95
51,0,6,7.84
52,0,6,7.21
53,0,6,6.89
54,0,6,8.41
55,0,6,7.26
56,0,6,8.24
57,0,6,7.14
58,0,6,9.39
59,0,6,5.64
60,0,6,6.26
61,0,6,7.09
62,0,6,6.47
63,0,6,7.74
64,0,6,7.22
65,0,6,8.09
66,0,6,8.43
67,0,6,8.55
68,0,6,7.18
69,0,6,8.03
70,0,6,8.76
71,0,6,7.34
72,0,6,8.16
73,0,6,6.29
74,0,6,6.32
75,0,6,5.55
76,0,6,6.86
77,0,6,6.44
78,0,6,8.1
79,0,6,9.19
80,0,6,5.39
81,0,6,6.64
82,0,6,6.23
83,0,6,7.88
84,0,6,5.13
85,0,6,6.42
86,0,6,7.53
87,0,6,8.27
88,0,6,6.53
89,0,6,7.75
90,0,6,9.78
91,0,6,7.9
92,0,6,6.54
93,0,6,8.18
94,0,6,6.04
95,0,6,7.91
96,0,6,6.34
97,0,6,7.69
98,0,6,7.4
99,0,6,6.28
0,1,6,8.39
1,1,6,7.92
2,1,6,6.2
3,1,6,9.49
4,1,6,7.66
5,1,6,7.97
6,1,6,6.27
7,1,6,7.87
8,1,6,7.27
9,1,6,8.06
10,1,6,8.48
11,1,6,6.81
12,1,6,4.86
13,1,6,7.18
14,1,6,6.96
15,1,6,8.03
16,1,6,7.66
17,1,6,6.86
18,1,6,6.87
19,1,6,8.01
20,1,6,8.62
21,1,6,8.58
22,1,6,5.32
23,1,6,6.11
24,1,6,7.19
25,1,6,7.66
26,1,6,7.43
27,1,6,7.05
28,1,6,7.35
29,1,6,7.38
30,1,6,6.99
31,1,6,8.62
32,1,6,7.71
33,1,6,7.79
34,1,6,6.35
35,1,6,8.97
36,1,6,8.06
37,1,6,7.17
38,1,6,6.74
39,1,6,6.48
40,1,6,8.03
41,1,6,7.42
42,1,6,6.03
43,1,6,5.95
44,1,6,7.75
45,1,6,8.05
46,1,6,6.44
47,1,6,6.83
48,1,6,6.89
49,1,6,7.75
50,1,6,6.39
51,1,6,6.27
52,1,6,8.18
53,1,6,7.37
54,1,6,7.12
55,1,6,6.97
56,1,6,7.26
57,1,6,6.35
58,1,6,7.99
59,1,6,6.57
60,1,6,6.69
61,1,6,7.42
62,1,6,5.38
63,1,6,7.8
64,1,6,7.8
65,1,6,6.9
66,1,6,8.4
67,1,6,8.28
68,1,6,7.09
69,1,6,6.65
70,1,6,5.22
71,1,6,7.44
72,1,6,7.19
73,1,6,6.17
74,1,6,7.98
75,1,6,7.5
76,1,6,7.96
77,1,6,6.99
78,1,6,6.82
79,1,6,6.72
80,1,6,6.99
81,1,6,9.05
82,1,6,5.92
83,1,6,6.45
84,1,6,7.57
85,1,6,6.61
86,1,6,6.88
87,1,6,5.64
88,1,6,6.91
89,1,6,7.01
90,1,6,6.93
91,1,6,7.06
92,1,6,5.36
93,1,6,7.4
94,1,6,6.91
95,1,6,7.14
96,1,6,6.26
97,1,6,8.42
98,1,6,8.15
99,1,6,7.23
0,2,6,8.1
1,2,6,5.97
2,2,6,6.28
3,2,6,7.75
4,2,6,7.57
5,2,6,8.43
6,2,6,6.42
7,2,6,5.07
8,2,6,6.22
9,2,6,7.74
10,2,6,8.56
11,2,6,8.92
12,2,6,8.01
13,2,6,6.15
14,2,6,7.09
15,2,6,5.49
16,2,6,7.11
17,2,6,7.28
18,2,6,7.14
19,2,6,7.47
20,2,6,7.05
21,2,6,8.02
22,2,6,5.58
23,2,6,7.93
24,2,6,8.25
25,2,6,6.38
26,2,6,5.67
27,2,6,5.63
28,2,6,7.23
29,2,6,6.71
30,2,6,7.44
31,2,6,8.02
32,2,6,6.07
33,2,6,9.71
34,2,6,7.94
35,2,6,8.19
36,2,6,6.19
37,2,6,6.08
38,2,6,6.35
39,2,6,8.59
40,2,6,6.33
41,2,6,8.29
42,2,6,8.17
43,2,6,7.09
44,2,6,7.27
45,2,6,7.68
46,2,6,7.65
47,2,6,7.74
48,2,6,7.59
49,2,6,6.83
50,2,6,8.84
51,2,6,6.7
52,2,6,7.05
53,2,6,6.46
54,2,6,7.58
55,2,6,7.65
56,2,6,7.37
57,2,6,7.35
58,2,6,8.38
59,2,6,6.36
60,2,6,7.45
61,2,6,7.95
62,2,6,7.23
63,2,6,7.15
64,2,6,7.66
65,2,6,6.17
66,2,6,7.16
67,2,6,6.37
68,2,6,6.89
69,2,6,5.9
70,2,6,7.08
71,2,6,8.66
72,2,6,6.74
73,2,6,6.71
74,2,6,6.53
75,2,6,6.66
76,2,6,6.56
77,2,6,6.94
78,2,6,7.74
79,2,6,6.55
80,2,6,6.43
81,2,6,7.3
82,2,6,7.65
83,2,6,7.45
84,2,6,7.88
85,2,6,8.45
86,2,6,8.86
87,2,6,8.52
88,2,6,7.12
89,2,6,7.61
90,2,6,7.86
91,2,6,6.39
92,2,6,7.93
93,2,6,7.91
94,2,6,7.67
95,2,6,7.16
96,2,6,5.7
97,2,6,8.23
98,2,6,9.28
99,2,6,6.74
0,3,6,7.22
1,3,6,7.32
2,3,6,9.79
3,3,6,8.35
4,3,6,7.63
5,3,6,5.41
6,3,6,6.86
7,3,6,8.29
8,3,6,6.51
9,3,6,7.97
10,3,6,6.74
11,3,6,7.12
12,3,6,7.08
13,3,6,7.98
14,3,6,7.82
15,3,6,6.95
16,3,6,7.06
17,3,6,7.42
18,3,6,8.21
19,3,6,8.02
20,3,6,7.27
21,3,6,6.72
22,3,6,8.68
23,3,6,7.61
24,3,6,7.08
25,3,6,6.39
26,3,6,5.6
27,3,6,6.76
28,3,6,8.92
29,3,6,7.89
30,3,6,7.92
31,3,6,8.77
32,3,6,6.77
33,3,6,6.69
34,3,6,8.07
35,3,6,7.12
36,3,6,7.99
37,3,6,8.85
38,3,6,8.86
39,3,6,7.67
40,3,6,7.91
41,3,6,8.27
42,3,6,8.06
43,3,6,7.92
44,3,6,6.33
45,3,6,7.08
46,3,6,7.91
47,3,6,7.51
48,3,6,7.13
49,3,6,6.79
50,3,6,6.55
51,3,6,7.0
52,3,6,5.5
53,3,6,7.53
54,3,6,5.6
55,3,6,6.78
56,3,6,6.91
57,3,6,7.25
58,3,6,7.48
59,3,6,6.04
60,3,6,7.06
61,3,6,6.34
62,3,6,7.21
63,3,6,7.98
64,3,6,7.31
65,3,6,8.13
66,3,6,7.64
67,3,6,7.7
68,3,6,8.54
69,3,6,6.68
70,3,6,8.28
71,3,6,7.17
72,3,6,5.97
73,3,6,6.98
74,3,6,8.06
75,3,6,6.18
76,3,6,7.09
77,3,6,9.41
78,3,6,7.31
79,3,6,6.58
80,3,6,9.12
81,3,6,7.91
82,3,6,6.03
83,3,6,7.19
84,3,6,7.76
85,3,6,7.42
86,3,6,7.17
87,3,6,6.2
88,3,6,8.02
89,3,6,7.12
90,3,6,7.4
91,3,6,7.03
92,3,6,6.32
93,3,6,7.05
94,3,6,6.32
95,3,6,6.65
96,3,6,8.18
97,3,6,6.74
98,3,6,6.57
99,3,6,8.34
0,4,6,7.69
1,4,6,6.31
2,4,6,6.83
3,4,6,7.78
4,4,6,7.08
5,4,6,7.12
6,4,6,8.01
7,4,6,7.48
8,4,6,8.08
9,4,6,6.81
10,4,6,9.83
11,4,6,8.61
12,4,6,6.86
13,4,6,8.31
14,4,6,6.24
15,4,6,7.57
16,4,6,7.75
17,4,6,7.39
18,4,6,6.98
19,4,6,7.82
20,4,6,6.82
21,4,6,7.2
22,4,6,7.64
23,4,6,7.01
24,4,6,7.82
25,4,6,4.91
26,4,6,6.65
27,4,6,6.54
28,4,6,7.41
29,4,6,7.65
30,4,6,8.9
31,4,6,9.63
32,4,6,6.22
33,4,6,8.18
34,4,6,7.44
35,4,6,7.56
36,4,6,6.97
37,4,6,7.37
38,4,6,8.64
39,4,6,6.87
40,4,6,8.1
41,4,6,6.89
42,4,6,7.54
43,4,6,7.62
44,4,6,8.89
45,4,6,7.75
46,4,6,6.67
47,4,6,6.97
48,4,6,7.2
49,4,6,6.64
50,4,6,6.64
51,4,6,5.31
52,4,6,7.09
53,4,6,8.0
54,4,6,6.22
55,4,6,6.59
56,4,6,7.09
57,4,6,5.52
58,4,6,10.17
59,4,6,8.31
60,4,6,8.12
61,4,6,8.16
62,4,6,7.02
63,4,6,7.12
64,4,6,8.04
65,4,6,8.51
66,4,6,6.91
67,4,6,6.19
68,4,6,7.3
69,4,6,8.78
70,4,6,8.55
71,4,6,6.3
72,4,6,7.9
73,4,6,7.47
74,4,6,6.87
75,4,6,7.33
76,4,6,7.51
77,4,6,5.52
78,4,6,7.58
79,4,6,7.68
80,4,6,7.66
81,4,6,8.27
82,4,6,7.53
83,4,6,7.74
84,4,6,6.59
85,4,6,6.84
86,4,6,7.14
87,4,6,6.97
88,4,6,7.88
89,4,6,6.92
90,4,6,6.91
91,4,6,7.45
92,4,6,7.85
93,4,6,8.33
94,4,6,8.95
95,4,6,6.72
96,4,6,8.23
97,4,6,5.84
98,4,6,6.68
99,4,6,5.02
0,5,6,6.48
1,5,6,5.85
2,5,6,7.33
3,5,6,7.49
4,5,6,6.77
5,5,6,7.25
6,5,6,8.04
7,5,6,6.23
8,5,6,7.29
9,5,6,6.83
10,5,6,6.76
11,5,6,7.01
12,5,6,7.17
13,5,6,6.79
14,5,6,7.02
15,5,6,6.32
16,5,6,6.42
17,5,6,6.84
18,5,6,7.43
19,5,6,6.07
20,5,6,7.36
21,5,6,8.56
22,5,6,7.09
23,5,6,9.84
24,5,6,7.83
25,5,6,7.89
26,5,6,8.5
27,5,6,6.28
28,5,6,7.78
29,5,6,7.11
30,5,6,7.35
31,5,6,7.0
32,5,6,5.17
33,5,6,7.33
34,5,6,7.47
35,5,6,7.57
36,5,6,7.24
37,5,6,7.6
38,5,6,6.14
39,5,6,7.47
40,5,6,6.06
41,5,6,9.0
42,5,6,6.62
43,5,6,7.49
44,5,6,7.03
45,5,6,7.26
46,5,6,5.09
47,5,6,7.87
48,5,6,8.01
49,5,6,8.11
50,5,6,6.7
51,5,6,7.57
52,5,6,7.39
53,5,6,6.8
54,5,6,7.05
55,5,6,7.0
56,5,6,7.92
57,5,6,7.19
58,5,6,7.92
59,5,6,7.39
60,5,6,6.93
61,5,6,8.2
62,5,6,6.91
63,5,6,7.64
64,5,6,6.84
65,5,6,7.23
66,5,6,7.6
67,5,6,8.67
68,5,6,7.06
69,5,6,7.22
70,5,6,6.3
71,5,6,9.39
72,5,6,7.68
73,5,6,6.28
74,5,6,7.55
75,5,6,7.71
76,5,6,6.23
77,5,6,6.78
78,5,6,6.91
79,5,6,6.11
80,5,6,6.73
81,5,6,8.59
82,5,6,7.07
83,5,6,7.62
84,5,6,8.5
85,5,6,6.64
86,5,6,7.26
87,5,6,5.44
88,5,6,7.62
89,5,6,7.61
90,5,6,7.59
91,5,6,6.56
92,5,6,7.07
93,5,6,6.18
94,5,6,6.24
95,5,6,8.71
96,5,6,6.59
97,5,6,7.89
98,5,6,7.88
99,5,6,7.33
0,6,6,8.44
1,6,6,8.75
2,6,6,6.32
3,6,6,8.85
4,6,6,5.98
5,6,6,7.28
6,6,6,6.86
7,6,6,7.79
8,6,6,7.3
9,6,6,7.86
10,6,6,6.24
11,6,6,6.31
12,6,6,5.85
13,6,6,7.77
14,6,6,9.19
15,6,6,6.58
16,6,6,6.24
17,6,6,6.72
18,6,6,6.39
19,6,6,6.45
20,6,6,7.26
21,6,6,7.04
22,6,6,7.49
23,6,6,7.09
24,6,6,7.98
25,6,6,6.13
26,6,6,5.51
27,6,6,7.91
28,6,6,7.96
29,6,6,7.03
30,6,6,8.17
31,6,6,7.44
32,6,6,8.02
33,6,6,6.55
34,6,6,6.59
35,6,6,7.46
36,6,6,8.32
37,6,6,8.09
38,6,6,9.13
39,6,6,6.06
40,6,6,4.99
41,6,6,8.26
42,6,6,8.48
43,6,6,7.0
44,6,6,9.43
45,6,6,6.42
46,6,6,8.23
47,6,6,6.95
48,6,6,7.64
49,6,6,6.27
50,6,6,8.06
51,6,6,8.33
52,6,6,7.33
53,6,6,7.3
54,6,6,7.39
55,6,6,8.13
56,6,6,6.9
57,6,6,7.29
58,6,6,8.18
59,6,6,7.29
60,6,6,7.96
61,6,6,6.83
62,6,6,6.92
63,6,6,7.04
64,6,6,8.5
65,6,6,7.88
66,6,6,8.15
67,6,6,7.85
68,6,6,5.97
69,6,6,7.69
70,6,6,9.38
71,6,6,7.38
72,6,6,7.61
73,6,6,6.43
74,6,6,6.95
75,6,6,7.19
76,6,6,6.81
77,6,6,7.09
78,6,6,8.48
79,6,6,5.83
80,6,6,7.82
81,6,6,6.99
82,6,6,7.15
83,6,6,7.18
84,6,6,6.65
85,6,6,5.41
86,6,6,8.13
87,6,6,7.48
88,6,6,6.32
89,6,6,7.1
90,6,6,8.38
91,6,6,8.01
92,6,6,6.77
93,6,6,7.79
94,6,6,6.84
95,6,6,6.28
96,6,6,7.9
97,6,6,7.57
98,6,6,7.08
99,6,6,8.08
0,7,6,8.27
1,7,6,7.94
2,7,6,7.62
3,7,6,6.22
4,7,6,5.7
5,7,6,7.05
6,7,6,8.1
7,7,6,7.78
8,7,6,6.0
9,7,6,8.17
10,7,6,6.11
11,7,6,7.59
12,7,6,8.12
13,7,6,6.36
14,7,6,8.47
15,7,6,7.76
16,7,6,6.97
17,7,6,7.16
18,7,6,8.73
19,7,6,7.56
20,7,6,9.11
21,7,6,5.04
22,7,6,7.3
23,7,6,6.54
24,7,6,6.3
25,7,6,6.67
26,7,6,6.06
27,7,6,7.56
28,7,6,7.67
29,7,6,6.72
30,7,6,5.91
31,7,6,7.3
32,7,6,6.67
33,7,6,8.05
34,7,6,5.0
35,7,6,8.6
36,7,6,7.4
37,7,6,8.02
38,7,6,7.71
39,7,6,7.36
40,7,6,6.41
41,7,6,7.01
42,7,6,7.2
43,7,6,7.12
44,7,6,6.6
45,7,6,8.98
46,7,6,8.76
47,7,6,7.04
48,7,6,6.96
49,7,6,5.11
50,7,6,6.52
51,7,6,7.6
52,7,6,9.91
53,7,6,7.44
54,7,6,8.96
55,7,6,7.0
56,7,6,6.29
57,7,6,6.62
58,7,6,6.2
59,7,6,8.3
60,7,6,6.15
61,7,6,7.09
62,7,6,7.12
63,7,6,7.43
64,7,6,6.53
65,7,6,8.36
66,7,6,7.84
67,7,6,10.01
68,7,6,10.39
69,7,6,8.28
70,7,6,7.73
71,7,6,7.23
72,7,6,7.32
73,7,6,7.39
74,7,6,6.89
75,7,6,7.16
76,7,6,7.65
77,7,6,7.64
78,7,6,7.46
79,7,6,7.74
80,7,6,10.18
81,7,6,6.93
82,7,6,7.33
83,7,6,7.19
84,7,6,7.29
85,7,6,6.79
86,7,6,8.03
87,7,6,7.52
88,7,6,5.04
89,7,6,7.27
90,7,6,7.31
91,7,6,7.41
92,7,6,7.31
93,7,6,6.76
94,7,6,7.14
95,7,6,5.85
96,7,6,6.71
97,7,6,7.64
98,7,6,7.85
99,7,6,6.83
0,8,6,8.89
1,8,6,6.91
2,8,6,6.77
3,8,6,7.43
4,8,6,7.57
5,8,6,8.21
6,8,6,7.73
7,8,6,8.16
8,8,6,8.05
9,8,6,7.83
10,8,6,7.78
11,8,6,7.05
12,8,6,8.41
13,8,6,7.74
14,8,6,6.86
15,8,6,8.24
16,8,6,6.49
17,8,6,8.79
18,8,6,6.61
19,8,6,6.23
20,8,6,8.09
21,8,6,8.24
22,8,6,6.71
23,8,6,7.9
24,8,6,6.35
25,8,6,7.22
26,8,6,6.15
27,8,6,6.2
28,8,6,8.21
29,8,6,7.86
30,8,6,7.41
31,8,6,8.41
32,8,6,8.01
33,8,6,6.14
34,8,6,7.54
35,8,6,7.09
36,8,6,7.27
37,8,6,6.41
38,8,6,7.62
39,8,6,7.16
40,8,6,7.67
41,8,6,5.51
42,8,6,8.3
43,8,6,8.63
44,8,6,6.02
45,8,6,8.76
46,8,6,8.98
47,8,6,5.59
48,8,6,6.84
49,8,6,5.5
50,8,6,6.99
51,8,6,7.82
52,8,6,7.83
53,8,6,7.88
54,8,6,8.24
55,8,6,5.98
56,8,6,7.53
57,8,6,5.07
58,8,6,6.05
59,8,6,7.56
60,8,6,8.81
61,8,6,6.57
62,8,6,7.4
63,8,6,7.46
64,8,6,6.87
65,8,6,7.42
66,8,6,7.29
67,8,6,8.93
68,8,6,7.93
69,8,6,8.65
70,8,6,7.82
71,8,6,6.66
72,8,6,7.23
73,8,6,7.5
74,8,6,8.01
75,8,6,6.98
76,8,6,7.06
77,8,6,7.42
78,8,6,8.27
79,8,6,7.87
80,8,6,6.53
81,8,6,7.83
82,8,6,7.43
83,8,6,6.92
84,8,6,6.61
85,8,6,7.52
86,8,6,8.57
87,8,6,6.6
88,8,6,9.12
89,8,6,7.72
90,8,6,8.6
91,8,6,7.77
92,8,6,7.92
93,8,6,7.3
94,8,6,8.32
95,8,6,7.3
96,8,6,8.03
97,8,6,7.1
98,8,6,8.02
99,8,6,7.42
0,9,6,6.93
1,9,6,7.49
2,9,6,8.27
3,9,6,7.46
4,9,6,6.73
5,9,6,8.74
6,9,6,8.46
7,9,6,8.08
8,9,6,8.42
9,9,6,6.65
10,9,6,7.44
11,9,6,8.14
12,9,6,8.62
13,9,6,7.01
14,9,6,8.23
15,9,6,8.32
16,9,6,6.55
17,9,6,6.27
18,9,6,5.98
19,9,6,7.72
20,9,6,7.55
21,9,6,8.48
22,9,6,6.8
23,9,6,8.51
24,9,6,7.36
25,9,6,7.93
26,9,6,9.25
27,9,6,7.2
28,9,6,7.38
29,9,6,7.98
30,9,6,8.7
31,9,6,6.74
32,9,6,6.46
33,9,6,7.05
34,9,6,6.19
35,9,6,9.51
36,9,6,4.83
37,9,6,7.74
38,9,6,5.28
39,9,6,6.45
40,9,6,7.23
41,9,6,7.99
42,9,6,7.82
43,9,6,7.75
44,9,6,8.8
45,9,6,7.8
46,9,6,7.94
47,9,6,7.74
48,9,6,7.17
49,9,6,7.35
50,9,6,8.09
51,9,6,8.43
52,9,6,6.92
53,9,6,8.23
54,9,6,6.98
55,9,6,7.23
56,9,6,7.57
57,9,6,6.63
58,9,6,5.82
59,9,6,8.6
60,9,6,6.89
61,9,6,8.05
62,9,6,6.86
63,9,6,8.2
64,9,6,8.27
65,9,6,8.51
66,9,6,7.27
67,9,6,7.31
68,9,6,7.82
69,9,6,7.75
70,9,6,5.97
71,9,6,7.15
72,9,6,7.47
73,9,6,8.08
74,9,6,6.91
75,9,6,7.51
76,9,6,8.15
77,9,6,8.78
78,9,6,7.92
79,9,6,7.75
80,9,6,7.91
81,9,6,8.45
82,9,6,7.93
83,9,6,7.28
84,9,6,8.21
85,9,6,7.0
86,9,6,6.45
87,9,6,6.22
88,9,6,7.74
89,9,6,8.04
90,9,6,6.74
91,9,6,7.55
92,9,6,7.9
93,9,6,6.01
94,9,6,8.61
95,9,6,8.31
96,9,6,6.83
97,9,6,7.02
98,9,6,7.07
99,9,6,7.23
0,10,6,8.24
1,10,6,8.56
2,10,6,6.36
3,10,6,6.23
4,10,6,7.34
5,10,6,7.62
6,10,6,7.09
7,10,6,7.01
8,10,6,8.09
9,10,6,6.32
10,10,6,8.31
11,10,6,6.26
12,10,6,5.87
13,10,6,9.26
14,10,6,7.72
15,10,6,7.52
16,10,6,6.4
17,10,6,7.4
18,10,6,7.76
19,10,6,7.98
20,10,6,6.51
21,10,6,5.81
22,10,6,6.99
23,10,6,7.47
24,10,6,8.64
25,10,6,6.72
26,10,6,6.39
27,10,6,7.63
28,10,6,8.52
29,10,6,9.61
30,10,6,8.37
31,10,6,8.83
32,10,6,8.12
33,10,6,7.38
34,10,6,6.93
35,10,6,7.07
36,10,6,8.39
37,10,6,7.34
38,10,6,6.45
39,10,6,6.27
40,10,6,7.17
41,10,6,7.31
42,10,6,9.9
43,10,6,8.96
44,10,6,7.67
45,10,6,8.71
46,10,6,7.2
47,10,6,8.63
48,10,6,8.86
49,10,6,5.6
50,10,6,5.85
51,10,6,8.99
52,10,6,6.8
53,10,6,5.91
54,10,6,7.58
55,10,6,6.92
56,10,6,7.34
57,10,6,8.06
58,10,6,8.22
59,10,6,6.92
60,10,6,7.54
61,10,6,6.74
62,10,6,7.05
63,10,6,8.33
64,10,6,7.35
65,10,6,6.68
66,10,6,8.15
67,10,6,7.3
68,10,6,8.46
69,10,6,8.56
70,10,6,6.27
71,10,6,7.21
72,10,6,7.63
73,10,6,7.53
74,10,6,8.82
75,10,6,8.21
76,10,6,6.79
77,10,6,5.92
78,10,6,8.02
79,10,6,8.04
80,10,6,7.98
81,10,6,7.3
82,10,6,8.1
83,10,6,6.91
84,10,6,9.3
85,10,6,7.27
86,10,6,7.32
87,10,6,7.0
88,10,6,6.24
89,10,6,8.35
90,10,6,6.33
91,10,6,6.57
92,10,6,5.51
93,10,6,6.14
94,10,6,6.49
95,10,6,5.99
96,10,6,5.95
97,10,6,6.91
98,10,6,6.96
99,10,6,5.83
0,11,6,8.0
1,11,6,7.07
2,11,6,6.2
3,11,6,7.47
4,11,6,8.48
5,11,6,7.0
6,11,6,7.84
7,11,6,7.15
8,11,6,8.64
9,11,6,7.2
10,11,6,6.07
11,11,6,8.59
12,11,6,6.79
13,11,6,7.8
14,11,6,6.94
15,11,6,7.61
16,11,6,5.5
17,11,6,5.66
18,11,6,8.3
19,11,6,7.95
20,11,6,7.4
21,11,6,7.46
22,11,6,6.9
23,11,6,5.69
24,11,6,7.64
25,11,6,7.08
26,11,6,7.21
27,11,6,7.88
28,11,6,6.06
29,11,6,7.19
30,11,6,7.58
31,11,6,7.14
32,11,6,7.58
33,11,6,7.16
34,11,6,6.65
35,11,6,9.43
36,11,6,7.93
37,11,6,6.63
38,11,6,7.06
39,11,6,8.58
40,11,6,7.85
41,11,6,7.32
42,11,6,7.31
43,11,6,7.56
44,11,6,8.7
45,11,6,6.25
46,11,6,6.84
47,11,6,8.66
48,11,6,5.79
49,11,6,8.29
50,11,6,6.4
51,11,6,5.29
52,11,6,6.92
53,11,6,7.17
54,11,6,7.41
55,11,6,6.92
56,11,6,8.74
57,11,6,8.65
58,11,6,7.86
59,11,6,7.96
60,11,6,6.89
61,11,6,6.87
62,11,6,6.76
63,11,6,6.61
64,11,6,6.73
65,11,6,5.93
66,11,6,10.55
67,11,6,6.76
68,11,6,6.81
69,11,6,7.09
70,11,6,8.04
71,11,6,6.93
72,11,6,7.32
73,11,6,7.44
74,11,6,7.2
75,11,6,7.25
76,11,6,6.14
77,11,6,9.22
78,11,6,8.44
79,11,6,6.07
80,11,6,7.83
81,11,6,7.61
82,11,6,7.22
83,11,6,7.36
84,11,6,6.68
85,11,6,7.95
86,11,6,8.26
87,11,6,7.77
88,11,6,8.27
89,11,6,6.59
90,11,6,7.68
91,11,6,6.87
92,11,6,6.56
93,11,6,6.84
94,11,6,7.94
95,11,6,6.61
96,11,6,7.9
97,11,6,7.09
98,11,6,7.76
99,11,6,7.04
0,12,6,8.26
1,12,6,6.2
2,12,6,6.94
3,12,6,6.12
4,12,6,6.81
5,12,6,6.32
6,12,6,6.84
7,12,6,6.51
8,12,6,6.8
9,12,6,8.29
10,12,6,8.48
11,12,6,6.5
12,12,6,7.69
13,12,6,7.83
14,12,6,5.77
15,12,6,8.75
16,12,6,8.58
17,12,6,6.8
18,12,6,8.55
19,12,6,7.5
20,12,6,8.52
21,12,6,6.74
22,12,6,7.79
23,12,6,7.95
24,12,6,8.83
25,12,6,7.59
26,12,6,7.17
27,12,6,8.63
28,12,6,8.08
29,12,6,6.07
30,12,6,8.2
31,12,6,7.75
32,12,6,7.97
33,12,6,8.11
34,12,6,5.99
35,12,6,8.39
36,12,6,6.67
37,12,6,5.51
38,12,6,7.7
39,12,6,8.44
40,12,6,6.8
41,12,6,7.49
42,12,6,5.63
43,12,6,6.71
44,12,6,7.93
45,12,6,6.67
46,12,6,5.88
47,12,6,8.89
48,12,6,6.03
49,12,6,6.74
50,12,6,7.54
51,12,6,8.04
52,12,6,7.04
53,12,6,8.0
54,12,6,6.38
55,12,6,7.87
56,12,6,8.31
57,12,6,7.61
58,12,6,7.9
59,12,6,6.78
60,12,6,6.91
61,12,6,6.98
62,12,6,7.21
63,12,6,7.19
64,12,6,8.31
65,12,6,7.47
66,12,6,7.54
67,12,6,9.37
68,12,6,8.0
69,12,6,6.91
70,12,6,7.09
71,12,6,8.35
72,12,6,6.95
73,12,6,7.4
74,12,6,5.88
75,12,6,5.43
76,12,6,7.08
77,12,6,7.85
78,12,6,7.28
79,12,6,8.43
80,12,6,7.63
81,12,6,6.69
82,12,6,7.71
83,12,6,6.68
84,12,6,5.64
85,12,6,5.34
86,12,6,6.84
87,12,6,7.13
88,12,6,7.46
89,12,6,8.5
90,12,6,7.19
91,12,6,7.7
92,12,6,7.79
93,12,6,5.42
94,12,6,7.95
95,12,6,8.12
96,12,6,6.79
97,12,6,8.18
98,12,6,8.16
99,12,6,7.34
0,13,6,8.37
1,13,6,7.59
2,13,6,7.01
3,13,6,6.74
4,13,6,7.87
5,13,6,7.6
6,13,6,7.67
7,13,6,8.71
8,13,6,7.87
9,13,6,6.31
10,13,6,5.72
11,13,6,7.73
12,13,6,6.6
13,13,6,8.84
14,13,6,8.72
15,13,6,7.97
16,13,6,7.41
17,13,6,5.49
18,13,6,7.73
19,13,6,6.65
20,13,6,8.54
21,13,6,7.22
22,13,6,5.94
23,13,6,8.82
24,13,6,5.99
25,13,6,6.67
26,13,6,8.66
27,13,6,6.63
28,13,6,6.31
29,13,6,6.58
30,13,6,6.62
31,13,6,5.89
32,13,6,5.9
33,13,6,6.2
34,13,6,5.78
35,13,6,8.46
36,13,6,8.18
37,13,6,8.27
38,13,6,7.52
39,13,6,6.89
40,13,6,7.61
41,13,6,7.91
42,13,6,7.25
43,13,6,7.25
44,13,6,7.98
45,13,6,7.66
46,13,6,6.72
47,13,6,7.44
48,13,6,7.3
49,13,6,7.11
50,13,6,7.92
51,13,6,7.16
52,13,6,7.04
53,13,6,6.63
54,13,6,6.48
55,13,6,6.82
56,13,6,6.9
57,13,6,8.26
58,13,6,7.46
59,13,6,7.29
60,13,6,6.11
61,13,6,7.34
62,13,6,7.48
63,13,6,8.15
64,13,6,8.31
65,13,6,8.19
66,13,6,7.64
67,13,6,7.57
68,13,6,8.09
69,13,6,6.77
70,13,6,8.68
71,13,6,6.72
72,13,6,9.92
73,13,6,7.1
74,13,6,7.55
75,13,6,7.39
76,13,6,7.66
77,13,6,7.52
78,13,6,7.87
79,13,6,7.21
80,13,6,6.12
81,13,6,6.79
82,13,6,7.17
83,13,6,6.14
84,13,6,8.59
85,13,6,8.68
86,13,6,5.77
87,13,6,7.69
88,13,6,7.28
89,13,6,8.1
90,13,6,6.91
91,13,6,8.0
92,13,6,6.67
93,13,6,6.63
94,13,6,7.92
95,13,6,8.05
96,13,6,8.92
97,13,6,6.92
98,13,6,8.25
99,13,6,7.87
0,14,6,6.58
1,14,6,6.3
2,14,6,7.21
3,14,6,6.65
4,14,6,6.58
5,14,6,7.1
6,14,6,7.68
7,14,6,6.94
8,14,6,7.07
9,14,6,7.45
10,14,6,6.24
11,14,6,8.21
12,14,6,6.94
13,14,6,7.45
14,14,6,7.15
15,14,6,8.11
16,14,6,8.08
17,14,6,6.96
18,14,6,9.21
19,14,6,7.12
20,14,6,8.25
21,14,6,7.47
22,14,6,7.15
23,14,6,7.32
24,14,6,7.32
25,14,6,8.89
26,14,6,8.36
27,14,6,6.12
28,14,6,7.46
29,14,6,7.29
30,14,6,6.67
31,14,6,6.89
32,14,6,5.96
33,14,6,5.88
34,14,6,8.89
35,14,6,6.56
36,14,6,6.61
37,14,6,7.68
38,14,6,7.47
39,14,6,8.0
40,14,6,6.3
41,14,6,8.86
42,14,6,7.5
43,14,6,10.08
44,14,6,6.92
45,14,6,8.29
46,14,6,6.61
47,14,6,7.61
48,14,6,7.07
49,14,6,8.07
50,14,6,5.5
51,14,6,8.48
52,14,6,6.36
53,14,6,8.01
54,14,6,6.32
55,14,6,5.48
56,14,6,8.41
57,14,6,6.94
58,14,6,7.34
59,14,6,7.08
60,14,6,6.21
61,14,6,7.87
62,14,6,6.91
63,14,6,8.42
64,14,6,7.44
65,14,6,7.87
66,14,6,6.68
67,14,6,6.11
68,14,6,6.65
69,14,6,5.28
70,14,6,6.84
71,14,6,6.11
72,14,6,8.86
73,14,6,7.78
74,14,6,9.1
75,14,6,6.77
76,14,6,9.36
77,14,6,8.92
78,14,6,7.91
79,14,6,6.99
80,14,6,7.4
81,14,6,6.0
82,14,6,7.36
83,14,6,6.28
84,14,6,8.15
85,14,6,7.25
86,14,6,7.83
87,14,6,7.05
88,14,6,6.9
89,14,6,5.89
90,14,6,8.39
91,14,6,7.26
92,14,6,8.87
93,14,6,7.38
94,14,6,8.07
95,14,6,7.48
96,14,6,7.91
97,14,6,6.65
98,14,6,7.34
99,14,6,6.4
0,15,6,7.96
1,15,6,6.9
2,15,6,7.83
3,15,6,8.17
4,15,6,8.13
5,15,6,8.35
6,15,6,7.12
7,15,6,7.2
8,15,6,8.56
9,15,6,6.72
10,15,6,8.5
11,15,6,7.59
12,15,6,9.04
13,15,6,8.33
14,15,6,9.03
15,15,6,9.02
16,15,6,6.64
17,15,6,8.25
18,15,6,6.1
19,15,6,7.64
20,15,6,6.89
21,15,6,7.98
22,15,6,7.84
23,15,6,7.12
24,15,6,7.58
25,15,6,8.66
26,15,6,7.93
27,15,6,7.53
28,15,6,6.17
29,15,6,7.99
30,15,6,7.47
31,15,6,6.48
32,15,6,8.16
33,15,6,8.23
34,15,6,8.85
35,15,6,6.44
36,15,6,5.45
37,15,6,8.19
38,15,6,7.54
39,15,6,6.35
40,15,6,6.0
41,15,6,6.57
42,15,6,6.52
43,15,6,8.95
44,15,6,9.18
45,15,6,7.09
46,15,6,6.42
47,15,6,8.3
48,15,6,6.55
49,15,6,7.61
50,15,6,8.05
51,15,6,7.33
52,15,6,7.5
53,15,6,7.33
54,15,6,5.85
55,15,6,6.34
56,15,6,6.62
57,15,6,5.54
58,15,6,6.14
59,15,6,7.73
60,15,6,7.5
61,15,6,5.17
62,15,6,6.77
63,15,6,8.6
64,15,6,7.25
65,15,6,6.84
66,15,6,9.87
67,15,6,8.03
68,15,6,8.82
69,15,6,7.18
70,15,6,6.01
71,15,6,7.33
72,15,6,8.43
73,15,6,7.65
74,15,6,8.23
75,15,6,9.32
76,15,6,6.41
77,15,6,9.51
78,15,6,7.04
79,15,6,6.63
80,15,6,6.72
81,15,6,7.14
82,15,6,6.03
83,15,6,7.41
84,15,6,7.35
85,15,6,6.94
86,15,6,6.47
87,15,6,8.64
88,15,6,7.54
89,15,6,7.14
90,15,6,8.16
91,15,6,6.62
92,15,6,8.21
93,15,6,7.07
94,15,6,6.77
95,15,6,8.65
96,15,6,6.75
97,15,6,6.59
98,15,6,6.31
99,15,6,5.77
0,16,6,6.41
1,16,6,6.18
2,16,6,7.39
3,16,6,7.09
4,16,6,6.94
5,16,6,9.38
6,16,6,6.73
7,16,6,8.26
8,16,6,8.0
9,16,6,5.6
10,16,6,8.19
11,16,6,6.98
12,16,6,7.71
13,16,6,7.88
14,16,6,7.5
15,16,6,7.61
16,16,6,6.67
17,16,6,7.94
18,16,6,7.28
19,16,6,6.43
20,16,6,6.31
21,16,6,7.48
22,16,6,7.05
23,16,6,7.77
24,16,6,6.09
25,16,6,7.08
26,16,6,7.82
27,16,6,8.75
28,16,6,7.01
29,16,6,7.65
30,16,6,7.92
31,16,6,7.59
32,16,6,7.07
33,16,6,6.1
34,16,6,7.67
35,16,6,6.24
36,16,6,6.72
37,16,6,7.91
38,16,6,7.36
39,16,6,5.78
40,16,6,6.96
41,16,6,7.05
42,16,6,6.77
43,16,6,6.95
44,16,6,4.76
45,16,6,7.29
46,16,6,7.47
47,16,6,7.89
48,16,6,8.51
49,16,6,7.36
50,16,6,7.78
51,16,6,7.56
52,16,6,8.69
53,16,6,8.72
54,16,6,7.42
55,16,6,7.5
56,16,6,7.51
57,16,6,7.87
58,16,6,6.16
59,16,6,6.8
60,16,6,8.84
61,16,6,9.4
62,16,6,7.15
63,16,6,5.7
64,16,6,7.46
65,16,6,6.11
66,16,6,7.59
67,16,6,7.27
68,16,6,7.6
69,16,6,8.03
70,16,6,6.95
71,16,6,8.77
72,16,6,7.19
73,16,6,9.08
74,16,6,9.13
75,16,6,7.76
76,16,6,7.64
77,16,6,6.75
78,16,6,8.03
79,16,6,6.06
80,16,6,6.66
81,16,6,8.26
82,16,6,7.42
83,16,6,6.52
84,16,6,8.79
85,16,6,7.13
86,16,6,7.57
87,16,6,6.05
88,16,6,8.42
89,16,6,7.2
90,16,6,7.0
91,16,6,8.26
92,16,6,7.37
93,16,6,7.07
94,16,6,7.76
95,16,6,7.68
96,16,6,6.22
97,16,6,7.54
98,16,6,6.55
99,16,6,5.86
0,17,6,5.17
1,17,6,7.77
2,17,6,7.19
3,17,6,7.86
4,17,6,7.2
5,17,6,8.38
6,17,6,7.45
7,17,6,7.67
8,17,6,7.44
9,17,6,7.63
10,17,6,7.03
11,17,6,7.25
12,17,6,7.23
13,17,6,8.28
14,17,6,8.0
15,17,6,6.06
16,17,6,6.24
17,17,6,6.89
18,17,6,8.04
19,17,6,7.96
20,17,6,5.42
21,17,6,8.91
22,17,6,6.3
23,17,6,8.07
24,17,6,7.3
25,17,6,6.82
26,17,6,7.26
27,17,6,7.41
28,17,6,5.32
29,17,6,6.56
30,17,6,7.56
31,17,6,7.27
32,17,6,5.17
33,17,6,7.61
34,17,6,7.37
35,17,6,7.73
36,17,6,7.79
37,17,6,7.72
38,17,6,6.32
39,17,6,5.05
40,17,6,8.2
41,17,6,5.98
42,17,6,7.22
43,17,6,6.89
44,17,6,6.48
45,17,6,6.76
46,17,6,8.66
47,17,6,7.02
48,17,6,6.93
49,17,6,8.77
50,17,6,7.9
51,17,6,7.08
52,17,6,7.03
53,17,6,7.1
54,17,6,9.03
55,17,6,7.53
56,17,6,6.71
57,17,6,7.26
58,17,6,8.57
59,17,6,6.95
60,17,6,7.89
61,17,6,7.39
62,17,6,8.01
63,17,6,8.21
64,17,6,6.41
65,17,6,8.17
66,17,6,7.73
67,17,6,8.98
68,17,6,7.57
69,17,6,9.35
70,17,6,7.78
71,17,6,8.63
72,17,6,8.0
73,17,6,7.84
74,17,6,7.72
75,17,6,6.54
76,17,6,8.07
77,17,6,8.65
78,17,6,7.37
79,17,6,6.95
80,17,6,5.93
81,17,6,8.85
82,17,6,6.94
83,17,6,6.47
84,17,6,6.61
85,17,6,6.16
86,17,6,6.58
87,17,6,8.1
88,17,6,6.4
89,17,6,6.16
90,17,6,10.13
91,17,6,5.9
92,17,6,6.51
93,17,6,8.06
94,17,6,6.57
95,17,6,7.84
96,17,6,6.11
97,17,6,8.02
98,17,6,6.47
99,17,6,6.56
0,18,6,7.42
1,18,6,5.47
2,18,6,7.48
3,18,6,6.48
4,18,6,9.28
5,18,6,6.74
6,18,6,6.04
7,18,6,8.05
8,18,6,9.32
9,18,6,7.5
10,18,6,9.2
11,18,6,9.04
12,18,6,7.14
13,18,6,8.16
14,18,6,6.07
15,18,6,8.96
16,18,6,5.4
17,18,6,5.31
18,18,6,8.17
19,18,6,5.99
20,18,6,7.8
21,18,6,7.11
22,18,6,6.43
23,18,6,6.56
24,18,6,7.99
25,18,6,7.53
26,18,6,6.58
27,18,6,7.09
28,18,6,7.96
29,18,6,7.45
30,18,6,5.94
31,18,6,8.85
32,18,6,7.75
33,18,6,7.59
34,18,6,8.69
35,18,6,7.36
36,18,6,8.68
37,18,6,7.19
38,18,6,6.78
39,18,6,9.13
40,18,6,5.78
41,18,6,7.91
42,18,6,6.23
43,18,6,9.04
44,18,6,6.95
45,18,6,6.8
46,18,6,9.17
47,18,6,7.11
48,18,6,8.43
49,18,6,8.88
50,18,6,7.98
51,18,6,8.23
52,18,6,7.43
53,18,6,7.69
54,18,6,5.54
55,18,6,7.27
56,18,6,7.62
57,18,6,8.18
58,18,6,8.77
59,18,6,6.6
60,18,6,8.3
61,18,6,7.68
62,18,6,7.73
63,18,6,8.03
64,18,6,7.76
65,18,6,7.95
66,18,6,7.72
67,18,6,7.41
68,18,6,7.22
69,18,6,8.39
70,18,6,7.18
71,18,6,7.81
72,18,6,6.51
73,18,6,7.14
74,18,6,6.37
75,18,6,7.54
76,18,6,6.19
77,18,6,8.26
78,18,6,7.68
79,18,6,7.65
80,18,6,8.71
81,18,6,8.11
82,18,6,7.93
83,18,6,6.18
84,18,6,7.27
85,18,6,7.95
86,18,6,8.2
87,18,6,7.29
88,18,6,7.3
89,18,6,7.09
90,18,6,6.57
91,18,6,8.1
92,18,6,7.2
93,18,6,6.1
94,18,6,6.36
95,18,6,8.27
96,18,6,6.58
97,18,6,7.81
98,18,6,7.99
99,18,6,8.08
0,19,6,8.28
1,19,6,7.28
2,19,6,6.56
3,19,6,6.55
4,19,6,6.22
5,19,6,6.02
6,19,6,6.23
7,19,6,7.97
8,19,6,8.06
9,19,6,7.49
10,19,6,8.7
11,19,6,6.99
12,19,6,6.99
13,19,6,5.12
14,19,6,7.0
15,19,6,7.28
16,19,6,8.04
17,19,6,6.96
18,19,6,6.15
19,19,6,7.2
20,19,6,7.85
21,19,6,6.94
22,19,6,6.82
23,19,6,6.86
24,19,6,7.83
25,19,6,7.72
26,19,6,8.21
27,19,6,6.06
28,19,6,7.19
29,19,6,6.39
30,19,6,7.59
31,19,6,7.86
32,19,6,7.36
33,19,6,8.34
34,19,6,8.01
35,19,6,8.15
36,19,6,6.52
37,19,6,7.84
38,19,6,6.56
39,19,6,7.37
40,19,6,7.44
41,19,6,8.25
42,19,6,6.15
43,19,6,7.61
44,19,6,7.08
45,19,6,6.39
46,19,6,6.01
47,19,6,6.98
48,19,6,6.78
49,19,6,8.26
50,19,6,6.55
51,19,6,7.75
52,19,6,7.96
53,19,6,7.56
54,19,6,7.65
55,19,6,6.84
56,19,6,8.33
57,19,6,7.14
58,19,6,7.13
59,19,6,6.9
60,19,6,6.48
61,19,6,7.47
62,19,6,5.98
63,19,6,7.23
64,19,6,8.33
65,19,6,10.56
66,19,6,9.78
67,19,6,8.46
68,19,6,6.98
69,19,6,8.47
70,19,6,8.27
71,19,6,8.4
72,19,6,7.65
73,19,6,8.79
74,19,6,8.55
75,19,6,7.67
76,19,6,8.22
77,19,6,6.71
78,19,6,8.23
79,19,6,8.48
80,19,6,7.24
81,19,6,5.48
82,19,6,6.52
83,19,6,7.78
84,19,6,7.83
85,19,6,6.02
86,19,6,8.05
87,19,6,6.47
88,19,6,7.69
89,19,6,6.94
90,19,6,7.91
91,19,6,6.6
92,19,6,6.47
93,19,6,7.36
94,19,6,8.22
95,19,6,7.18
96,19,6,7.65
97,19,6,8.18
98,19,6,7.65
99,19,6,7.64
0,20,6,7.47
1,20,6,7.23
2,20,6,7.85
3,20,6,7.3
4,20,6,7.54
5,20,6,7.74
6,20,6,7.03
7,20,6,6.13
8,20,6,7.79
9,20,6,7.87
10,20,6,5.23
11,20,6,8.25
12,20,6,7.44
13,20,6,7.34
14,20,6,7.48
15,20,6,7.28
16,20,6,6.86
17,20,6,7.74
18,20,6,7.82
19,20,6,8.76
20,20,6,6.16
21,20,6,6.65
22,20,6,7.0
23,20,6,5.16
24,20,6,7.36
25,20,6,5.75
26,20,6,8.17
27,20,6,7.16
28,20,6,7.15
29,20,6,10.07
30,20,6,6.74
31,20,6,7.9
32,20,6,7.64
33,20,6,6.62
34,20,6,6.83
35,20,6,7.68
36,20,6,9.42
37,20,6,8.47
38,20,6,6.93
39,20,6,7.23
40,20,6,7.38
41,20,6,6.7
42,20,6,7.1
43,20,6,6.21
44,20,6,7.75
45,20,6,8.06
46,20,6,7.58
47,20,6,7.04
48,20,6,6.7
49,20,6,7.0
50,20,6,7.38
51,20,6,7.46
52,20,6,7.29
53,20,6,7.81
54,20,6,6.11
55,20,6,7.94
56,20,6,7.34
57,20,6,8.39
58,20,6,8.62
59,20,6,9.9
60,20,6,8.12
61,20,6,7.56
62,20,6,7.53
63,20,6,8.73
64,20,6,8.63
65,20,6,7.37
66,20,6,8.69
67,20,6,6.57
68,20,6,6.61
69,20,6,9.17
70,20,6,8.3
71,20,6,9.11
72,20,6,8.87
73,20,6,8.25
74,20,6,8.01
75,20,6,9.8
76,20,6,8.76
77,20,6,9.6
78,20,6,8.67
79,20,6,7.92
80,20,6,7.16
81,20,6,6.8
82,20,6,7.79
83,20,6,7.71
84,20,6,5.58
85,20,6,6.71
86,20,6,6.21
87,20,6,7.29
88,20,6,4.73
89,20,6,7.04
90,20,6,7.85
91,20,6,6.86
92,20,6,6.46
93,20,6,7.89
94,20,6,7.68
95,20,6,8.53
96,20,6,7.64
97,20,6,6.65
98,20,6,7.47
99,20,6,8.08
0,21,6,7.67
1,21,6,7.78
2,21,6,8.75
3,21,6,6.57
4,21,6,6.55
5,21,6,6.32
6,21,6,6.8
7,21,6,6.67
8,21,6,6.93
9,21,6,8.52
10,21,6,5.27
11,21,6,9.1
12,21,6,5.63
13,21,6,6.63
14,21,6,7.76
15,21,6,6.49
16,21,6,7.37
17,21,6,8.58
18,21,6,7.81
19,21,6,8.66
20,21,6,7.03
21,21,6,6.63
22,21,6,7.22
23,21,6,7.57
24,21,6,8.39
25,21,6,5.97
26,21,6,6.86
27,21,6,6.41
28,21,6,8.59
29,21,6,6.94
30,21,6,7.29
31,21,6,6.73
32,21,6,8.14
33,21,6,8.6
34,21,6,8.68
35,21,6,8.29
36,21,6,7.1
37,21,6,5.82
38,21,6,8.11
39,21,6,8.17
40,21,6,5.27
41,21,6,7.82
42,21,6,6.3
43,21,6,6.39
44,21,6,7.46
45,21,6,7.35
46,21,6,6.55
47,21,6,9.65
48,21,6,9.07
49,21,6,7.84
50,21,6,9.49
51,21,6,9.37
52,21,6,6.36
53,21,6,7.29
54,21,6,6.71
55,21,6,8.22
56,21,6,6.05
57,21,6,7.14
58,21,6,6.73
59,21,6,9.88
60,21,6,7.02
61,21,6,8.27
62,21,6,7.54
63,21,6,7.12
64,21,6,8.62
65,21,6,8.17
66,21,6,9.54
67,21,6,9.75
68,21,6,9.88
69,21,6,7.89
70,21,6,8.17
71,21,6,9.6
72,21,6,8.19
73,21,6,8.14
74,21,6,7.54
75,21,6,8.66
76,21,6,7.45
77,21,6,8.09
78,21,6,6.28
79,21,6,9.84
80,21,6,6.33
81,21,6,8.17
82,21,6,7.51
83,21,6,7.13
84,21,6,6.02
85,21,6,6.68
86,21,6,6.59
87,21,6,7.84
88,21,6,6.77
89,21,6,5.77
90,21,6,7.15
91,21,6,6.28
92,21,6,6.56
93,21,6,7.57
94,21,6,7.37
95,21,6,7.89
96,21,6,9.09
97,21,6,6.94
98,21,6,6.59
99,21,6,8.52
0,22,6,7.42
1,22,6,6.62
2,22,6,9.2
3,22,6,8.3
4,22,6,7.86
5,22,6,6.9
6,22,6,8.27
7,22,6,5.72
8,22,6,7.7
9,22,6,7.32
10,22,6,7.09
11,22,6,6.53
12,22,6,8.53
13,22,6,7.97
14,22,6,7.05
15,22,6,7.76
16,22,6,7.08
17,22,6,8.45
18,22,6,7.66
19,22,6,8.54
20,22,6,7.14
21,22,6,7.88
22,22,6,7.83
23,22,6,6.67
24,22,6,7.24
25,22,6,7.72
26,22,6,5.33
27,22,6,6.7
28,22,6,8.04
29,22,6,4.54
30,22,6,8.48
31,22,6,7.04
32,22,6,5.68
33,22,6,6.09
34,22,6,7.58
35,22,6,7.15
36,22,6,8.04
37,22,6,7.3
38,22,6,6.63
39,22,6,9.65
40,22,6,6.06
41,22,6,7.99
42,22,6,6.94
43,22,6,6.62
44,22,6,7.08
45,22,6,7.01
46,22,6,6.21
47,22,6,7.13
48,22,6,6.51
49,22,6,7.41
50,22,6,7.84
51,22,6,8.26
52,22,6,7.63
53,22,6,7.4
54,22,6,7.55
55,22,6,5.82
56,22,6,8.14
57,22,6,8.62
58,22,6,8.03
59,22,6,9.11
60,22,6,8.92
61,22,6,8.32
62,22,6,8.36
63,22,6,8.99
64,22,6,7.72
65,22,6,8.22
66,22,6,8.32
67,22,6,9.01
68,22,6,7.83
69,22,6,8.71
70,22,6,8.69
71,22,6,8.92
72,22,6,7.83
73,22,6,9.05
74,22,6,8.28
75,22,6,9.4
76,22,6,8.03
77,22,6,9.41
78,22,6,7.87
79,22,6,8.79
80,22,6,6.84
81,22,6,8.04
82,22,6,6.36
83,22,6,7.86
84,22,6,7.56
85,22,6,8.93
86,22,6,6.54
87,22,6,7.48
88,22,6,6.9
89,22,6,7.61
90,22,6,7.5
91,22,6,7.95
92,22,6,7.94
93,22,6,7.36
94,22,6,7.14
95,22,6,8.3
96,22,6,7.45
97,22,6,8.19
98,22,6,7.58
99,22,6,7.84
0,23,6,8.03
1,23,6,7.82
2,23,6,6.78
3,23,6,6.26
4,23,6,7.72
5,23,6,7.36
6,23,6,8.24
7,23,6,6.22
8,23,6,6.41
9,23,6,6.26
10,23,6,7.1
11,23,6,7.78
12,23,6,7.91
13,23,6,6.74
14,23,6,7.0
15,23,6,7.63
16,23,6,6.29
17,23,6,6.98
18,23,6,6.21
19,23,6,6.01
20,23,6,8.21
21,23,6,8.09
22,23,6,5.83
23,23,6,8.62
24,23,6,8.52
25,23,6,8.2
26,23,6,6.52
27,23,6,6.52
28,23,6,6.25
29,23,6,7.96
30,23,6,8.66
31,23,6,8.11
32,23,6,7.83
33,23,6,10.55
34,23,6,6.95
35,23,6,7.03
36,23,6,5.8
37,23,6,7.13
38,23,6,5.62
39,23,6,7.13
40,23,6,7.68
41,23,6,6.69
42,23,6,7.76
43,23,6,7.32
44,23,6,8.94
45,23,6,7.1
46,23,6,8.19
47,23,6,5.54
48,23,6,7.82
49,23,6,7.54
50,23,6,8.07
51,23,6,6.34
52,23,6,6.5
53,23,6,8.44
54,23,6,5.6
55,23,6,6.79
56,23,6,7.8
57,23,6,6.96
58,23,6,6.24
59,23,6,8.18
60,23,6,8.26
61,23,6,9.43
62,23,6,8.17
63,23,6,9.16
64,23,6,7.09
65,23,6,9.05
66,23,6,7.61
67,23,6,8.12
68,23,6,8.34
69,23,6,9.98
70,23,6,7.15
71,23,6,9.52
72,23,6,9.13
73,23,6,7.71
74,23,6,10.31
75,23,6,9.01
76,23,6,7.71
77,23,6,8.56
78,23,6,7.99
79,23,6,8.68
80,23,6,6.74
81,23,6,7.3
82,23,6,7.46
83,23,6,7.34
84,23,6,7.36
85,23,6,7.34
86,23,6,9.61
87,23,6,7.35
88,23,6,7.9
89,23,6,6.95
90,23,6,7.13
91,23,6,6.75
92,23,6,7.33
93,23,6,8.17
94,23,6,7.76
95,23,6,8.49
96,23,6,5.92
97,23,6,5.84
98,23,6,7.55
99,23,6,7.08
0,24,6,7.86
1,24,6,7.35
2,24,6,6.59
3,24,6,7.6
4,24,6,6.05
5,24,6,8.76
6,24,6,8.24
7,24,6,6.85
8,24,6,6.17
9,24,6,7.66
10,24,6,7.71
11,24,6,5.88
12,24,6,6.01
13,24,6,7.17
14,24,6,7.12
15,24,6,8.99
16,24,6,8.34
17,24,6,8.69
18,24,6,7.59
19,24,6,8.46
20,24,6,7.38
21,24,6,5.74
22,24,6,7.92
23,24,6,6.37
24,24,6,6.81
25,24,6,9.47
26,24,6,6.37
27,24,6,7.9
28,24,6,7.7
29,24,6,7.37
30,24,6,7.54
31,24,6,5.35
32,24,6,6.35
33,24,6,7.77
34,24,6,5.84
35,24,6,7.81
36,24,6,8.13
37,24,6,7.97
38,24,6,6.57
39,24,6,6.86
40,24,6,6.33
41,24,6,8.47
42,24,6,7.22
43,24,6,7.66
44,24,6,5.71
45,24,6,6.46
46,24,6,9.19
47,24,6,7.62
48,24,6,7.09
49,24,6,7.33
50,24,6,5.17
51,24,6,7.39
52,24,6,7.89
53,24,6,7.06
54,24,6,8.34
55,24,6,7.34
56,24,6,6.94
57,24,6,8.43
58,24,6,8.84
59,24,6,8.91
60,24,6,8.27
61,24,6,7.61
62,24,6,8.54
63,24,6,8.94
64,24,6,9.34
65,24,6,8.15
66,24,6,9.26
67,24,6,8.66
68,24,6,7.95
69,24,6,9.6
70,24,6,9.39
71,24,6,9.22
72,24,6,8.59
73,24,6,8.45
74,24,6,8.99
75,24,6,10.08
76,24,6,8.71
77,24,6,9.61
78,24,6,8.79
79,24,6,7.6
80,24,6,8.01
81,24,6,7.79
82,24,6,6.4
83,24,6,6.93
84,24,6,8.26
85,24,6,6.63
86,24,6,7.74
87,24,6,7.45
88,24,6,7.95
89,24,6,5.92
90,24,6,6.32
91,24,6,6.33
92,24,6,6.27
93,24,6,7.67
94,24,6,8.4
95,24,6,7.26
96,24,6,6.59
97,24,6,7.27
98,24,6,7.84
99,24,6,6.92
0,25,6,6.9
1,25,6,9.95
2,25,6,7.32
3,25,6,7.67
4,25,6,7.64
5,25,6,7.21
6,25,6,6.81
7,25,6,7.63
8,25,6,6.73
9,25,6,7.11
10,25,6,7.17
11,25,6,6.3
12,25,6,7.63
13,25,6,7.41
14,25,6,7.62
15,25,6,8.09
16,25,6,6.93
17,25,6,6.13
18,25,6,7.24
19,25,6,7.73
20,25,6,6.17
21,25,6,6.41
22,25,6,7.12
23,25,6,7.33
24,25,6,7.16
25,25,6,5.12
26,25,6,4.88
27,25,6,6.67
28,25,6,6.46
29,25,6,4.89
30,25,6,7.86
31,25,6,8.73
32,25,6,7.56
33,25,6,8.53
34,25,6,7.02
35,25,6,8.94
36,25,6,6.81
37,25,6,6.5
38,25,6,6.42
39,25,6,6.88
40,25,6,7.57
41,25,6,5.91
42,25,6,6.82
43,25,6,7.74
44,25,6,6.57
45,25,6,6.51
46,25,6,8.19
47,25,6,6.41
48,25,6,7.16
49,25,6,7.63
50,25,6,8.19
51,25,6,6.83
52,25,6,8.75
53,25,6,6.45
54,25,6,7.42
55,25,6,7.23
56,25,6,7.76
57,25,6,6.1
58,25,6,7.15
59,25,6,6.92
60,25,6,8.48
61,25,6,9.87
62,25,6,6.66
63,25,6,7.07
64,25,6,8.73
65,25,6,8.7
66,25,6,10.05
67,25,6,8.18
68,25,6,10.75
69,25,6,10.55
70,25,6,9.14
71,25,6,9.55
72,25,6,9.95
73,25,6,8.27
74,25,6,10.02
75,25,6,9.54
76,25,6,8.38
77,25,6,8.47
78,25,6,10.85
79,25,6,9.79
80,25,6,8.23
81,25,6,5.76
82,25,6,8.37
83,25,6,7.14
84,25,6,9.07
85,25,6,6.49
86,25,6,7.44
87,25,6,6.57
88,25,6,7.51
89,25,6,7.88
90,25,6,6.38
91,25,6,8.15
92,25,6,7.13
93,25,6,8.04
94,25,6,7.92
95,25,6,7.71
96,25,6,6.02
97,25,6,5.87
98,25,6,7.6
99,25,6,6.81
0,26,6,7.79
1,26,6,8.54
2,26,6,8.71
3,26,6,6.42
4,26,6,8.41
5,26,6,6.89
6,26,6,8.27
7,26,6,6.85
8,26,6,7.9
9,26,6,6.61
10,26,6,6.25
11,26,6,7.51
12,26,6,6.83
13,26,6,8.82
14,26,6,7.73
15,26,6,7.11
16,26,6,7.02
17,26,6,8.45
18,26,6,8.11
19,26,6,9.57
20,26,6,8.01
21,26,6,7.29
22,26,6,8.54
23,26,6,4.7
24,26,6,7.77
25,26,6,7.13
26,26,6,4.64
27,26,6,5.69
28,26,6,7.45
29,26,6,7.51
30,26,6,6.18
31,26,6,6.19
32,26,6,7.16
33,26,6,6.04
34,26,6,7.01
35,26,6,8.37
36,26,6,6.03
37,26,6,7.41
38,26,6,7.31
39,26,6,9.09
40,26,6,8.17
41,26,6,6.58
42,26,6,7.43
43,26,6,6.18
44,26,6,9.68
45,26,6,7.42
46,26,6,7.95
47,26,6,7.51
48,26,6,5.45
49,26,6,8.84
50,26,6,8.61
51,26,6,6.93
52,26,6,6.6
53,26,6,6.94
54,26,6,6.72
55,26,6,7.42
56,26,6,8.59
57,26,6,8.76
58,26,6,7.4
59,26,6,8.65
60,26,6,8.48
61,26,6,7.22
62,26,6,8.46
63,26,6,8.12
64,26,6,6.97
65,26,6,7.38
66,26,6,10.03
67,26,6,8.03
68,26,6,8.92
69,26,6,8.96
70,26,6,8.99
71,26,6,10.19
72,26,6,9.21
73,26,6,7.82
74,26,6,8.58
75,26,6,8.53
76,26,6,7.76
77,26,6,8.89
78,26,6,7.51
79,26,6,10.03
80,26,6,9.07
81,26,6,9.92
82,26,6,7.09
83,26,6,8.05
84,26,6,7.98
85,26,6,6.56
86,26,6,7.93
87,26,6,8.5
88,26,6,7.48
89,26,6,7.25
90,26,6,8.78
91,26,6,7.7
92,26,6,9.64
93,26,6,8.23
94,26,6,6.59
95,26,6,6.85
96,26,6,7.98
97,26,6,7.52
98,26,6,6.8
99,26,6,8.71
0,27,6,6.89
1,27,6,7.0
2,27,6,6.75
3,27,6,8.54
4,27,6,7.02
5,27,6,6.85
6,27,6,9.26
7,27,6,5.72
8,27,6,7.44
9,27,6,6.42
10,27,6,7.39
11,27,6,6.41
12,27,6,8.16
13,27,6,8.94
14,27,6,8.43
15,27,6,8.35
16,27,6,7.07
17,27,6,7.79
18,27,6,5.71
19,27,6,8.11
20,27,6,6.97
21,27,6,8.71
22,27,6,9.05
23,27,6,7.32
24,27,6,6.4
25,27,6,8.48
26,27,6,9.18
27,27,6,7.51
28,27,6,6.13
29,27,6,7.93
30,27,6,7.6
31,27,6,8.27
32,27,6,6.02
33,27,6,6.94
34,27,6,8.65
35,27,6,7.94
36,27,6,7.97
37,27,6,7.58
38,27,6,8.51
39,27,6,7.29
40,27,6,5.72
41,27,6,7.79
42,27,6,6.28
43,27,6,9.03
44,27,6,7.19
45,27,6,8.95
46,27,6,6.11
47,27,6,6.82
48,27,6,6.81
49,27,6,6.5
50,27,6,8.68
51,27,6,6.77
52,27,6,6.92
53,27,6,8.71
54,27,6,9.03
55,27,6,7.33
56,27,6,8.36
57,27,6,9.94
58,27,6,7.39
59,27,6,6.1
60,27,6,7.55
61,27,6,8.73
62,27,6,8.57
63,27,6,9.05
64,27,6,9.21
65,27,6,10.02
66,27,6,9.3
67,27,6,7.96
68,27,6,9.43
69,27,6,8.75
70,27,6,8.51
71,27,6,11.13
72,27,6,10.05
73,27,6,8.95
74,27,6,8.78
75,27,6,9.07
76,27,6,9.52
77,27,6,9.07
78,27,6,9.27
79,27,6,7.7
80,27,6,8.74
81,27,6,9.35
82,27,6,7.47
83,27,6,8.43
84,27,6,8.09
85,27,6,8.07
86,27,6,7.86
87,27,6,7.39
88,27,6,7.51
89,27,6,9.04
90,27,6,8.27
91,27,6,6.86
92,27,6,7.23
93,27,6,7.97
94,27,6,7.38
95,27,6,7.26
96,27,6,7.25
97,27,6,7.98
98,27,6,7.96
99,27,6,6.82
0,28,6,6.59
1,28,6,9.68
2,28,6,8.51
3,28,6,7.29
4,28,6,6.7
5,28,6,7.47
6,28,6,7.04
7,28,6,7.64
8,28,6,6.38
9,28,6,7.37
10,28,6,7.48
11,28,6,8.49
12,28,6,7.03
13,28,6,5.7
14,28,6,6.57
15,28,6,8.15
16,28,6,7.17
17,28,6,7.04
18,28,6,8.3
19,28,6,7.06
20,28,6,7.12
21,28,6,8.75
22,28,6,6.4
23,28,6,7.43
24,28,6,8.18
25,28,6,6.23
26,28,6,5.95
27,28,6,8.12
28,28,6,7.44
29,28,6,6.11
30,28,6,6.84
31,28,6,8.78
32,28,6,6.42
33,28,6,6.29
34,28,6,9.37
35,28,6,8.88
36,28,6,7.37
37,28,6,7.97
38,28,6,7.79
39,28,6,7.0
40,28,6,6.97
41,28,6,6.06
42,28,6,6.42
43,28,6,6.13
44,28,6,7.28
45,28,6,8.96
46,28,6,7.12
47,28,6,8.68
48,28,6,6.33
49,28,6,6.0
50,28,6,7.89
51,28,6,6.46
52,28,6,8.1
53,28,6,5.97
54,28,6,6.78
55,28,6,7.03
56,28,6,7.13
57,28,6,8.9
58,28,6,8.53
59,28,6,8.18
60,28,6,6.3
61,28,6,9.01
62,28,6,8.45
63,28,6,8.06
64,28,6,8.31
65,28,6,8.78
66,28,6,9.23
67,28,6,10.29
68,28,6,9.83
69,28,6,9.0
70,28,6,9.96
71,28,6,10.85
72,28,6,8.33
73,28,6,9.86
74,28,6,10.01
75,28,6,9.09
76,28,6,9.68
77,28,6,9.69
78,28,6,8.93
79,28,6,7.69
80,28,6,8.9
81,28,6,9.29
82,28,6,7.56
83,28,6,7.98
84,28,6,6.47
85,28,6,6.61
86,28,6,8.54
87,28,6,8.77
88,28,6,7.36
89,28,6,6.89
90,28,6,6.84
91,28,6,5.97
92,28,6,7.26
93,28,6,6.77
94,28,6,7.06
95,28,6,6.95
96,28,6,7.26
97,28,6,6.61
98,28,6,6.63
99,28,6,9.02
0,29,6,6.66
1,29,6,7.38
2,29,6,7.04
3,29,6,7.81
4,29,6,6.96
5,29,6,9.34
6,29,6,6.88
7,29,6,8.04
8,29,6,8.85
9,29,6,9.11
10,29,6,8.25
11,29,6,8.01
12,29,6,8.05
13,29,6,6.99
14,29,6,5.93
15,29,6,6.96
16,29,6,7.4
17,29,6,7.53
18,29,6,9.01
19,29,6,7.06
20,29,6,8.47
21,29,6,8.18
22,29,6,9.64
23,29,6,7.18
24,29,6,8.33
25,29,6,6.93
26,29,6,7.47
27,29,6,7.29
28,29,6,5.88
29,29,6,6.89
30,29,6,5.38
31,29,6,7.45
32,29,6,6.59
33,29,6,7.37
34,29,6,7.33
35,29,6,8.67
36,29,6,9.06
37,29,6,7.31
38,29,6,6.35
39,29,6,7.65
40,29,6,9.39
41,29,6,8.07
42,29,6,7.69
43,29,6,7.33
44,29,6,7.56
45,29,6,6.52
46,29,6,7.6
47,29,6,7.7
48,29,6,7.39
49,29,6,7.47
50,29,6,7.97
51,29,6,7.94
52,29,6,8.17
53,29,6,8.07
54,29,6,6.7
55,29,6,8.41
56,29,6,6.84
57,29,6,8.51
58,29,6,9.71
59,29,6,8.31
60,29,6,8.65
61,29,6,8.95
62,29,6,8.28
63,29,6,8.09
64,29,6,9.17
65,29,6,10.57
66,29,6,7.88
67,29,6,8.74
68,29,6,9.56
69,29,6,9.23
70,29,6,8.78
71,29,6,10.53
72,29,6,10.32
73,29,6,10.22
74,29,6,8.31
75,29,6,9.1
76,29,6,8.65
77,29,6,9.29
78,29,6,9.13
79,29,6,7.28
80,29,6,8.68
81,29,6,8.26
82,29,6,8.5
83,29,6,8.85
84,29,6,6.82
85,29,6,7.05
86,29,6,7.7
87,29,6,6.46
88,29,6,7.1
89,29,6,8.48
90,29,6,8.21
91,29,6,6.19
92,29,6,5.95
93,29,6,7.12
94,29,6,8.81
95,29,6,7.09
96,29,6,7.55
97,29,6,8.9
98,29,6,7.43
99,29,6,5.64
0,30,6,8.26
1,30,6,7.29
2,30,6,7.18
3,30,6,8.27
4,30,6,9.26
5,30,6,7.86
6,30,6,6.27
7,30,6,5.71
8,30,6,7.05
9,30,6,8.06
10,30,6,8.27
11,30,6,8.06
12,30,6,7.75
13,30,6,6.12
14,30,6,7.5
15,30,6,7.45
16,30,6,7.37
17,30,6,7.42
18,30,6,9.3
19,30,6,8.18
20,30,6,7.52
21,30,6,7.09
22,30,6,7.87
23,30,6,5.32
24,30,6,7.38
25,30,6,7.19
26,30,6,6.99
27,30,6,8.28
28,30,6,6.88
29,30,6,9.26
30,30,6,7.14
31,30,6,8.84
32,30,6,8.53
33,30,6,7.37
34,30,6,7.32
35,30,6,8.09
36,30,6,6.25
37,30,6,7.52
38,30,6,6.4
39,30,6,8.06
40,30,6,7.97
41,30,6,8.91
42,30,6,6.45
43,30,6,7.8
44,30,6,6.76
45,30,6,6.3
46,30,6,7.15
47,30,6,7.56
48,30,6,7.01
49,30,6,6.86
50,30,6,8.02
51,30,6,6.27
52,30,6,6.7
53,30,6,7.25
54,30,6,7.85
55,30,6,7.34
56,30,6,8.15
57,30,6,8.6
58,30,6,7.02
59,30,6,7.88
60,30,6,8.93
61,30,6,8.73
62,30,6,9.09
63,30,6,8.36
64,30,6,8.94
65,30,6,9.76
66,30,6,11.03
67,30,6,9.03
68,30,6,10.34
69,30,6,10.37
70,30,6,8.23
71,30,6,9.96
72,30,6,7.24
73,30,6,10.86
74,30,6,8.49
75,30,6,7.9
76,30,6,8.93
77,30,6,8.34
78,30,6,9.58
79,30,6,7.82
80,30,6,7.21
81,30,6,7.79
82,30,6,7.67
83,30,6,7.93
84,30,6,8.53
85,30,6,8.48
86,30,6,6.84
87,30,6,6.77
88,30,6,7.57
89,30,6,7.28
90,30,6,7.34
91,30,6,8.61
92,30,6,7.13
93,30,6,6.24
94,30,6,7.22
95,30,6,7.51
96,30,6,8.02
97,30,6,6.18
98,30,6,7.99
99,30,6,7.65
0,31,6,7.46
1,31,6,7.52
2,31,6,8.77
3,31,6,6.87
4,31,6,5.91
5,31,6,7.41
6,31,6,6.65
7,31,6,6.81
8,31,6,7.69
9,31,6,8.12
10,31,6,8.07
11,31,6,8.14
12,31,6,9.73
13,31,6,6.22
14,31,6,7.97
15,31,6,7.25
16,31,6,8.29
17,31,6,8.28
18,31,6,6.43
19,31,6,7.06
20,31,6,7.71
21,31,6,9.1
22,31,6,7.08
23,31,6,7.68
24,31,6,4.35
25,31,6,6.14
26,31,6,6.5
27,31,6,8.44
28,31,6,6.65
29,31,6,8.7
30,31,6,9.33
31,31,6,7.43
32,31,6,6.77
33,31,6,7.94
34,31,6,8.76
35,31,6,6.98
36,31,6,7.81
37,31,6,9.02
38,31,6,8.09
39,31,6,8.5
40,31,6,7.21
41,31,6,7.88
42,31,6,6.69
43,31,6,6.41
44,31,6,6.72
45,31,6,6.95
46,31,6,6.15
47,31,6,5.85
48,31,6,9.47
49,31,6,7.8
50,31,6,6.73
51,31,6,6.19
52,31,6,5.46
53,31,6,8.38
54,31,6,7.15
55,31,6,6.67
56,31,6,7.56
57,31,6,9.32
58,31,6,6.18
59,31,6,9.53
60,31,6,9.27
61,31,6,9.28
62,31,6,9.3
63,31,6,9.81
64,31,6,9.35
65,31,6,8.98
66,31,6,10.59
67,31,6,10.72
68,31,6,10.31
69,31,6,10.48
70,31,6,9.05
71,31,6,9.91
72,31,6,9.9
73,31,6,9.67
74,31,6,10.82
75,31,6,9.95
76,31,6,8.82
77,31,6,8.19
78,31,6,8.35
79,31,6,9.47
80,31,6,7.16
81,31,6,8.29
82,31,6,8.54
83,31,6,7.87
84,31,6,7.23
85,31,6,6.57
86,31,6,7.99
87,31,6,6.71
88,31,6,7.24
89,31,6,8.05
90,31,6,7.23
91,31,6,7.09
92,31,6,6.79
93,31,6,6.24
94,31,6,7.04
95,31,6,7.29
96,31,6,7.32
97,31,6,6.1
98,31,6,6.75
99,31,6,7.19
0,32,6,7.88
1,32,6,5.63
2,32,6,6.61
3,32,6,8.92
4,32,6,6.99
5,32,6,8.43
6,32,6,6.84
7,32,6,5.87
8,32,6,7.8
9,32,6,7.2
10,32,6,6.74
11,32,6,7.85
12,32,6,9.36
13,32,6,6.89
14,32,6,7.38
15,32,6,9.05
16,32,6,6.95
17,32,6,6.06
18,32,6,6.55
19,32,6,8.29
20,32,6,8.44
21,32,6,8.09
22,32,6,6.27
23,32,6,7.3
24,32,6,7.23
25,32,6,5.54
26,32,6,6.7
27,32,6,6.86
28,32,6,7.38
29,32,6,6.79
30,32,6,6.89
31,32,6,7.02
32,32,6,6.72
33,32,6,7.93
34,32,6,7.26
35,32,6,7.48
36,32,6,7.17
37,32,6,5.37
38,32,6,8.27
39,32,6,7.57
40,32,6,6.71
41,32,6,7.25
42,32,6,8.0
43,32,6,6.76
44,32,6,6.45
45,32,6,6.97
46,32,6,5.38
47,32,6,8.42
48,32,6,7.98
49,32,6,7.19
50,32,6,8.39
51,32,6,7.72
52,32,6,7.19
53,32,6,7.34
54,32,6,8.12
55,32,6,7.97
56,32,6,7.06
57,32,6,8.67
58,32,6,8.72
59,32,6,8.75
60,32,6,8.2
61,32,6,9.64
62,32,6,8.56
63,32,6,9.41
64,32,6,9.9
65,32,6,9.39
66,32,6,9.62
67,32,6,9.33
68,32,6,7.43
69,32,6,9.61
70,32,6,9.84
71,32,6,9.87
72,32,6,9.82
73,32,6,9.65
74,32,6,9.49
75,32,6,8.78
76,32,6,8.62
77,32,6,8.04
78,32,6,10.11
79,32,6,9.19
80,32,6,8.83
81,32,6,7.91
82,32,6,9.56
83,32,6,7.78
84,32,6,7.12
85,32,6,8.33
86,32,6,7.4
87,32,6,8.02
88,32,6,6.72
89,32,6,7.17
90,32,6,7.7
91,32,6,7.58
92,32,6,7.53
93,32,6,7.37
94,32,6,6.14
95,32,6,7.73
96,32,6,6.06
97,32,6,7.93
98,32,6,8.6
99,32,6,9.16
0,33,6,8.67
1,33,6,6.54
2,33,6,7.16
3,33,6,8.02
4,33,6,7.12
5,33,6,5.39
6,33,6,6.81
7,33,6,7.21
8,33,6,8.4
9,33,6,6.39
10,33,6,7.53
11,33,6,5.21
12,33,6,8.12
13,33,6,6.81
14,33,6,8.08
15,33,6,6.84
16,33,6,7.89
17,33,6,7.45
18,33,6,6.79
19,33,6,7.48
20,33,6,7.1
21,33,6,8.65
22,33,6,7.64
23,33,6,8.15
24,33,6,6.7
25,33,6,6.51
26,33,6,8.83
27,33,6,8.84
28,33,6,8.89
29,33,6,8.51
30,33,6,7.31
31,33,6,8.26
32,33,6,6.78
33,33,6,8.0
34,33,6,8.9
35,33,6,8.19
36,33,6,8.79
37,33,6,7.79
38,33,6,7.12
39,33,6,6.95
40,33,6,7.74
41,33,6,7.24
42,33,6,7.22
43,33,6,7.5
44,33,6,8.34
45,33,6,8.08
46,33,6,7.95
47,33,6,6.1
48,33,6,8.32
49,33,6,8.02
50,33,6,7.77
51,33,6,9.52
52,33,6,5.99
53,33,6,7.42
54,33,6,6.91
55,33,6,6.62
56,33,6,7.04
57,33,6,8.02
58,33,6,6.84
59,33,6,8.34
60,33,6,9.06
61,33,6,7.5
62,33,6,8.11
63,33,6,9.28
64,33,6,8.78
65,33,6,9.03
66,33,6,9.67
67,33,6,8.46
68,33,6,9.37
69,33,6,10.9
70,33,6,9.27
71,33,6,9.82
72,33,6,9.47
73,33,6,9.11
74,33,6,9.34
75,33,6,8.36
76,33,6,10.55
77,33,6,7.85
78,33,6,7.43
79,33,6,7.07
80,33,6,8.61
81,33,6,8.25
82,33,6,7.8
83,33,6,9.21
84,33,6,5.92
85,33,6,7.12
86,33,6,8.17
87,33,6,6.45
88,33,6,7.26
89,33,6,7.06
90,33,6,7.21
91,33,6,6.16
92,33,6,7.48
93,33,6,7.83
94,33,6,6.34
95,33,6,6.99
96,33,6,7.42
97,33,6,7.86
98,33,6,7.64
99,33,6,6.44
0,34,6,6.96
1,34,6,8.72
2,34,6,7.08
3,34,6,8.11
4,34,6,7.69
5,34,6,7.21
6,34,6,5.95
7,34,6,7.51
8,34,6,7.34
9,34,6,9.06
10,34,6,6.53
11,34,6,6.53
12,34,6,6.61
13,34,6,8.54
14,34,6,7.18
15,34,6,5.92
16,34,6,5.94
17,34,6,9.76
18,34,6,7.62
19,34,6,9.62
20,34,6,6.88
21,34,6,8.62
22,34,6,7.99
23,34,6,7.81
24,34,6,8.67
25,34,6,6.47
26,34,6,8.94
27,34,6,7.4
28,34,6,7.67
29,34,6,6.78
30,34,6,7.91
31,34,6,6.12
32,34,6,7.72
33,34,6,6.68
34,34,6,6.12
35,34,6,7.61
36,34,6,8.36
37,34,6,6.86
38,34,6,8.83
39,34,6,7.07
40,34,6,7.78
41,34,6,6.62
42,34,6,8.39
43,34,6,5.83
44,34,6,7.74
45,34,6,7.46
46,34,6,7.21
47,34,6,8.25
48,34,6,9.15
49,34,6,7.29
50,34,6,6.86
51,34,6,6.65
52,34,6,7.41
53,34,6,7.72
54,34,6,7.16
55,34,6,7.48
56,34,6,9.1
57,34,6,6.53
58,34,6,7.26
59,34,6,8.64
60,34,6,7.4
61,34,6,8.3
62,34,6,8.67
63,34,6,8.98
64,34,6,10.62
65,34,6,9.89
66,34,6,9.31
67,34,6,8.04
68,34,6,9.35
69,34,6,8.28
70,34,6,9.39
71,34,6,7.89
72,34,6,9.49
73,34,6,7.96
74,34,6,8.51
75,34,6,9.18
76,34,6,9.69
77,34,6,8.8
78,34,6,8.82
79,34,6,8.78
80,34,6,8.41
81,34,6,8.17
82,34,6,8.36
83,34,6,8.03
84,34,6,6.86
85,34,6,6.72
86,34,6,7.32
87,34,6,9.51
88,34,6,8.21
89,34,6,7.25
90,34,6,7.33
91,34,6,8.24
92,34,6,7.12
93,34,6,6.0
94,34,6,7.68
95,34,6,8.11
96,34,6,6.73
97,34,6,9.07
98,34,6,7.32
99,34,6,7.7
0,35,6,7.5
1,35,6,7.83
2,35,6,8.44
3,35,6,7.9
4,35,6,6.36
5,35,6,6.99
6,35,6,6.88
7,35,6,7.89
8,35,6,8.86
9,35,6,7.7
10,35,6,6.4
11,35,6,6.2
12,35,6,7.79
13,35,6,6.97
14,35,6,8.06
15,35,6,6.11
16,35,6,7.87
17,35,6,8.93
18,35,6,6.85
19,35,6,9.22
20,35,6,6.38
21,35,6,7.73
22,35,6,5.59
23,35,6,8.44
24,35,6,6.88
25,35,6,7.78
26,35,6,7.0
27,35,6,6.69
28,35,6,6.47
29,35,6,7.08
30,35,6,6.74
31,35,6,6.74
32,35,6,6.24
33,35,6,5.62
34,35,6,7.94
35,35,6,6.04
36,35,6,7.87
37,35,6,7.63
38,35,6,6.29
39,35,6,6.98
40,35,6,7.14
41,35,6,7.23
42,35,6,6.73
43,35,6,6.42
44,35,6,7.33
45,35,6,7.31
46,35,6,8.46
47,35,6,7.95
48,35,6,7.0
49,35,6,7.45
50,35,6,8.02
51,35,6,8.64
52,35,6,8.06
53,35,6,7.72
54,35,6,7.32
55,35,6,7.58
56,35,6,6.72
57,35,6,7.97
58,35,6,7.47
59,35,6,9.25
60,35,6,7.26
61,35,6,7.53
62,35,6,8.41
63,35,6,6.71
64,35,6,8.11
65,35,6,10.09
66,35,6,10.09
67,35,6,9.09
68,35,6,8.34
69,35,6,8.21
70,35,6,10.05
71,35,6,10.3
72,35,6,8.81
73,35,6,10.41
74,35,6,9.3
75,35,6,9.71
76,35,6,9.28
77,35,6,8.38
78,35,6,6.62
79,35,6,9.22
80,35,6,7.48
81,35,6,7.64
82,35,6,7.7
83,35,6,6.83
84,35,6,5.81
85,35,6,7.0
86,35,6,7.62
87,35,6,6.93
88,35,6,7.74
89,35,6,8.28
90,35,6,8.2
91,35,6,8.74
92,35,6,7.57
93,35,6,7.65
94,35,6,7.39
95,35,6,7.99
96,35,6,5.45
97,35,6,6.21
98,35,6,7.03
99,35,6,6.8
0,36,6,8.16
1,36,6,7.03
2,36,6,7.28
3,36,6,7.75
4,36,6,6.22
5,36,6,6.34
6,36,6,6.71
7,36,6,7.05
8,36,6,6.97
9,36,6,6.95
10,36,6,7.04
11,36,6,7.93
12,36,6,8.21
13,36,6,8.1
14,36,6,8.09
15,36,6,8.72
16,36,6,7.36
17,36,6,7.85
18,36,6,8.42
19,36,6,7.78
20,36,6,8.27
21,36,6,6.88
22,36,6,5.8
23,36,6,6.54
24,36,6,8.59
25,36,6,8.67
26,36,6,6.95
27,36,6,9.31
28,36,6,7.41
29,36,6,6.74
30,36,6,8.94
31,36,6,6.63
32,36,6,7.23
33,36,6,8.18
34,36,6,6.88
35,36,6,6.69
36,36,6,9.0
37,36,6,8.48
38,36,6,6.28
39,36,6,7.35
40,36,6,5.67
41,36,6,8.48
42,36,6,6.69
43,36,6,7.45
44,36,6,7.93
45,36,6,5.97
46,36,6,7.02
47,36,6,6.4
48,36,6,8.28
49,36,6,7.73
50,36,6,7.15
51,36,6,6.82
52,36,6,6.11
53,36,6,7.13
54,36,6,7.98
55,36,6,7.39
56,36,6,8.49
57,36,6,7.47
58,36,6,6.11
59,36,6,6.08
60,36,6,8.84
61,36,6,8.27
62,36,6,8.55
63,36,6,8.42
64,36,6,8.94
65,36,6,9.35
66,36,6,9.45
67,36,6,9.14
68,36,6,7.95
69,36,6,8.49
70,36,6,8.32
71,36,6,7.79
72,36,6,8.35
73,36,6,10.36
74,36,6,8.96
75,36,6,7.56
76,36,6,8.6
77,36,6,9.44
78,36,6,9.23
79,36,6,9.74
80,36,6,8.48
81,36,6,8.4
82,36,6,7.73
83,36,6,7.6
84,36,6,7.29
85,36,6,8.61
86,36,6,8.77
87,36,6,7.59
88,36,6,7.38
89,36,6,7.08
90,36,6,7.67
91,36,6,8.3
92,36,6,7.79
93,36,6,5.56
94,36,6,8.17
95,36,6,6.92
96,36,6,7.82
97,36,6,7.46
98,36,6,8.21
99,36,6,8.06
0,37,6,7.64
1,37,6,7.71
2,37,6,7.4
3,37,6,5.84
4,37,6,7.49
5,37,6,8.34
6,37,6,6.34
7,37,6,7.71
8,37,6,7.24
9,37,6,8.77
10,37,6,6.83
11,37,6,8.45
12,37,6,6.23
13,37,6,8.01
14,37,6,7.48
15,37,6,7.22
16,37,6,8.02
17,37,6,8.27
18,37,6,6.57
19,37,6,7.04
20,37,6,8.54
21,37,6,6.2
22,37,6,8.38
23,37,6,7.97
24,37,6,6.68
25,37,6,7.07
26,37,6,6.34
27,37,6,6.46
28,37,6,9.34
29,37,6,7.67
30,37,6,7.27
31,37,6,7.58
32,37,6,5.71
33,37,6,6.5
34,37,6,7.97
35,37,6,7.73
36,37,6,7.54
37,37,6,7.38
38,37,6,6.44
39,37,6,7.95
40,37,6,6.24
41,37,6,7.39
42,37,6,8.48
43,37,6,8.58
44,37,6,6.19
45,37,6,7.45
46,37,6,6.54
47,37,6,8.66
48,37,6,6.64
49,37,6,7.59
50,37,6,6.34
51,37,6,7.36
52,37,6,8.33
53,37,6,7.55
54,37,6,8.64
55,37,6,8.57
56,37,6,7.33
57,37,6,7.89
58,37,6,7.06
59,37,6,9.04
60,37,6,9.76
61,37,6,8.57
62,37,6,9.42
63,37,6,8.53
64,37,6,8.03
65,37,6,9.29
66,37,6,9.8
67,37,6,9.26
68,37,6,7.27
69,37,6,9.89
70,37,6,9.12
71,37,6,8.29
72,37,6,7.32
73,37,6,9.37
74,37,6,8.94
75,37,6,8.61
76,37,6,6.9
77,37,6,7.71
78,37,6,7.54
79,37,6,7.23
80,37,6,7.29
81,37,6,8.43
82,37,6,6.38
83,37,6,8.31
84,37,6,7.94
85,37,6,5.04
86,37,6,7.54
87,37,6,8.15
88,37,6,8.53
89,37,6,6.03
90,37,6,8.92
91,37,6,6.54
92,37,6,7.38
93,37,6,8.81
94,37,6,7.98
95,37,6,7.08
96,37,6,8.15
97,37,6,6.72
98,37,6,7.49
99,37,6,7.6
0,38,6,8.12
1,38,6,7.15
2,38,6,7.79
3,38,6,7.17
4,38,6,7.09
5,38,6,7.05
6,38,6,8.85
7,38,6,7.7
8,38,6,8.92
9,38,6,4.6
10,38,6,6.26
11,38,6,7.59
12,38,6,6.09
13,38,6,6.65
14,38,6,6.06
15,38,6,7.09
16,38,6,6.96
17,38,6,8.1
18,38,6,7.18
19,38,6,6.95
20,38,6,7.73
21,38,6,8.78
22,38,6,7.29
23,38,6,7.56
24,38,6,6.98
25,38,6,7.49
26,38,6,5.72
27,38,6,8.15
28,38,6,8.06
29,38,6,6.37
30,38,6,5.64
31,38,6,7.59
32,38,6,7.89
33,38,6,8.59
34,38,6,8.13
35,38,6,8.08
36,38,6,7.22
37,38,6,8.28
38,38,6,7.72
39,38,6,6.86
40,38,6,7.21
41,38,6,9.76
42,38,6,8.4
43,38,6,7.97
44,38,6,8.17
45,38,6,6.48
46,38,6,8.6
47,38,6,9.0
48,38,6,7.26
49,38,6,5.34
50,38,6,7.41
51,38,6,7.45
52,38,6,8.19
53,38,6,6.98
54,38,6,7.16
55,38,6,6.51
56,38,6,7.24
57,38,6,6.93
58,38,6,9.59
59,38,6,7.72
60,38,6,7.12
61,38,6,6.75
62,38,6,7.33
63,38,6,9.44
64,38,6,7.56
65,38,6,7.79
66,38,6,9.1
67,38,6,8.57
68,38,6,9.07
69,38,6,9.09
70,38,6,8.25
71,38,6,9.77
72,38,6,8.36
73,38,6,7.94
74,38,6,9.37
75,38,6,7.23
76,38,6,9.54
77,38,6,6.99
78,38,6,8.45
79,38,6,7.8
80,38,6,9.87
81,38,6,6.44
82,38,6,9.57
83,38,6,6.8
84,38,6,7.41
85,38,6,7.91
86,38,6,8.23
87,38,6,7.44
88,38,6,5.84
89,38,6,7.51
90,38,6,7.22
91,38,6,7.25
92,38,6,6.94
93,38,6,7.14
94,38,6,7.69
95,38,6,7.13
96,38,6,5.67
97,38,6,6.4
98,38,6,7.47
99,38,6,7.1
0,39,6,7.39
1,39,6,6.64
2,39,6,8.71
3,39,6,7.78
4,39,6,6.68
5,39,6,6.51
6,39,6,8.49
7,39,6,7.09
8,39,6,7.41
9,39,6,7.25
10,39,6,7.83
11,39,6,6.45
12,39,6,8.2
13,39,6,6.8
14,39,6,7.48
15,39,6,9.61
16,39,6,8.21
17,39,6,7.71
18,39,6,8.51
19,39,6,7.62
20,39,6,6.91
21,39,6,8.62
22,39,6,8.12
23,39,6,8.36
24,39,6,6.04
25,39,6,6.29
26,39,6,6.32
27,39,6,7.37
28,39,6,8.48
29,39,6,7.83
30,39,6,8.64
31,39,6,8.09
32,39,6,8.39
33,39,6,6.11
34,39,6,7.91
35,39,6,6.77
36,39,6,7.25
37,39,6,7.52
38,39,6,7.59
39,39,6,7.4
40,39,6,7.29
41,39,6,5.83
42,39,6,6.89
43,39,6,7.41
44,39,6,6.25
45,39,6,6.64
46,39,6,7.47
47,39,6,6.42
48,39,6,7.35
49,39,6,7.68
50,39,6,6.92
51,39,6,6.91
52,39,6,7.91
53,39,6,7.05
54,39,6,7.95
55,39,6,7.47
56,39,6,8.65
57,39,6,7.32
58,39,6,7.42
59,39,6,9.05
60,39,6,7.33
61,39,6,7.21
62,39,6,7.31
63,39,6,9.15
64,39,6,9.01
65,39,6,8.09
66,39,6,5.71
67,39,6,6.61
68,39,6,8.92
69,39,6,7.21
70,39,6,9.14
71,39,6,10.19
72,39,6,6.99
73,39,6,7.65
74,39,6,6.76
75,39,6,7.25
76,39,6,7.57
77,39,6,9.28
78,39,6,7.32
79,39,6,8.04
80,39,6,7.24
81,39,6,6.86
82,39,6,6.68
83,39,6,7.86
84,39,6,7.17
85,39,6,4.88
86,39,6,5.52
87,39,6,6.61
88,39,6,7.21
89,39,6,8.2
90,39,6,7.07
91,39,6,6.12
92,39,6,8.75
93,39,6,5.72
94,39,6,7.92
95,39,6,6.7
96,39,6,7.25
97,39,6,7.33
98,39,6,6.83
99,39,6,8.6
0,40,6,6.8
1,40,6,6.36
2,40,6,6.79
3,40,6,6.77
4,40,6,7.08
5,40,6,5.49
6,40,6,6.5
7,40,6,8.4
8,40,6,7.33
9,40,6,6.78
10,40,6,6.93
11,40,6,7.6
12,40,6,8.03
13,40,6,5.99
14,40,6,6.84
15,40,6,7.43
16,40,6,7.48
17,40,6,8.32
18,40,6,7.2
19,40,6,6.91
20,40,6,7.46
21,40,6,7.41
22,40,6,8.23
23,40,6,7.76
24,40,6,8.33
25,40,6,6.83
26,40,6,6.45
27,40,6,7.6
28,40,6,7.36
29,40,6,8.57
30,40,6,8.83
31,40,6,7.61
32,40,6,7.52
33,40,6,7.84
34,40,6,6.13
35,40,6,7.99
36,40,6,6.42
37,40,6,7.43
38,40,6,7.4
39,40,6,7.08
40,40,6,8.28
41,40,6,7.65
42,40,6,8.69
43,40,6,7.55
44,40,6,6.91
45,40,6,7.06
46,40,6,6.68
47,40,6,7.35
48,40,6,6.87
49,40,6,7.08
50,40,6,7.34
51,40,6,7.84
52,40,6,5.49
53,40,6,6.96
54,40,6,6.81
55,40,6,7.7
56,40,6,8.32
57,40,6,6.97
58,40,6,6.89
59,40,6,8.13
60,40,6,8.08
61,40,6,10.0
62,40,6,6.59
63,40,6,7.6
64,40,6,8.01
65,40,6,6.88
66,40,6,7.8
67,40,6,8.08
68,40,6,10.19
69,40,6,8.73
70,40,6,7.54
71,40,6,8.63
72,40,6,8.87
73,40,6,8.15
74,40,6,6.78
75,40,6,8.28
76,40,6,7.92
77,40,6,7.96
78,40,6,7.7
79,40,6,8.62
80,40,6,6.76
81,40,6,7.46
82,40,6,8.79
83,40,6,8.12
84,40,6,7.68
85,40,6,7.65
86,40,6,7.21
87,40,6,7.21
88,40,6,7.9
89,40,6,7.51
90,40,6,8.59
91,40,6,7.93
92,40,6,8.08
93,40,6,7.51
94,40,6,7.06
95,40,6,7.04
96,40,6,6.71
97,40,6,6.73
98,40,6,6.88
99,40,6,8.24
0,41,6,7.66
1,41,6,9.0
2,41,6,7.37
3,41,6,8.19
4,41,6,5.43
5,41,6,8.01
6,41,6,7.44
7,41,6,6.13
8,41,6,7.93
9,41,6,6.78
10,41,6,7.41
11,41,6,8.82
12,41,6,8.58
13,41,6,7.78
14,41,6,8.8
15,41,6,6.96
16,41,6,8.81
17,41,6,6.58
18,41,6,8.55
19,41,6,8.15
20,41,6,6.0
21,41,6,5.59
22,41,6,7.69
23,41,6,10.73
24,41,6,8.53
25,41,6,8.85
26,41,6,7.46
27,41,6,7.47
28,41,6,7.44
29,41,6,8.22
30,41,6,6.48
31,41,6,8.15
32,41,6,7.86
33,41,6,7.09
34,41,6,6.35
35,41,6,6.72
36,41,6,7.87
37,41,6,6.56
38,41,6,7.42
39,41,6,7.03
40,41,6,7.48
41,41,6,6.75
42,41,6,7.38
43,41,6,8.19
44,41,6,9.14
45,41,6,7.12
46,41,6,7.07
47,41,6,6.53
48,41,6,6.89
49,41,6,6.21
50,41,6,8.35
51,41,6,8.39
52,41,6,7.93
53,41,6,6.92
54,41,6,8.57
55,41,6,6.7
56,41,6,7.71
57,41,6,8.61
58,41,6,7.93
59,41,6,7.28
60,41,6,7.1
61,41,6,8.36
62,41,6,7.93
63,41,6,8.26
64,41,6,8.84
65,41,6,9.09
66,41,6,8.57
67,41,6,9.05
68,41,6,8.51
69,41,6,8.05
70,41,6,9.62
71,41,6,6.66
72,41,6,8.72
73,41,6,9.21
74,41,6,8.53
75,41,6,7.95
76,41,6,8.19
77,41,6,7.35
78,41,6,6.28
79,41,6,8.0
80,41,6,7.11
81,41,6,7.69
82,41,6,6.82
83,41,6,7.78
84,41,6,6.5
85,41,6,8.55
86,41,6,7.29
87,41,6,7.34
88,41,6,6.67
89,41,6,6.86
90,41,6,8.31
91,41,6,5.55
92,41,6,7.33
93,41,6,6.53
94,41,6,9.16
95,41,6,8.77
96,41,6,6.8
97,41,6,7.6
98,41,6,9.29
99,41,6,6.01
0,42,6,8.55
1,42,6,6.58
2,42,6,7.64
3,42,6,7.61
4,42,6,8.02
5,42,6,7.95
6,42,6,6.06
7,42,6,7.46
8,42,6,6.33
9,42,6,8.34
10,42,6,7.71
11,42,6,6.97
12,42,6,7.44
13,42,6,8.08
14,42,6,6.61
15,42,6,6.06
16,42,6,8.51
17,42,6,6.63
18,42,6,7.61
19,42,6,7.75
20,42,6,6.82
21,42,6,6.24
22,42,6,8.84
23,42,6,7.47
24,42,6,9.67
25,42,6,7.71
26,42,6,7.65
27,42,6,9.1
28,42,6,6.24
29,42,6,7.9
30,42,6,7.75
31,42,6,6.66
32,42,6,5.61
33,42,6,7.49
34,42,6,9.52
35,42,6,7.78
36,42,6,7.01
37,42,6,7.41
38,42,6,7.99
39,42,6,7.35
40,42,6,8.55
41,42,6,6.55
42,42,6,9.32
43,42,6,8.14
44,42,6,8.02
45,42,6,8.4
46,42,6,6.7
47,42,6,8.11
48,42,6,6.38
49,42,6,7.16
50,42,6,6.79
51,42,6,6.39
52,42,6,6.32
53,42,6,7.18
54,42,6,6.84
55,42,6,6.59
56,42,6,6.34
57,42,6,6.04
58,42,6,7.66
59,42,6,8.29
60,42,6,8.54
61,42,6,7.9
62,42,6,9.87
63,42,6,7.19
64,42,6,9.27
65,42,6,7.57
66,42,6,8.62
67,42,6,7.12
68,42,6,7.45
69,42,6,7.3
70,42,6,6.32
71,42,6,8.75
72,42,6,7.82
73,42,6,8.17
74,42,6,8.57
75,42,6,7.44
76,42,6,7.72
77,42,6,6.36
78,42,6,6.46
79,42,6,8.38
80,42,6,6.82
81,42,6,6.72
82,42,6,7.99
83,42,6,6.33
84,42,6,6.14
85,42,6,7.6
86,42,6,7.55
87,42,6,8.76
88,42,6,6.96
89,42,6,5.38
90,42,6,5.98
91,42,6,7.49
92,42,6,7.83
93,42,6,8.65
94,42,6,7.35
95,42,6,6.91
96,42,6,7.9
97,42,6,5.09
98,42,6,7.45
99,42,6,6.72
0,43,6,7.41
1,43,6,6.03
2,43,6,8.94
3,43,6,7.38
4,43,6,6.77
5,43,6,6.4
6,43,6,6.87
7,43,6,9.61
8,43,6,8.35
9,43,6,8.2
10,43,6,6.51
11,43,6,7.39
12,43,6,5.62
13,43,6,9.11
14,43,6,8.12
15,43,6,7.33
16,43,6,6.64
17,43,6,7.59
18,43,6,6.35
19,43,6,7.54
20,43,6,7.06
21,43,6,8.48
22,43,6,8.0
23,43,6,8.02
24,43,6,8.15
25,43,6,7.65
26,43,6,6.95
27,43,6,7.27
28,43,6,8.54
29,43,6,6.87
30,43,6,6.45
31,43,6,8.03
32,43,6,6.43
33,43,6,6.68
34,43,6,6.38
35,43,6,7.11
36,43,6,8.38
37,43,6,6.72
38,43,6,7.89
39,43,6,5.73
40,43,6,8.69
41,43,6,7.55
42,43,6,9.17
43,43,6,6.94
44,43,6,8.23
45,43,6,7.17
46,43,6,7.26
47,43,6,8.41
48,43,6,7.42
49,43,6,8.28
50,43,6,8.05
51,43,6,6.44
52,43,6,6.2
53,43,6,8.43
54,43,6,5.2
55,43,6,7.36
56,43,6,7.1
57,43,6,7.83
58,43,6,8.62
59,43,6,6.36
60,43,6,7.72
61,43,6,6.99
62,43,6,8.08
63,43,6,7.21
64,43,6,7.85
65,43,6,7.87
66,43,6,6.4
67,43,6,6.73
68,43,6,8.74
69,43,6,7.69
70,43,6,9.42
71,43,6,6.64
72,43,6,8.66
73,43,6,8.92
74,43,6,9.48
75,43,6,8.21
76,43,6,6.51
77,43,6,6.69
78,43,6,7.32
79,43,6,8.74
80,43,6,6.57
81,43,6,6.75
82,43,6,6.71
83,43,6,7.92
84,43,6,8.77
85,43,6,6.67
86,43,6,6.93
87,43,6,8.0
88,43,6,6.14
89,43,6,8.79
90,43,6,7.22
91,43,6,7.58
92,43,6,8.58
93,43,6,6.6
94,43,6,8.63
95,43,6,6.1
96,43,6,6.52
97,43,6,7.15
98,43,6,8.47
99,43,6,7.44
0,44,6,8.52
1,44,6,7.09
2,44,6,7.31
3,44,6,7.23
4,44,6,5.6
5,44,6,7.42
6,44,6,8.19
7,44,6,5.93
8,44,6,7.79
9,44,6,6.16
10,44,6,6.99
11,44,6,8.36
12,44,6,7.51
13,44,6,8.03
14,44,6,6.19
15,44,6,7.03
16,44,6,7.55
17,44,6,8.28
18,44,6,7.06
19,44,6,7.5
20,44,6,7.95
21,44,6,6.47
22,44,6,8.19
23,44,6,7.01
24,44,6,8.07
25,44,6,8.3
26,44,6,7.88
27,44,6,7.57
28,44,6,8.53
29,44,6,7.31
30,44,6,6.4
31,44,6,6.77
32,44,6,7.77
33,44,6,6.99
34,44,6,9.51
35,44,6,7.39
36,44,6,7.26
37,44,6,7.22
38,44,6,6.65
39,44,6,7.71
40,44,6,5.96
41,44,6,7.04
42,44,6,7.94
43,44,6,8.35
44,44,6,6.57
45,44,6,7.46
46,44,6,6.39
47,44,6,7.05
48,44,6,8.71
49,44,6,8.15
50,44,6,8.5
51,44,6,7.92
52,44,6,6.06
53,44,6,8.71
54,44,6,5.17
55,44,6,8.78
56,44,6,8.27
57,44,6,6.89
58,44,6,5.34
59,44,6,6.79
60,44,6,7.1
61,44,6,7.37
62,44,6,7.46
63,44,6,8.4
64,44,6,6.55
65,44,6,8.73
66,44,6,7.66
67,44,6,6.53
68,44,6,7.25
69,44,6,6.99
70,44,6,7.95
71,44,6,7.18
72,44,6,6.85
73,44,6,8.9
74,44,6,7.77
75,44,6,7.08
76,44,6,7.21
77,44,6,6.34
78,44,6,8.02
79,44,6,6.4
80,44,6,7.64
81,44,6,7.21
82,44,6,6.68
83,44,6,7.66
84,44,6,7.28
85,44,6,8.4
86,44,6,8.65
87,44,6,8.37
88,44,6,8.48
89,44,6,8.36
90,44,6,7.92
91,44,6,6.41
92,44,6,7.18
93,44,6,7.05
94,44,6,7.19
95,44,6,7.91
96,44,6,8.81
97,44,6,6.89
98,44,6,9.17
99,44,6,6.64
0,45,6,8.29
1,45,6,7.58
2,45,6,8.17
3,45,6,7.27
4,45,6,6.06
5,45,6,8.49
6,45,6,5.85
7,45,6,6.57
8,45,6,7.69
9,45,6,8.12
10,45,6,8.67
11,45,6,7.65
12,45,6,6.07
13,45,6,6.94
14,45,6,7.06
15,45,6,9.64
16,45,6,7.58
17,45,6,6.88
18,45,6,10.33
19,45,6,7.15
20,45,6,8.2
21,45,6,7.68
22,45,6,9.54
23,45,6,6.71
24,45,6,7.42
25,45,6,8.2
26,45,6,6.97
27,45,6,6.9
28,45,6,6.77
29,45,6,7.99
30,45,6,6.54
31,45,6,8.87
32,45,6,9.2
33,45,6,8.06
34,45,6,6.81
35,45,6,6.45
36,45,6,7.18
37,45,6,7.37
38,45,6,8.82
39,45,6,8.31
40,45,6,7.99
41,45,6,6.0
42,45,6,9.67
43,45,6,6.09
44,45,6,8.73
45,45,6,6.45
46,45,6,7.0
47,45,6,5.51
48,45,6,7.89
49,45,6,8.51
50,45,6,8.12
51,45,6,7.31
52,45,6,7.18
53,45,6,6.78
54,45,6,8.2
55,45,6,7.43
56,45,6,8.1
57,45,6,7.96
58,45,6,6.11
59,45,6,8.07
60,45,6,8.72
61,45,6,8.32
62,45,6,8.57
63,45,6,5.45
64,45,6,8.18
65,45,6,7.34
66,45,6,6.36
67,45,6,7.09
68,45,6,8.69
69,45,6,6.87
70,45,6,9.36
71,45,6,7.62
72,45,6,7.06
73,45,6,7.86
74,45,6,6.64
75,45,6,7.16
76,45,6,7.36
77,45,6,7.81
78,45,6,7.49
79,45,6,7.53
80,45,6,7.08
81,45,6,7.78
82,45,6,7.3
83,45,6,7.78
84,45,6,6.6
85,45,6,7.06
86,45,6,9.23
87,45,6,7.47
88,45,6,7.31
89,45,6,7.41
90,45,6,6.84
91,45,6,8.04
92,45,6,8.13
93,45,6,7.87
94,45,6,6.74
95,45,6,8.28
96,45,6,7.98
97,45,6,7.27
98,45,6,7.36
99,45,6,7.57
0,46,6,7.17
1,46,6,9.26
2,46,6,8.14
3,46,6,7.34
4,46,6,6.79
5,46,6,6.46
6,46,6,7.44
7,46,6,7.97
8,46,6,7.13
9,46,6,6.49
10,46,6,7.6
11,46,6,6.67
12,46,6,8.64
13,46,6,7.98
14,46,6,6.3
15,46,6,5.4
16,46,6,6.81
17,46,6,6.37
18,46,6,6.29
19,46,6,9.84
20,46,6,6.71
21,46,6,7.67
22,46,6,6.88
23,46,6,9.41
24,46,6,8.45
25,46,6,8.32
26,46,6,9.25
27,46,6,7.86
28,46,6,7.18
29,46,6,6.93
30,46,6,7.57
31,46,6,5.92
32,46,6,6.06
33,46,6,7.7
34,46,6,7.67
35,46,6,7.73
36,46,6,8.42
37,46,6,6.74
38,46,6,5.93
39,46,6,8.54
40,46,6,6.3
41,46,6,6.86
42,46,6,8.84
43,46,6,6.57
44,46,6,7.12
45,46,6,9.33
46,46,6,7.41
47,46,6,6.6
48,46,6,7.11
49,46,6,8.25
50,46,6,7.38
51,46,6,6.43
52,46,6,7.38
53,46,6,6.8
54,46,6,8.04
55,46,6,8.56
56,46,6,8.98
57,46,6,7.62
58,46,6,8.23
59,46,6,6.52
60,46,6,8.0
61,46,6,6.61
62,46,6,6.89
63,46,6,5.57
64,46,6,7.88
65,46,6,8.35
66,46,6,7.54
67,46,6,7.48
68,46,6,8.07
69,46,6,8.95
70,46,6,8.84
71,46,6,7.53
72,46,6,8.47
73,46,6,6.77
74,46,6,8.51
75,46,6,7.47
76,46,6,6.4
77,46,6,6.91
78,46,6,8.34
79,46,6,8.0
80,46,6,6.29
81,46,6,6.8
82,46,6,6.99
83,46,6,7.4
84,46,6,7.07
85,46,6,7.79
86,46,6,6.89
87,46,6,6.34
88,46,6,8.06
89,46,6,7.37
90,46,6,8.08
91,46,6,7.81
92,46,6,7.29
93,46,6,5.67
94,46,6,8.57
95,46,6,7.7
96,46,6,7.41
97,46,6,7.45
98,46,6,8.04
99,46,6,7.18
0,47,6,8.12
1,47,6,7.42
2,47,6,6.75
3,47,6,6.82
4,47,6,6.77
5,47,6,6.77
6,47,6,6.19
7,47,6,6.2
8,47,6,6.94
9,47,6,7.08
10,47,6,6.99
11,47,6,8.4
12,47,6,7.12
13,47,6,8.33
14,47,6,5.75
15,47,6,7.95
16,47,6,6.72
17,47,6,7.26
18,47,6,7.08
19,47,6,8.04
20,47,6,5.5
21,47,6,7.67
22,47,6,6.11
23,47,6,7.1
24,47,6,8.13
25,47,6,8.4
26,47,6,6.71
27,47,6,6.38
28,47,6,8.31
29,47,6,7.54
30,47,6,7.56
31,47,6,8.32
32,47,6,6.94
33,47,6,6.21
34,47,6,7.14
35,47,6,7.47
36,47,6,6.1
37,47,6,8.06
38,47,6,8.8
39,47,6,8.01
40,47,6,6.25
41,47,6,8.02
42,47,6,8.28
43,47,6,7.67
44,47,6,7.18
45,47,6,6.94
46,47,6,7.82
47,47,6,6.44
48,47,6,8.28
49,47,6,8.39
50,47,6,8.99
51,47,6,6.17
52,47,6,7.36
53,47,6,6.92
54,47,6,6.85
55,47,6,7.82
56,47,6,7.31
57,47,6,7.85
58,47,6,7.98
59,47,6,6.49
60,47,6,5.37
61,47,6,8.07
62,47,6,7.23
63,47,6,8.88
64,47,6,7.94
65,47,6,7.41
66,47,6,7.4
67,47,6,7.36
68,47,6,5.53
69,47,6,6.66
70,47,6,7.52
71,47,6,7.16
72,47,6,8.12
73,47,6,7.19
74,47,6,8.44
75,47,6,8.7
76,47,6,8.61
77,47,6,7.52
78,47,6,8.69
79,47,6,9.25
80,47,6,7.56
81,47,6,7.61
82,47,6,5.66
83,47,6,7.48
84,47,6,7.05
85,47,6,7.58
86,47,6,7.9
87,47,6,8.25
88,47,6,9.19
89,47,6,6.7
90,47,6,8.07
91,47,6,8.16
92,47,6,6.2
93,47,6,6.47
94,47,6,8.06
95,47,6,7.18
96,47,6,8.16
97,47,6,7.33
98,47,6,5.72
99,47,6,6.61
0,48,6,8.33
1,48,6,8.49
2,48,6,5.74
3,48,6,7.16
4,48,6,8.76
5,48,6,6.2
6,48,6,6.71
7,48,6,8.22
8,48,6,8.44
9,48,6,8.23
10,48,6,7.62
11,48,6,7.64
12,48,6,6.33
13,48,6,8.48
14,48,6,7.8
15,48,6,7.97
16,48,6,8.27
17,48,6,6.84
18,48,6,7.85
19,48,6,7.53
20,48,6,7.66
21,48,6,7.26
22,48,6,7.66
23,48,6,6.71
24,48,6,8.5
25,48,6,7.33
26,48,6,6.9
27,48,6,7.67
28,48,6,7.94
29,48,6,8.17
30,48,6,6.41
31,48,6,7.82
32,48,6,7.66
33,48,6,7.56
34,48,6,8.54
35,48,6,7.79
36,48,6,6.81
37,48,6,7.75
38,48,6,6.67
39,48,6,5.87
40,48,6,7.42
41,48,6,5.38
42,48,6,6.98
43,48,6,7.0
44,48,6,7.65
45,48,6,9.04
46,48,6,6.61
47,48,6,8.21
48,48,6,6.87
49,48,6,8.64
50,48,6,7.66
51,48,6,8.55
52,48,6,8.26
53,48,6,7.4
54,48,6,8.37
55,48,6,7.57
56,48,6,7.3
57,48,6,6.81
58,48,6,6.84
59,48,6,8.32
60,48,6,7.03
61,48,6,6.35
62,48,6,6.81
63,48,6,6.63
64,48,6,8.18
65,48,6,7.42
66,48,6,6.58
67,48,6,7.6
68,48,6,8.88
69,48,6,6.12
70,48,6,5.87
71,48,6,7.54
72,48,6,7.82
73,48,6,7.79
74,48,6,6.22
75,48,6,7.18
76,48,6,6.3
77,48,6,7.89
78,48,6,8.43
79,48,6,6.84
80,48,6,7.4
81,48,6,8.75
82,48,6,6.73
83,48,6,6.62
84,48,6,9.18
85,48,6,9.44
86,48,6,7.1
87,48,6,7.86
88,48,6,8.79
89,48,6,8.24
90,48,6,8.28
91,48,6,6.4
92,48,6,8.6
93,48,6,7.87
94,48,6,7.55
95,48,6,6.75
96,48,6,5.64
97,48,6,6.03
98,48,6,6.85
99,48,6,7.2
0,49,6,7.79
1,49,6,7.99
2,49,6,8.21
3,49,6,7.2
4,49,6,8.19
5,49,6,6.83
6,49,6,8.14
7,49,6,7.85
8,49,6,7.25
9,49,6,7.41
10,49,6,7.89
11,49,6,7.23
12,49,6,7.76
13,49,6,7.94
14,49,6,7.6
15,49,6,8.86
16,49,6,7.64
17,49,6,7.15
18,49,6,8.23
19,49,6,6.39
20,49,6,7.18
21,49,6,9.15
22,49,6,8.3
23,49,6,6.04
24,49,6,6.37
25,49,6,8.39
26,49,6,8.98
27,49,6,8.85
28,49,6,6.12
29,49,6,5.86
30,49,6,7.65
31,49,6,8.17
32,49,6,6.15
33,49,6,8.07
34,49,6,7.34
35,49,6,8.01
36,49,6,7.09
37,49,6,6.75
38,49,6,6.56
39,49,6,6.92
40,49,6,8.55
41,49,6,6.65
42,49,6,7.68
43,49,6,7.16
44,49,6,7.51
45,49,6,7.29
46,49,6,6.54
47,49,6,9.08
48,49,6,8.63
49,49,6,7.47
50,49,6,7.67
51,49,6,8.24
52,49,6,8.31
53,49,6,6.49
54,49,6,8.04
55,49,6,8.48
56,49,6,6.27
57,49,6,7.25
58,49,6,8.28
59,49,6,7.85
60,49,6,6.09
61,49,6,7.01
62,49,6,6.02
63,49,6,7.71
64,49,6,8.02
65,49,6,8.8
66,49,6,7.45
67,49,6,6.5
68,49,6,6.4
69,49,6,8.09
70,49,6,6.89
71,49,6,7.33
72,49,6,5.54
73,49,6,6.37
74,49,6,6.05
75,49,6,7.52
76,49,6,6.7
77,49,6,8.94
78,49,6,8.43
79,49,6,7.41
80,49,6,8.53
81,49,6,6.17
82,49,6,7.46
83,49,6,6.24
84,49,6,7.34
85,49,6,7.34
86,49,6,9.53
87,49,6,7.16
88,49,6,6.31
89,49,6,7.21
90,49,6,6.94
91,49,6,7.75
92,49,6,7.13
93,49,6,8.57
94,49,6,8.01
95,49,6,8.12
96,49,6,8.3
97,49,6,7.95
98,49,6,7.33
99,49,6,7.82
0,50,6,6.59
1,50,6,7.39
2,50,6,9.35
3,50,6,7.95
4,50,6,5.7
5,50,6,7.4
6,50,6,6.86
7,50,6,9.45
8,50,6,6.0
9,50,6,8.34
10,50,6,6.61
11,50,6,6.09
12,50,6,6.44
13,50,6,8.73
14,50,6,6.34
15,50,6,7.59
16,50,6,8.31
17,50,6,5.75
18,50,6,8.42
19,50,6,7.42
20,50,6,6.63
21,50,6,7.72
22,50,6,8.1
23,50,6,8.6
24,50,6,6.07
25,50,6,7.34
26,50,6,8.46
27,50,6,7.13
28,50,6,8.04
29,50,6,6.69
30,50,6,8.34
31,50,6,6.75
32,50,6,6.79
33,50,6,7.05
34,50,6,6.2
35,50,6,7.1
36,50,6,7.71
37,50,6,8.06
38,50,6,6.8
39,50,6,7.12
40,50,6,8.4
41,50,6,5.85
42,50,6,6.97
43,50,6,7.81
44,50,6,8.35
45,50,6,7.86
46,50,6,6.12
47,50,6,6.53
48,50,6,7.95
49,50,6,8.26
50,50,6,8.88
51,50,6,7.39
52,50,6,7.34
53,50,6,7.16
54,50,6,9.01
55,50,6,8.32
56,50,6,6.64
57,50,6,6.29
58,50,6,7.67
59,50,6,7.04
60,50,6,8.45
61,50,6,7.77
62,50,6,7.69
63,50,6,5.7
64,50,6,7.84
65,50,6,7.49
66,50,6,7.09
67,50,6,5.27
68,50,6,7.88
69,50,6,7.41
70,50,6,7.33
71,50,6,7.14
72,50,6,6.46
73,50,6,6.2
74,50,6,7.17
75,50,6,5.15
76,50,6,6.49
77,50,6,7.95
78,50,6,6.41
79,50,6,7.17
80,50,6,8.11
81,50,6,7.31
82,50,6,8.8
83,50,6,8.58
84,50,6,7.49
85,50,6,6.78
86,50,6,8.12
87,50,6,8.4
88,50,6,7.32
89,50,6,8.26
90,50,6,6.05
91,50,6,7.45
92,50,6,7.8
93,50,6,6.87
94,50,6,9.49
95,50,6,6.52
96,50,6,7.4
97,50,6,7.75
98,50,6,7.3
99,50,6,6.7
0,51,6,7.24
1,51,6,7.72
2,51,6,6.98
3,51,6,8.94
4,51,6,6.69
5,51,6,8.57
6,51,6,5.95
7,51,6,7.53
8,51,6,7.4
9,51,6,6.5
10,51,6,6.98
11,51,6,5.86
12,51,6,8.42
13,51,6,8.81
14,51,6,5.57
15,51,6,6.83
16,51,6,6.86
17,51,6,8.74
18,51,6,6.07
19,51,6,7.51
20,51,6,8.6
21,51,6,6.82
22,51,6,7.96
23,51,6,7.47
24,51,6,7.35
25,51,6,7.7
26,51,6,6.56
27,51,6,7.97
28,51,6,8.06
29,51,6,8.04
30,51,6,8.39
31,51,6,7.47
32,51,6,6.29
33,51,6,7.83
34,51,6,8.2
35,51,6,6.68
36,51,6,9.36
37,51,6,8.63
38,51,6,6.89
39,51,6,5.87
40,51,6,8.01
41,51,6,7.9
42,51,6,7.97
43,51,6,7.76
44,51,6,7.79
45,51,6,7.24
46,51,6,7.92
47,51,6,6.17
48,51,6,7.66
49,51,6,8.12
50,51,6,7.9
51,51,6,7.79
52,51,6,8.76
53,51,6,7.82
54,51,6,6.94
55,51,6,9.52
56,51,6,6.99
57,51,6,7.63
58,51,6,7.25
59,51,6,8.01
60,51,6,8.55
61,51,6,7.17
62,51,6,6.97
63,51,6,8.41
64,51,6,5.96
65,51,6,8.26
66,51,6,6.78
67,51,6,7.17
68,51,6,8.41
69,51,6,6.2
70,51,6,6.81
71,51,6,8.31
72,51,6,7.36
73,51,6,6.64
74,51,6,6.04
75,51,6,6.66
76,51,6,8.54
77,51,6,6.97
78,51,6,8.46
79,51,6,6.8
80,51,6,7.75
81,51,6,5.85
82,51,6,6.67
83,51,6,8.71
84,51,6,8.25
85,51,6,7.57
86,51,6,8.4
87,51,6,6.95
88,51,6,7.56
89,51,6,8.01
90,51,6,6.71
91,51,6,6.97
92,51,6,6.87
93,51,6,7.06
94,51,6,7.13
95,51,6,5.96
96,51,6,6.96
97,51,6,8.82
98,51,6,8.3
99,51,6,6.8
0,52,6,8.47
1,52,6,7.11
2,52,6,5.66
3,52,6,7.51
4,52,6,6.25
5,52,6,6.91
6,52,6,8.63
7,52,6,5.67
8,52,6,5.97
9,52,6,6.65
10,52,6,5.82
11,52,6,7.27
12,52,6,7.3
13,52,6,8.72
14,52,6,7.96
15,52,6,7.48
16,52,6,7.91
17,52,6,7.43
18,52,6,6.47
19,52,6,7.6
20,52,6,5.65
21,52,6,4.95
22,52,6,8.73
23,52,6,8.1
24,52,6,7.31
25,52,6,7.96
26,52,6,7.31
27,52,6,8.25
28,52,6,7.47
29,52,6,7.38
30,52,6,6.73
31,52,6,8.65
32,52,6,6.56
33,52,6,7.67
34,52,6,8.0
35,52,6,5.75
36,52,6,7.07
37,52,6,7.83
38,52,6,7.81
39,52,6,8.49
40,52,6,8.46
41,52,6,7.13
42,52,6,6.64
43,52,6,8.1
44,52,6,9.45
45,52,6,6.04
46,52,6,7.76
47,52,6,8.33
48,52,6,6.39
49,52,6,7.26
50,52,6,6.57
51,52,6,6.33
52,52,6,8.73
53,52,6,6.03
54,52,6,7.65
55,52,6,8.02
56,52,6,8.79
57,52,6,7.9
58,52,6,7.12
59,52,6,7.94
60,52,6,7.73
61,52,6,6.86
62,52,6,6.54
63,52,6,8.14
64,52,6,7.78
65,52,6,7.83
66,52,6,9.75
67,52,6,7.81
68,52,6,6.92
69,52,6,7.43
70,52,6,7.87
71,52,6,7.44
72,52,6,9.0
73,52,6,7.24
74,52,6,8.0
75,52,6,7.35
76,52,6,7.55
77,52,6,6.31
78,52,6,7.05
79,52,6,6.94
80,52,6,7.53
81,52,6,7.17
82,52,6,6.8
83,52,6,7.18
84,52,6,8.09
85,52,6,6.72
86,52,6,6.65
87,52,6,7.44
88,52,6,8.69
89,52,6,8.47
90,52,6,7.34
91,52,6,6.52
92,52,6,6.68
93,52,6,6.43
94,52,6,6.18
95,52,6,6.52
96,52,6,8.2
97,52,6,7.39
98,52,6,7.53
99,52,6,7.64
0,53,6,7.23
1,53,6,6.92
2,53,6,7.89
3,53,6,7.97
4,53,6,7.59
5,53,6,7.27
6,53,6,7.69
7,53,6,7.93
8,53,6,8.83
9,53,6,8.9
10,53,6,6.91
11,53,6,8.14
12,53,6,7.79
13,53,6,8.21
14,53,6,6.64
15,53,6,9.64
16,53,6,6.12
17,53,6,7.06
18,53,6,8.89
19,53,6,6.68
20,53,6,7.37
21,53,6,7.91
22,53,6,8.1
23,53,6,7.47
24,53,6,7.14
25,53,6,7.89
26,53,6,8.44
27,53,6,6.09
28,53,6,7.16
29,53,6,7.22
30,53,6,7.33
31,53,6,6.73
32,53,6,7.33
33,53,6,7.09
34,53,6,6.74
35,53,6,6.65
36,53,6,7.39
37,53,6,8.22
38,53,6,7.52
39,53,6,7.22
40,53,6,8.37
41,53,6,5.74
42,53,6,6.27
43,53,6,8.6
44,53,6,7.45
45,53,6,6.68
46,53,6,8.61
47,53,6,7.45
48,53,6,7.29
49,53,6,7.41
50,53,6,5.97
51,53,6,5.94
52,53,6,8.27
53,53,6,7.44
54,53,6,8.18
55,53,6,8.03
56,53,6,7.54
57,53,6,7.16
58,53,6,9.0
59,53,6,8.26
60,53,6,7.76
61,53,6,6.22
62,53,6,6.26
63,53,6,8.12
64,53,6,7.15
65,53,6,7.64
66,53,6,6.76
67,53,6,7.98
68,53,6,7.09
69,53,6,8.27
70,53,6,8.14
71,53,6,6.51
72,53,6,6.45
73,53,6,7.66
74,53,6,7.12
75,53,6,7.75
76,53,6,5.45
77,53,6,7.03
78,53,6,5.92
79,53,6,5.63
80,53,6,7.92
81,53,6,8.74
82,53,6,5.93
83,53,6,7.93
84,53,6,7.38
85,53,6,7.43
86,53,6,5.69
87,53,6,8.85
88,53,6,9.02
89,53,6,6.91
90,53,6,7.88
91,53,6,7.93
92,53,6,8.16
93,53,6,7.77
94,53,6,7.27
95,53,6,6.66
96,53,6,7.84
97,53,6,6.85
98,53,6,7.75
99,53,6,7.61
0,54,6,4.17
1,54,6,6.59
2,54,6,9.28
3,54,6,7.23
4,54,6,6.35
5,54,6,7.55
6,54,6,7.22
7,54,6,7.41
8,54,6,6.02
9,54,6,7.9
10,54,6,7.48
11,54,6,7.18
12,54,6,7.22
13,54,6,6.06
14,54,6,6.92
15,54,6,6.27
16,54,6,8.18
17,54,6,6.84
18,54,6,7.83
19,54,6,7.39
20,54,6,7.5
21,54,6,5.8
22,54,6,6.89
23,54,6,8.69
24,54,6,7.76
25,54,6,8.17
26,54,6,7.4
27,54,6,6.52
28,54,6,7.27
29,54,6,8.65
30,54,6,6.7
31,54,6,6.88
32,54,6,7.51
33,54,6,7.02
34,54,6,8.32
35,54,6,6.36
36,54,6,7.78
37,54,6,7.1
38,54,6,7.11
39,54,6,7.99
40,54,6,8.25
41,54,6,7.61
42,54,6,7.78
43,54,6,7.94
44,54,6,6.03
45,54,6,7.81
46,54,6,6.79
47,54,6,6.2
48,54,6,7.6
49,54,6,6.75
50,54,6,8.75
51,54,6,6.59
52,54,6,5.87
53,54,6,7.57
54,54,6,8.73
55,54,6,7.35
56,54,6,7.21
57,54,6,6.39
58,54,6,7.37
59,54,6,8.47
60,54,6,7.07
61,54,6,6.34
62,54,6,7.4
63,54,6,7.76
64,54,6,8.99
65,54,6,7.53
66,54,6,7.06
67,54,6,7.74
68,54,6,8.01
69,54,6,6.41
70,54,6,7.06
71,54,6,7.97
72,54,6,7.33
73,54,6,7.65
74,54,6,8.19
75,54,6,8.88
76,54,6,7.99
77,54,6,5.49
78,54,6,5.55
79,54,6,6.4
80,54,6,8.53
81,54,6,7.16
82,54,6,7.85
83,54,6,7.21
84,54,6,7.89
85,54,6,7.39
86,54,6,7.72
87,54,6,7.77
88,54,6,7.17
89,54,6,8.11
90,54,6,6.81
91,54,6,6.28
92,54,6,7.26
93,54,6,9.26
94,54,6,7.05
95,54,6,6.56
96,54,6,6.93
97,54,6,7.64
98,54,6,6.36
99,54,6,9.29
0,55,6,7.83
1,55,6,6.51
2,55,6,7.59
3,55,6,6.2
4,55,6,7.49
5,55,6,6.57
6,55,6,7.81
7,55,6,7.88
8,55,6,7.7
9,55,6,8.73
10,55,6,7.92
11,55,6,6.66
12,55,6,6.01
13,55,6,7.53
14,55,6,6.44
15,55,6,6.67
16,55,6,8.45
17,55,6,8.23
18,55,6,7.97
19,55,6,6.95
20,55,6,8.3
21,55,6,7.47
22,55,6,7.55
23,55,6,8.22
24,55,6,7.87
25,55,6,7.71
26,55,6,8.29
27,55,6,7.61
28,55,6,6.66
29,55,6,6.26
30,55,6,8.21
31,55,6,7.66
32,55,6,7.65
33,55,6,6.72
34,55,6,8.25
35,55,6,7.19
36,55,6,8.16
37,55,6,6.25
38,55,6,7.28
39,55,6,7.31
40,55,6,10.08
41,55,6,6.64
42,55,6,6.81
43,55,6,8.44
44,55,6,8.77
45,55,6,7.43
46,55,6,5.65
47,55,6,6.78
48,55,6,7.48
49,55,6,6.93
50,55,6,6.24
51,55,6,10.44
52,55,6,7.87
53,55,6,6.82
54,55,6,6.69
55,55,6,6.88
56,55,6,8.18
57,55,6,6.67
58,55,6,7.63
59,55,6,7.25
60,55,6,7.39
61,55,6,5.38
62,55,6,7.04
63,55,6,6.27
64,55,6,7.49
65,55,6,7.45
66,55,6,8.23
67,55,6,6.71
68,55,6,8.13
69,55,6,7.43
70,55,6,6.75
71,55,6,7.16
72,55,6,7.05
73,55,6,5.99
74,55,6,7.32
75,55,6,6.68
76,55,6,8.67
77,55,6,7.33
78,55,6,7.55
79,55,6,7.21
80,55,6,8.51
81,55,6,7.39
82,55,6,6.81
83,55,6,8.41
84,55,6,7.75
85,55,6,7.55
86,55,6,7.17
87,55,6,5.9
88,55,6,7.61
89,55,6,7.69
90,55,6,6.51
91,55,6,5.91
92,55,6,7.91
93,55,6,6.73
94,55,6,7.8
95,55,6,7.93
96,55,6,6.97
97,55,6,7.75
98,55,6,6.36
99,55,6,8.73
0,56,6,6.6
1,56,6,6.79
2,56,6,7.5
3,56,6,6.69
4,56,6,7.31
5,56,6,7.76
6,56,6,8.29
7,56,6,7.69
8,56,6,7.58
9,56,6,5.95
10,56,6,8.71
11,56,6,7.95
12,56,6,7.22
13,56,6,6.11
14,56,6,8.24
15,56,6,6.83
16,56,6,6.47
17,56,6,6.58
18,56,6,7.54
19,56,6,7.41
20,56,6,7.04
21,56,6,7.33
22,56,6,7.85
23,56,6,6.71
24,56,6,7.46
25,56,6,7.97
26,56,6,7.97
27,56,6,8.62
28,56,6,8.59
29,56,6,5.59
30,56,6,7.58
31,56,6,7.37
32,56,6,7.21
33,56,6,7.01
34,56,6,7.73
35,56,6,7.58
36,56,6,8.63
37,56,6,7.74
38,56,6,7.38
39,56,6,8.08
40,56,6,7.82
41,56,6,7.39
42,56,6,8.14
43,56,6,7.91
44,56,6,8.44
45,56,6,8.98
46,56,6,6.02
47,56,6,6.52
48,56,6,6.14
49,56,6,6.24
50,56,6,6.14
51,56,6,8.79
52,56,6,7.73
53,56,6,5.84
54,56,6,7.24
55,56,6,7.52
56,56,6,6.36
57,56,6,6.83
58,56,6,9.4
59,56,6,7.3
60,56,6,6.67
61,56,6,6.56
62,56,6,7.71
63,56,6,7.39
64,56,6,7.2
65,56,6,8.73
66,56,6,8.52
67,56,6,6.71
68,56,6,6.84
69,56,6,7.92
70,56,6,7.88
71,56,6,8.13
72,56,6,7.69
73,56,6,6.68
74,56,6,6.1
75,56,6,8.82
76,56,6,7.45
77,56,6,7.26
78,56,6,7.9
79,56,6,7.71
80,56,6,7.77
81,56,6,9.01
82,56,6,7.3
83,56,6,6.77
84,56,6,6.55
85,56,6,7.25
86,56,6,8.02
87,56,6,6.01
88,56,6,7.24
89,56,6,7.25
90,56,6,7.43
91,56,6,7.45
92,56,6,6.97
93,56,6,9.36
94,56,6,7.76
95,56,6,8.9
96,56,6,6.86
97,56,6,6.95
98,56,6,5.31
99,56,6,9.83
0,57,6,6.39
1,57,6,8.29
2,57,6,7.84
3,57,6,7.92
4,57,6,7.38
5,57,6,9.17
6,57,6,7.76
7,57,6,8.64
8,57,6,6.35
9,57,6,6.53
10,57,6,8.22
11,57,6,7.19
12,57,6,6.57
13,57,6,7.56
14,57,6,8.09
15,57,6,7.53
16,57,6,8.43
17,57,6,6.84
18,57,6,8.04
19,57,6,8.43
20,57,6,7.17
21,57,6,8.18
22,57,6,6.03
23,57,6,7.89
24,57,6,8.43
25,57,6,9.72
26,57,6,9.37
27,57,6,6.44
28,57,6,7.52
29,57,6,6.36
30,57,6,7.69
31,57,6,6.97
32,57,6,5.61
33,57,6,7.87
34,57,6,7.96
35,57,6,8.19
36,57,6,8.44
37,57,6,8.24
38,57,6,6.35
39,57,6,7.16
40,57,6,8.72
41,57,6,4.77
42,57,6,7.92
43,57,6,8.05
44,57,6,7.82
45,57,6,6.65
46,57,6,7.36
47,57,6,7.03
48,57,6,6.14
49,57,6,7.46
50,57,6,7.64
51,57,6,7.7
52,57,6,7.1
53,57,6,6.56
54,57,6,8.16
55,57,6,7.27
56,57,6,6.98
57,57,6,7.36
58,57,6,7.09
59,57,6,7.3
60,57,6,7.07
61,57,6,6.89
62,57,6,8.12
63,57,6,7.31
64,57,6,6.55
65,57,6,8.79
66,57,6,6.69
67,57,6,8.23
68,57,6,7.4
69,57,6,6.34
70,57,6,7.79
71,57,6,7.43
72,57,6,8.35
73,57,6,6.7
74,57,6,7.68
75,57,6,7.56
76,57,6,8.13
77,57,6,7.77
78,57,6,6.75
79,57,6,8.29
80,57,6,6.71
81,57,6,7.0
82,57,6,7.07
83,57,6,7.18
84,57,6,6.98
85,57,6,7.15
86,57,6,5.74
87,57,6,6.13
88,57,6,5.82
89,57,6,6.47
90,57,6,6.7
91,57,6,6.69
92,57,6,6.95
93,57,6,5.95
94,57,6,8.37
95,57,6,7.09
96,57,6,6.34
97,57,6,6.55
98,57,6,7.11
99,57,6,7.39
0,58,6,7.35
1,58,6,8.1
2,58,6,6.54
3,58,6,6.56
4,58,6,7.27
5,58,6,7.81
6,58,6,7.5
7,58,6,7.82
8,58,6,6.31
9,58,6,8.15
10,58,6,6.69
11,58,6,8.79
12,58,6,7.76
13,58,6,6.75
14,58,6,5.86
15,58,6,6.71
16,58,6,7.37
17,58,6,7.35
18,58,6,6.89
19,58,6,8.05
20,58,6,7.25
21,58,6,7.93
22,58,6,6.68
23,58,6,7.82
24,58,6,7.29
25,58,6,8.57
26,58,6,8.07
27,58,6,6.83
28,58,6,7.74
29,58,6,6.67
30,58,6,8.01
31,58,6,7.67
32,58,6,6.27
33,58,6,8.89
34,58,6,6.13
35,58,6,9.35
36,58,6,8.3
37,58,6,8.29
38,58,6,7.01
39,58,6,7.78
40,58,6,8.03
41,58,6,6.12
42,58,6,7.86
43,58,6,8.06
44,58,6,8.51
45,58,6,8.29
46,58,6,7.54
47,58,6,7.07
48,58,6,7.56
49,58,6,7.68
50,58,6,7.93
51,58,6,7.22
52,58,6,7.01
53,58,6,6.42
54,58,6,5.36
55,58,6,7.29
56,58,6,6.74
57,58,6,7.13
58,58,6,6.49
59,58,6,7.29
60,58,6,6.68
61,58,6,7.48
62,58,6,7.65
63,58,6,7.18
64,58,6,9.09
65,58,6,7.53
66,58,6,7.17
67,58,6,9.59
68,58,6,7.73
69,58,6,6.99
70,58,6,7.72
71,58,6,6.63
72,58,6,7.54
73,58,6,7.9
74,58,6,9.09
75,58,6,6.57
76,58,6,6.71
77,58,6,8.42
78,58,6,7.53
79,58,6,5.71
80,58,6,7.49
81,58,6,6.91
82,58,6,8.81
83,58,6,8.01
84,58,6,7.4
85,58,6,8.18
86,58,6,6.55
87,58,6,8.32
88,58,6,6.55
89,58,6,8.46
90,58,6,7.32
91,58,6,6.03
92,58,6,8.7
93,58,6,9.32
94,58,6,8.06
95,58,6,6.58
96,58,6,7.47
97,58,6,5.56
98,58,6,7.73
99,58,6,7.0
0,59,6,6.45
1,59,6,7.28
2,59,6,7.72
3,59,6,7.0
4,59,6,7.59
5,59,6,7.43
6,59,6,8.27
7,59,6,8.03
8,59,6,6.77
9,59,6,5.92
10,59,6,8.34
11,59,6,7.37
12,59,6,8.37
13,59,6,7.06
14,59,6,7.57
15,59,6,8.27
16,59,6,7.63
17,59,6,6.6
18,59,6,7.09
19,59,6,8.0
20,59,6,7.65
21,59,6,7.83
22,59,6,7.5
23,59,6,8.45
24,59,6,8.11
25,59,6,8.26
26,59,6,6.8
27,59,6,6.48
28,59,6,7.14
29,59,6,8.09
30,59,6,8.09
31,59,6,6.23
32,59,6,6.06
33,59,6,6.57
34,59,6,7.95
35,59,6,8.66
36,59,6,7.91
37,59,6,6.44
38,59,6,7.34
39,59,6,6.2
40,59,6,7.55
41,59,6,8.01
42,59,6,7.89
43,59,6,6.1
44,59,6,7.28
45,59,6,8.2
46,59,6,6.8
47,59,6,6.15
48,59,6,7.56
49,59,6,8.0
50,59,6,7.5
51,59,6,8.15
52,59,6,6.27
53,59,6,7.47
54,59,6,6.83
55,59,6,7.94
56,59,6,8.45
57,59,6,8.13
58,59,6,7.23
59,59,6,7.56
60,59,6,7.87
61,59,6,9.49
62,59,6,6.78
63,59,6,6.89
64,59,6,7.19
65,59,6,7.61
66,59,6,7.3
67,59,6,6.36
68,59,6,7.15
69,59,6,6.82
70,59,6,7.34
71,59,6,5.05
72,59,6,7.59
73,59,6,7.97
74,59,6,7.12
75,59,6,8.36
76,59,6,7.88
77,59,6,8.38
78,59,6,8.59
79,59,6,8.16
80,59,6,7.12
81,59,6,7.66
82,59,6,8.69
83,59,6,6.91
84,59,6,6.85
85,59,6,5.52
86,59,6,6.88
87,59,6,7.69
88,59,6,6.91
89,59,6,8.22
90,59,6,8.28
91,59,6,7.23
92,59,6,7.04
93,59,6,6.8
94,59,6,8.67
95,59,6,6.84
96,59,6,6.96
97,59,6,8.53
98,59,6,7.45
99,59,6,7.34
0,60,6,5.84
1,60,6,5.93
2,60,6,8.44
3,60,6,8.5
4,60,6,7.73
5,60,6,7.78
6,60,6,8.08
7,60,6,6.56
8,60,6,7.47
9,60,6,9.68
10,60,6,7.85
11,60,6,8.76
12,60,6,7.33
13,60,6,7.73
14,60,6,7.3
15,60,6,7.54
16,60,6,7.38
17,60,6,6.81
18,60,6,8.84
19,60,6,7.41
20,60,6,8.44
21,60,6,7.02
22,60,6,8.35
23,60,6,7.77
24,60,6,6.62
25,60,6,7.3
26,60,6,6.93
27,60,6,6.97
28,60,6,7.3
29,60,6,8.38
30,60,6,6.97
31,60,6,6.29
32,60,6,6.83
33,60,6,5.83
34,60,6,8.21
35,60,6,7.39
36,60,6,7.16
37,60,6,7.27
38,60,6,8.1
39,60,6,8.15
40,60,6,8.28
41,60,6,7.49
42,60,6,6.89
43,60,6,6.33
44,60,6,7.72
45,60,6,7.74
46,60,6,6.48
47,60,6,8.52
48,60,6,7.25
49,60,6,7.88
50,60,6,7.41
51,60,6,7.04
52,60,6,6.88
53,60,6,8.82
54,60,6,7.8
55,60,6,7.73
56,60,6,5.92
57,60,6,8.91
58,60,6,7.79
59,60,6,7.76
60,60,6,5.56
61,60,6,8.94
62,60,6,6.25
63,60,6,7.89
64,60,6,8.17
65,60,6,7.82
66,60,6,8.34
67,60,6,7.26
68,60,6,8.58
69,60,6,7.18
70,60,6,6.84
71,60,6,8.63
72,60,6,8.25
73,60,6,7.39
74,60,6,7.28
75,60,6,6.7
76,60,6,8.8
77,60,6,7.1
78,60,6,8.88
79,60,6,7.02
80,60,6,8.24
81,60,6,7.36
82,60,6,6.4
83,60,6,5.73
84,60,6,7.21
85,60,6,7.97
86,60,6,7.24
87,60,6,8.68
88,60,6,8.14
89,60,6,6.64
90,60,6,8.95
91,60,6,6.66
92,60,6,7.43
93,60,6,8.79
94,60,6,7.49
95,60,6,8.72
96,60,6,7.42
97,60,6,7.24
98,60,6,9.19
99,60,6,6.58
0,61,6,9.12
1,61,6,5.93
2,61,6,7.73
3,61,6,7.94
4,61,6,8.29
5,61,6,8.09
6,61,6,8.37
7,61,6,7.5
8,61,6,6.52
9,61,6,5.64
10,61,6,8.16
11,61,6,7.92
12,61,6,8.21
13,61,6,7.46
14,61,6,8.91
15,61,6,7.87
16,61,6,7.75
17,61,6,7.31
18,61,6,7.59
19,61,6,8.43
20,61,6,6.84
21,61,6,7.05
22,61,6,8.46
23,61,6,8.37
24,61,6,6.13
25,61,6,7.02
26,61,6,7.02
27,61,6,7.91
28,61,6,6.96
29,61,6,8.18
30,61,6,8.13
31,61,6,8.26
32,61,6,7.44
33,61,6,8.37
34,61,6,6.76
35,61,6,6.66
36,61,6,7.31
37,61,6,9.02
38,61,6,7.25
39,61,6,6.88
40,61,6,7.22
41,61,6,6.82
42,61,6,7.57
43,61,6,6.16
44,61,6,7.86
45,61,6,7.75
46,61,6,7.75
47,61,6,8.34
48,61,6,8.14
49,61,6,7.46
50,61,6,8.27
51,61,6,6.79
52,61,6,6.87
53,61,6,6.36
54,61,6,7.68
55,61,6,8.93
56,61,6,6.9
57,61,6,7.43
58,61,6,9.04
59,61,6,8.05
60,61,6,7.78
61,61,6,7.0
62,61,6,7.65
63,61,6,8.43
64,61,6,8.12
65,61,6,7.97
66,61,6,7.39
67,61,6,7.85
68,61,6,7.0
69,61,6,7.24
70,61,6,7.14
71,61,6,8.11
72,61,6,8.39
73,61,6,8.61
74,61,6,6.68
75,61,6,7.12
76,61,6,8.0
77,61,6,6.58
78,61,6,6.2
79,61,6,7.33
80,61,6,7.75
81,61,6,7.22
82,61,6,7.84
83,61,6,6.81
84,61,6,7.05
85,61,6,6.78
86,61,6,6.76
87,61,6,7.77
88,61,6,7.32
89,61,6,7.31
90,61,6,7.56
91,61,6,8.31
92,61,6,7.07
93,61,6,7.89
94,61,6,8.04
95,61,6,6.6
96,61,6,8.32
97,61,6,8.45
98,61,6,6.44
99,61,6,6.16
0,62,6,7.06
1,62,6,7.71
2,62,6,6.34
3,62,6,6.65
4,62,6,8.22
5,62,6,7.93
6,62,6,8.1
7,62,6,8.96
8,62,6,8.43
9,62,6,5.86
10,62,6,7.88
11,62,6,8.25
12,62,6,7.26
13,62,6,9.45
14,62,6,6.73
15,62,6,7.14
16,62,6,7.5
17,62,6,9.07
18,62,6,7.07
19,62,6,7.75
20,62,6,7.18
21,62,6,7.71
22,62,6,7.22
23,62,6,7.07
24,62,6,6.62
25,62,6,8.7
26,62,6,6.33
27,62,6,6.22
28,62,6,7.39
29,62,6,7.85
30,62,6,7.63
31,62,6,7.68
32,62,6,7.8
33,62,6,9.69
34,62,6,6.69
35,62,6,7.76
36,62,6,8.4
37,62,6,7.12
38,62,6,7.71
39,62,6,8.97
40,62,6,6.95
41,62,6,7.81
42,62,6,7.64
43,62,6,7.01
44,62,6,6.96
45,62,6,6.97
46,62,6,7.82
47,62,6,7.72
48,62,6,7.21
49,62,6,7.0
50,62,6,7.68
51,62,6,6.35
52,62,6,7.49
53,62,6,6.36
54,62,6,7.81
55,62,6,6.68
56,62,6,7.67
57,62,6,8.71
58,62,6,7.29
59,62,6,9.01
60,62,6,8.88
61,62,6,6.97
62,62,6,8.73
63,62,6,7.06
64,62,6,5.98
65,62,6,7.98
66,62,6,8.74
67,62,6,5.88
68,62,6,8.66
69,62,6,7.69
70,62,6,7.38
71,62,6,5.95
72,62,6,5.83
73,62,6,7.37
74,62,6,8.35
75,62,6,7.1
76,62,6,5.35
77,62,6,7.26
78,62,6,8.65
79,62,6,5.73
80,62,6,6.74
81,62,6,9.0
82,62,6,6.61
83,62,6,6.26
84,62,6,6.71
85,62,6,7.85
86,62,6,7.34
87,62,6,7.32
88,62,6,7.59
89,62,6,7.13
90,62,6,8.5
91,62,6,6.89
92,62,6,6.91
93,62,6,7.06
94,62,6,9.77
95,62,6,8.3
96,62,6,7.87
97,62,6,7.84
98,62,6,5.96
99,62,6,7.44
0,63,6,6.99
1,63,6,7.23
2,63,6,7.2
3,63,6,8.11
4,63,6,7.53
5,63,6,7.52
6,63,6,8.39
7,63,6,8.96
8,63,6,7.48
9,63,6,7.58
10,63,6,7.45
11,63,6,6.69
12,63,6,7.53
13,63,6,6.09
14,63,6,6.57
15,63,6,8.42
16,63,6,8.06
17,63,6,5.61
18,63,6,7.68
19,63,6,6.36
20,63,6,9.37
21,63,6,8.65
22,63,6,7.88
23,63,6,6.74
24,63,6,7.03
25,63,6,5.98
26,63,6,7.97
27,63,6,9.22
28,63,6,7.43
29,63,6,7.24
30,63,6,8.36
31,63,6,5.88
32,63,6,6.95
33,63,6,6.84
34,63,6,7.8
35,63,6,6.95
36,63,6,7.62
37,63,6,5.48
38,63,6,7.96
39,63,6,7.18
40,63,6,7.91
41,63,6,7.93
42,63,6,9.55
43,63,6,6.65
44,63,6,7.39
45,63,6,8.3
46,63,6,8.41
47,63,6,7.33
48,63,6,7.18
49,63,6,6.93
50,63,6,5.86
51,63,6,7.59
52,63,6,8.6
53,63,6,8.44
54,63,6,7.39
55,63,6,7.22
56,63,6,7.03
57,63,6,6.57
58,63,6,5.94
59,63,6,7.38
60,63,6,7.7
61,63,6,7.93
62,63,6,8.44
63,63,6,6.45
64,63,6,6.41
65,63,6,7.5
66,63,6,6.42
67,63,6,7.64
68,63,6,7.82
69,63,6,7.87
70,63,6,6.41
71,63,6,7.83
72,63,6,7.63
73,63,6,7.84
74,63,6,7.22
75,63,6,5.86
76,63,6,7.78
77,63,6,5.83
78,63,6,8.14
79,63,6,8.33
80,63,6,8.38
81,63,6,7.04
82,63,6,7.38
83,63,6,7.96
84,63,6,8.73
85,63,6,7.38
86,63,6,7.61
87,63,6,7.61
88,63,6,8.18
89,63,6,6.9
90,63,6,8.21
91,63,6,9.13
92,63,6,7.44
93,63,6,7.82
94,63,6,7.3
95,63,6,6.4
96,63,6,7.09
97,63,6,8.02
98,63,6,6.51
99,63,6,7.82
0,64,6,7.57
1,64,6,7.38
2,64,6,9.04
3,64,6,8.89
4,64,6,7.49
5,64,6,8.63
6,64,6,6.39
7,64,6,6.78
8,64,6,6.09
9,64,6,8.39
10,64,6,7.49
11,64,6,6.08
12,64,6,5.71
13,64,6,8.08
14,64,6,8.62
15,64,6,6.97
16,64,6,7.17
17,64,6,7.81
18,64,6,7.62
19,64,6,7.89
20,64,6,7.74
21,64,6,7.43
22,64,6,6.44
23,64,6,7.23
24,64,6,7.04
25,64,6,7.75
26,64,6,7.55
27,64,6,7.54
28,64,6,8.89
29,64,6,8.1
30,64,6,8.83
31,64,6,6.82
32,64,6,6.36
33,64,6,7.34
34,64,6,7.33
35,64,6,6.7
36,64,6,9.23
37,64,6,6.35
38,64,6,7.0
39,64,6,6.47
40,64,6,8.33
41,64,6,7.0
42,64,6,7.34
43,64,6,7.72
44,64,6,8.43
45,64,6,6.99
46,64,6,6.91
47,64,6,6.65
48,64,6,6.29
49,64,6,7.88
50,64,6,7.48
51,64,6,7.35
52,64,6,7.38
53,64,6,8.58
54,64,6,7.37
55,64,6,8.73
56,64,6,8.09
57,64,6,7.15
58,64,6,6.9
59,64,6,7.37
60,64,6,6.46
61,64,6,8.42
62,64,6,8.98
63,64,6,7.53
64,64,6,6.9
65,64,6,7.26
66,64,6,8.13
67,64,6,7.97
68,64,6,7.11
69,64,6,7.0
70,64,6,6.14
71,64,6,7.03
72,64,6,6.34
73,64,6,8.31
74,64,6,7.85
75,64,6,6.9
76,64,6,6.24
77,64,6,9.05
78,64,6,7.92
79,64,6,8.03
80,64,6,8.28
81,64,6,7.15
82,64,6,6.86
83,64,6,7.84
84,64,6,7.63
85,64,6,8.23
86,64,6,6.76
87,64,6,8.25
88,64,6,7.39
89,64,6,7.71
90,64,6,8.53
91,64,6,6.18
92,64,6,6.85
93,64,6,6.44
94,64,6,8.53
95,64,6,9.09
96,64,6,7.87
97,64,6,6.08
98,64,6,8.29
99,64,6,6.49
0,65,6,8.46
1,65,6,5.79
2,65,6,10.48
3,65,6,7.6
4,65,6,7.51
5,65,6,6.85
6,65,6,8.13
7,65,6,8.23
8,65,6,6.85
9,65,6,10.37
10,65,6,6.53
11,65,6,7.47
12,65,6,8.2
13,65,6,7.53
14,65,6,7.84
15,65,6,6.72
16,65,6,8.48
17,65,6,6.76
18,65,6,6.57
19,65,6,8.18
20,65,6,7.86
21,65,6,6.77
22,65,6,6.63
23,65,6,7.04
24,65,6,7.57
25,65,6,7.29
26,65,6,8.44
27,65,6,8.94
28,65,6,7.29
29,65,6,8.57
30,65,6,6.94
31,65,6,6.7
32,65,6,7.33
33,65,6,7.73
34,65,6,7.25
35,65,6,7.22
36,65,6,7.82
37,65,6,8.66
38,65,6,7.56
39,65,6,7.15
40,65,6,6.77
41,65,6,6.78
42,65,6,7.41
43,65,6,7.45
44,65,6,6.24
45,65,6,9.01
46,65,6,5.79
47,65,6,7.06
48,65,6,8.39
49,65,6,5.76
50,65,6,9.47
51,65,6,6.67
52,65,6,6.28
53,65,6,5.52
54,65,6,7.52
55,65,6,7.39
56,65,6,7.66
57,65,6,7.11
58,65,6,7.81
59,65,6,7.61
60,65,6,5.75
61,65,6,6.24
62,65,6,7.75
63,65,6,7.43
64,65,6,7.94
65,65,6,7.52
66,65,6,7.32
67,65,6,7.19
68,65,6,7.44
69,65,6,7.97
70,65,6,5.76
71,65,6,6.7
72,65,6,7.86
73,65,6,5.77
74,65,6,8.08
75,65,6,6.9
76,65,6,7.09
77,65,6,7.7
78,65,6,9.29
79,65,6,6.32
80,65,6,7.92
81,65,6,7.41
82,65,6,6.4
83,65,6,8.75
84,65,6,8.05
85,65,6,7.8
86,65,6,6.86
87,65,6,9.01
88,65,6,6.96
89,65,6,6.11
90,65,6,7.09
91,65,6,8.58
92,65,6,6.46
93,65,6,7.71
94,65,6,8.39
95,65,6,7.4
96,65,6,6.42
97,65,6,6.09
98,65,6,6.37
99,65,6,8.39
0,66,6,7.24
1,66,6,5.88
2,66,6,7.28
3,66,6,6.97
4,66,6,8.37
5,66,6,5.69
6,66,6,7.98
7,66,6,7.34
8,66,6,8.07
9,66,6,7.8
10,66,6,7.72
11,66,6,7.97
12,66,6,7.42
13,66,6,7.12
14,66,6,9.61
15,66,6,7.57
16,66,6,8.4
17,66,6,8.68
18,66,6,7.34
19,66,6,7.14
20,66,6,8.62
21,66,6,5.44
22,66,6,6.84
23,66,6,5.72
24,66,6,7.94
25,66,6,9.53
26,66,6,7.57
27,66,6,6.87
28,66,6,7.07
29,66,6,8.01
30,66,6,7.17
31,66,6,8.13
32,66,6,7.25
33,66,6,6.81
34,66,6,8.19
35,66,6,6.88
36,66,6,7.7
37,66,6,8.12
38,66,6,6.65
39,66,6,7.31
40,66,6,8.44
41,66,6,7.43
42,66,6,6.68
43,66,6,5.99
44,66,6,4.98
45,66,6,6.73
46,66,6,9.31
47,66,6,8.65
48,66,6,7.26
49,66,6,7.63
50,66,6,7.78
51,66,6,6.77
52,66,6,7.89
53,66,6,8.59
54,66,6,7.07
55,66,6,7.97
56,66,6,7.42
57,66,6,7.36
58,66,6,7.01
59,66,6,7.11
60,66,6,8.21
61,66,6,7.29
62,66,6,7.98
63,66,6,7.85
64,66,6,8.2
65,66,6,7.49
66,66,6,8.46
67,66,6,8.22
68,66,6,7.72
69,66,6,8.61
70,66,6,6.74
71,66,6,7.46
72,66,6,6.78
73,66,6,7.19
74,66,6,6.85
75,66,6,7.02
76,66,6,8.09
77,66,6,8.48
78,66,6,7.96
79,66,6,6.75
80,66,6,5.8
81,66,6,7.5
82,66,6,6.34
83,66,6,7.25
84,66,6,8.07
85,66,6,6.8
86,66,6,7.74
87,66,6,8.64
88,66,6,7.68
89,66,6,7.77
90,66,6,6.91
91,66,6,7.76
92,66,6,8.06
93,66,6,7.37
94,66,6,7.49
95,66,6,9.07
96,66,6,7.87
97,66,6,8.73
98,66,6,6.93
99,66,6,7.96
0,67,6,8.57
1,67,6,7.52
2,67,6,7.33
3,67,6,6.85
4,67,6,7.37
5,67,6,5.78
6,67,6,7.72
7,67,6,8.25
8,67,6,8.02
9,67,6,6.03
10,67,6,7.37
11,67,6,8.03
12,67,6,7.35
13,67,6,8.02
14,67,6,7.73
15,67,6,6.06
16,67,6,7.68
17,67,6,7.03
18,67,6,8.75
19,67,6,6.53
20,67,6,9.64
21,67,6,8.63
22,67,6,8.18
23,67,6,8.62
24,67,6,8.54
25,67,6,8.94
26,67,6,7.35
27,67,6,9.52
28,67,6,6.92
29,67,6,6.02
30,67,6,7.73
31,67,6,7.39
32,67,6,6.96
33,67,6,6.13
34,67,6,8.3
35,67,6,5.71
36,67,6,8.62
37,67,6,7.61
38,67,6,6.72
39,67,6,7.91
40,67,6,8.32
41,67,6,9.16
42,67,6,6.89
43,67,6,6.2
44,67,6,8.42
45,67,6,7.74
46,67,6,7.42
47,67,6,8.33
48,67,6,6.32
49,67,6,6.86
50,67,6,6.84
51,67,6,5.67
52,67,6,7.05
53,67,6,8.57
54,67,6,7.93
55,67,6,7.78
56,67,6,8.33
57,67,6,6.15
58,67,6,7.87
59,67,6,7.78
60,67,6,8.33
61,67,6,6.95
62,67,6,7.88
63,67,6,6.29
64,67,6,7.23
65,67,6,6.34
66,67,6,7.55
67,67,6,7.28
68,67,6,6.9
69,67,6,7.83
70,67,6,9.1
71,67,6,7.83
72,67,6,8.34
73,67,6,7.44
74,67,6,7.48
75,67,6,8.23
76,67,6,8.34
77,67,6,8.42
78,67,6,5.14
79,67,6,6.76
80,67,6,7.33
81,67,6,8.53
82,67,6,6.39
83,67,6,7.27
84,67,6,7.05
85,67,6,6.16
86,67,6,8.38
87,67,6,8.57
88,67,6,8.62
89,67,6,8.43
90,67,6,8.29
91,67,6,8.57
92,67,6,7.87
93,67,6,7.49
94,67,6,6.03
95,67,6,6.88
96,67,6,7.23
97,67,6,6.86
98,67,6,9.28
99,67,6,7.75
0,68,6,6.9
1,68,6,7.57
2,68,6,6.6
3,68,6,8.67
4,68,6,9.53
5,68,6,9.16
6,68,6,6.73
7,68,6,6.98
8,68,6,6.56
9,68,6,7.81
10,68,6,7.05
11,68,6,7.28
12,68,6,7.58
13,68,6,7.68
14,68,6,6.52
15,68,6,6.27
16,68,6,8.19
17,68,6,8.74
18,68,6,8.06
19,68,6,7.54
20,68,6,6.1
21,68,6,9.31
22,68,6,8.44
23,68,6,8.24
24,68,6,6.29
25,68,6,7.75
26,68,6,7.07
27,68,6,7.94
28,68,6,8.42
29,68,6,6.15
30,68,6,6.51
31,68,6,9.15
32,68,6,7.49
33,68,6,6.38
34,68,6,7.84
35,68,6,7.44
36,68,6,7.83
37,68,6,7.08
38,68,6,7.33
39,68,6,6.36
40,68,6,7.25
41,68,6,6.98
42,68,6,8.41
43,68,6,7.78
44,68,6,6.67
45,68,6,7.89
46,68,6,7.36
47,68,6,6.66
48,68,6,7.32
49,68,6,7.1
50,68,6,6.11
51,68,6,8.13
52,68,6,7.08
53,68,6,7.19
54,68,6,8.93
55,68,6,8.47
56,68,6,7.95
57,68,6,5.6
58,68,6,7.76
59,68,6,6.94
60,68,6,6.73
61,68,6,7.55
62,68,6,8.6
63,68,6,6.57
64,68,6,6.19
65,68,6,5.49
66,68,6,7.23
67,68,6,8.86
68,68,6,7.18
69,68,6,8.71
70,68,6,7.21
71,68,6,7.6
72,68,6,7.31
73,68,6,6.28
74,68,6,7.87
75,68,6,7.73
76,68,6,7.61
77,68,6,9.41
78,68,6,7.39
79,68,6,7.52
80,68,6,7.04
81,68,6,8.96
82,68,6,7.9
83,68,6,7.89
84,68,6,6.8
85,68,6,9.31
86,68,6,7.54
87,68,6,7.76
88,68,6,7.31
89,68,6,7.78
90,68,6,8.15
91,68,6,6.6
92,68,6,8.25
93,68,6,8.13
94,68,6,8.2
95,68,6,7.72
96,68,6,7.52
97,68,6,7.72
98,68,6,7.21
99,68,6,7.45
0,69,6,6.05
1,69,6,7.53
2,69,6,8.63
3,69,6,6.94
4,69,6,8.03
5,69,6,7.21
6,69,6,5.94
7,69,6,9.2
8,69,6,6.57
9,69,6,7.82
10,69,6,7.44
11,69,6,7.39
12,69,6,8.01
13,69,6,8.36
14,69,6,8.25
15,69,6,8.04
16,69,6,7.42
17,69,6,7.61
18,69,6,6.23
19,69,6,6.5
20,69,6,7.28
21,69,6,8.6
22,69,6,8.31
23,69,6,7.38
24,69,6,7.78
25,69,6,7.45
26,69,6,7.35
27,69,6,8.4
28,69,6,7.89
29,69,6,7.94
30,69,6,7.29
31,69,6,6.61
32,69,6,9.59
33,69,6,8.16
34,69,6,4.38
35,69,6,6.83
36,69,6,6.58
37,69,6,7.22
38,69,6,8.03
39,69,6,7.26
40,69,6,6.56
41,69,6,9.68
42,69,6,6.27
43,69,6,8.24
44,69,6,5.03
45,69,6,8.25
46,69,6,6.93
47,69,6,6.96
48,69,6,8.03
49,69,6,6.24
50,69,6,6.53
51,69,6,8.26
52,69,6,7.41
53,69,6,6.91
54,69,6,6.57
55,69,6,7.92
56,69,6,9.11
57,69,6,7.33
58,69,6,6.75
59,69,6,9.29
60,69,6,8.35
61,69,6,7.97
62,69,6,8.47
63,69,6,8.67
64,69,6,6.67
65,69,6,8.78
66,69,6,8.22
67,69,6,7.99
68,69,6,6.16
69,69,6,7.39
70,69,6,6.47
71,69,6,6.94
72,69,6,7.1
73,69,6,6.77
74,69,6,7.54
75,69,6,6.96
76,69,6,7.25
77,69,6,9.55
78,69,6,7.32
79,69,6,7.8
80,69,6,7.79
81,69,6,6.51
82,69,6,8.87
83,69,6,7.22
84,69,6,7.18
85,69,6,6.82
86,69,6,5.82
87,69,6,6.02
88,69,6,6.13
89,69,6,7.97
90,69,6,7.16
91,69,6,7.3
92,69,6,6.18
93,69,6,7.85
94,69,6,6.52
95,69,6,7.94
96,69,6,6.06
97,69,6,6.98
98,69,6,6.63
99,69,6,7.25
0,70,6,8.7
1,70,6,7.54
2,70,6,7.52
3,70,6,8.64
4,70,6,7.92
5,70,6,7.95
6,70,6,8.05
7,70,6,7.75
8,70,6,7.6
9,70,6,8.64
10,70,6,8.22
11,70,6,7.8
12,70,6,7.9
13,70,6,6.46
14,70,6,7.98
15,70,6,8.14
16,70,6,7.26
17,70,6,7.26
18,70,6,8.76
19,70,6,9.3
20,70,6,6.97
21,70,6,8.59
22,70,6,8.44
23,70,6,7.35
24,70,6,7.97
25,70,6,8.43
26,70,6,8.92
27,70,6,7.21
28,70,6,7.87
29,70,6,8.41
30,70,6,7.26
31,70,6,5.85
32,70,6,7.14
33,70,6,8.87
34,70,6,6.53
35,70,6,6.71
36,70,6,7.48
37,70,6,9.55
38,70,6,8.17
39,70,6,8.6
40,70,6,7.66
41,70,6,6.29
42,70,6,7.55
43,70,6,6.77
44,70,6,8.63
45,70,6,4.89
46,70,6,7.94
47,70,6,7.38
48,70,6,7.77
49,70,6,5.84
50,70,6,8.54
51,70,6,9.52
52,70,6,7.8
53,70,6,8.81
54,70,6,8.43
55,70,6,8.7
56,70,6,6.96
57,70,6,6.93
58,70,6,8.44
59,70,6,7.98
60,70,6,7.52
61,70,6,6.5
62,70,6,7.93
63,70,6,8.93
64,70,6,6.37
65,70,6,8.2
66,70,6,8.46
67,70,6,9.13
68,70,6,7.66
69,70,6,7.47
70,70,6,7.72
71,70,6,7.28
72,70,6,7.5
73,70,6,7.91
74,70,6,7.73
75,70,6,8.48
76,70,6,7.7
77,70,6,7.41
78,70,6,7.22
79,70,6,7.7
80,70,6,6.41
81,70,6,7.83
82,70,6,5.69
83,70,6,8.17
84,70,6,7.44
85,70,6,7.02
86,70,6,8.06
87,70,6,6.79
88,70,6,9.03
89,70,6,8.04
90,70,6,8.27
91,70,6,8.15
92,70,6,6.83
93,70,6,7.65
94,70,6,7.23
95,70,6,8.66
96,70,6,5.25
97,70,6,8.07
98,70,6,6.99
99,70,6,8.12
0,71,6,7.84
1,71,6,6.93
2,71,6,8.15
3,71,6,7.41
4,71,6,9.23
5,71,6,7.31
6,71,6,8.08
7,71,6,6.51
8,71,6,8.16
9,71,6,6.89
10,71,6,6.52
11,71,6,7.99
12,71,6,9.21
13,71,6,6.55
14,71,6,7.11
15,71,6,8.82
16,71,6,9.37
17,71,6,6.23
18,71,6,8.79
19,71,6,8.84
20,71,6,7.32
21,71,6,6.57
22,71,6,9.09
23,71,6,7.82
24,71,6,10.1
25,71,6,9.94
26,71,6,8.59
27,71,6,6.99
28,71,6,7.19
29,71,6,6.69
30,71,6,6.55
31,71,6,9.78
32,71,6,5.76
33,71,6,8.26
34,71,6,6.8
35,71,6,6.47
36,71,6,7.5
37,71,6,8.06
38,71,6,7.24
39,71,6,6.33
40,71,6,7.88
41,71,6,7.26
42,71,6,7.58
43,71,6,7.8
44,71,6,6.28
45,71,6,7.35
46,71,6,7.79
47,71,6,7.08
48,71,6,8.03
49,71,6,6.0
50,71,6,7.35
51,71,6,8.68
52,71,6,6.91
53,71,6,6.08
54,71,6,7.41
55,71,6,6.51
56,71,6,7.58
57,71,6,7.15
58,71,6,6.27
59,71,6,7.1
60,71,6,9.75
61,71,6,9.65
62,71,6,6.97
63,71,6,8.24
64,71,6,7.24
65,71,6,7.57
66,71,6,8.69
67,71,6,6.45
68,71,6,7.19
69,71,6,7.22
70,71,6,7.19
71,71,6,7.69
72,71,6,6.43
73,71,6,6.98
74,71,6,8.63
75,71,6,7.88
76,71,6,8.24
77,71,6,6.79
78,71,6,7.78
79,71,6,6.69
80,71,6,6.5
81,71,6,6.38
82,71,6,7.1
83,71,6,7.92
84,71,6,6.41
85,71,6,6.77
86,71,6,7.9
87,71,6,8.52
88,71,6,7.44
89,71,6,6.63
90,71,6,7.57
91,71,6,8.11
92,71,6,9.52
93,71,6,7.13
94,71,6,8.44
95,71,6,8.04
96,71,6,7.39
97,71,6,7.65
98,71,6,6.58
99,71,6,6.83
0,72,6,7.23
1,72,6,7.21
2,72,6,8.16
3,72,6,7.76
4,72,6,6.86
5,72,6,7.58
6,72,6,9.93
7,72,6,8.37
8,72,6,7.09
9,72,6,8.17
10,72,6,7.28
11,72,6,7.87
12,72,6,9.38
13,72,6,8.07
14,72,6,5.68
15,72,6,8.3
16,72,6,5.95
17,72,6,5.85
18,72,6,7.41
19,72,6,8.32
20,72,6,7.06
21,72,6,6.48
22,72,6,8.34
23,72,6,8.89
24,72,6,8.43
25,72,6,8.84
26,72,6,9.28
27,72,6,7.88
28,72,6,8.45
29,72,6,7.85
30,72,6,7.66
31,72,6,8.59
32,72,6,6.1
33,72,6,7.83
34,72,6,5.48
35,72,6,6.38
36,72,6,6.84
37,72,6,7.99
38,72,6,7.69
39,72,6,8.78
40,72,6,8.12
41,72,6,7.12
42,72,6,7.2
43,72,6,7.22
44,72,6,8.81
45,72,6,9.06
46,72,6,5.26
47,72,6,8.52
48,72,6,8.19
49,72,6,7.33
50,72,6,7.81
51,72,6,5.7
52,72,6,7.04
53,72,6,8.59
54,72,6,8.22
55,72,6,8.02
56,72,6,6.23
57,72,6,7.28
58,72,6,6.35
59,72,6,7.2
60,72,6,6.86
61,72,6,5.05
62,72,6,8.18
63,72,6,8.52
64,72,6,6.63
65,72,6,6.49
66,72,6,8.4
67,72,6,8.11
68,72,6,7.84
69,72,6,8.36
70,72,6,7.43
71,72,6,6.36
72,72,6,7.54
73,72,6,8.65
74,72,6,8.68
75,72,6,7.63
76,72,6,7.67
77,72,6,6.68
78,72,6,8.77
79,72,6,7.2
80,72,6,7.56
81,72,6,6.77
82,72,6,5.66
83,72,6,7.32
84,72,6,7.92
85,72,6,7.44
86,72,6,6.53
87,72,6,8.72
88,72,6,8.11
89,72,6,7.1
90,72,6,7.19
91,72,6,6.63
92,72,6,6.67
93,72,6,7.05
94,72,6,8.78
95,72,6,7.39
96,72,6,8.27
97,72,6,5.98
98,72,6,7.19
99,72,6,6.9
0,73,6,7.09
1,73,6,7.76
2,73,6,7.46
3,73,6,6.84
4,73,6,9.16
5,73,6,8.19
6,73,6,7.18
7,73,6,6.98
8,73,6,7.99
9,73,6,7.38
10,73,6,7.63
11,73,6,8.52
12,73,6,8.59
13,73,6,7.61
14,73,6,7.39
15,73,6,8.45
16,73,6,6.76
17,73,6,7.03
18,73,6,7.44
19,73,6,8.62
20,73,6,8.91
21,73,6,9.0
22,73,6,10.9
23,73,6,9.37
24,73,6,10.26
25,73,6,9.81
26,73,6,8.83
27,73,6,7.77
28,73,6,9.03
29,73,6,8.73
30,73,6,9.14
31,73,6,7.6
32,73,6,8.67
33,73,6,8.17
34,73,6,7.32
35,73,6,9.49
36,73,6,5.28
37,73,6,7.34
38,73,6,7.78
39,73,6,8.14
40,73,6,9.09
41,73,6,5.94
42,73,6,8.74
43,73,6,7.93
44,73,6,6.85
45,73,6,8.3
46,73,6,7.81
47,73,6,8.18
48,73,6,7.72
49,73,6,7.34
50,73,6,7.21
51,73,6,8.05
52,73,6,7.32
53,73,6,6.8
54,73,6,5.77
55,73,6,7.84
56,73,6,8.84
57,73,6,8.24
58,73,6,7.52
59,73,6,7.9
60,73,6,7.11
61,73,6,8.29
62,73,6,8.69
63,73,6,7.64
64,73,6,6.35
65,73,6,6.22
66,73,6,7.25
67,73,6,6.99
68,73,6,8.57
69,73,6,7.94
70,73,6,6.68
71,73,6,7.2
72,73,6,6.78
73,73,6,8.22
74,73,6,6.55
75,73,6,7.69
76,73,6,6.83
77,73,6,6.88
78,73,6,5.15
79,73,6,7.01
80,73,6,7.03
81,73,6,7.78
82,73,6,8.13
83,73,6,7.26
84,73,6,7.11
85,73,6,7.87
86,73,6,9.02
87,73,6,7.38
88,73,6,7.37
89,73,6,8.13
90,73,6,7.88
91,73,6,7.14
92,73,6,7.65
93,73,6,7.22
94,73,6,8.01
95,73,6,8.08
96,73,6,5.34
97,73,6,7.3
98,73,6,6.69
99,73,6,8.17
0,74,6,8.45
1,74,6,6.96
2,74,6,8.77
3,74,6,7.13
4,74,6,5.86
5,74,6,8.4
6,74,6,8.94
7,74,6,7.9
8,74,6,8.04
9,74,6,8.09
10,74,6,7.44
11,74,6,7.29
12,74,6,9.15
13,74,6,7.68
14,74,6,9.02
15,74,6,8.04
16,74,6,7.95
17,74,6,9.61
18,74,6,8.86
19,74,6,7.35
20,74,6,8.81
21,74,6,8.67
22,74,6,9.64
23,74,6,10.78
24,74,6,11.65
25,74,6,11.07
26,74,6,10.66
27,74,6,10.73
28,74,6,8.68
29,74,6,7.9
30,74,6,9.07
31,74,6,7.01
32,74,6,8.1
33,74,6,5.71
34,74,6,7.61
35,74,6,9.09
36,74,6,8.4
37,74,6,7.47
38,74,6,6.22
39,74,6,7.22
40,74,6,7.48
41,74,6,6.82
42,74,6,8.66
43,74,6,6.63
44,74,6,9.22
45,74,6,7.43
46,74,6,7.32
47,74,6,7.44
48,74,6,7.88
49,74,6,6.99
50,74,6,7.24
51,74,6,8.55
52,74,6,7.91
53,74,6,7.54
54,74,6,7.6
55,74,6,9.37
56,74,6,6.63
57,74,6,8.77
58,74,6,6.33
59,74,6,6.55
60,74,6,7.36
61,74,6,6.45
62,74,6,8.49
63,74,6,6.36
64,74,6,7.87
65,74,6,6.36
66,74,6,7.35
67,74,6,7.05
68,74,6,7.11
69,74,6,7.02
70,74,6,7.98
71,74,6,6.94
72,74,6,6.87
73,74,6,6.03
74,74,6,8.48
75,74,6,7.72
76,74,6,7.6
77,74,6,5.17
78,74,6,6.65
79,74,6,7.22
80,74,6,7.51
81,74,6,6.96
82,74,6,6.9
83,74,6,8.04
84,74,6,7.89
85,74,6,8.32
86,74,6,7.59
87,74,6,7.48
88,74,6,7.52
89,74,6,7.36
90,74,6,6.99
91,74,6,8.84
92,74,6,8.06
93,74,6,7.33
94,74,6,8.1
95,74,6,7.09
96,74,6,9.01
97,74,6,7.39
98,74,6,8.54
99,74,6,7.03
0,75,6,7.77
1,75,6,5.69
2,75,6,8.77
3,75,6,7.74
4,75,6,8.28
5,75,6,7.79
6,75,6,7.59
7,75,6,7.34
8,75,6,8.47
9,75,6,9.54
10,75,6,7.22
11,75,6,7.83
12,75,6,8.29
13,75,6,7.06
14,75,6,9.2
15,75,6,6.66
16,75,6,9.01
17,75,6,7.71
18,75,6,8.57
19,75,6,7.55
20,75,6,8.44
21,75,6,10.07
22,75,6,11.29
23,75,6,11.69
24,75,6,11.3
25,75,6,11.51
26,75,6,11.3
27,75,6,10.19
28,75,6,9.36
29,75,6,9.36
30,75,6,6.85
31,75,6,6.38
32,75,6,8.36
33,75,6,8.35
34,75,6,7.03
35,75,6,7.67
36,75,6,7.55
37,75,6,5.81
38,75,6,8.88
39,75,6,7.16
40,75,6,7.33
41,75,6,7.44
42,75,6,5.15
43,75,6,8.1
44,75,6,6.64
45,75,6,7.92
46,75,6,6.39
47,75,6,7.72
48,75,6,7.11
49,75,6,7.01
50,75,6,7.48
51,75,6,6.75
52,75,6,7.33
53,75,6,8.17
54,75,6,8.56
55,75,6,7.99
56,75,6,8.3
57,75,6,7.63
58,75,6,8.39
59,75,6,7.41
60,75,6,7.17
61,75,6,7.6
62,75,6,7.0
63,75,6,7.35
64,75,6,7.8
65,75,6,7.99
66,75,6,8.52
67,75,6,7.99
68,75,6,7.29
69,75,6,6.84
70,75,6,5.99
71,75,6,6.42
72,75,6,7.73
73,75,6,9.76
74,75,6,7.0
75,75,6,8.3
76,75,6,9.37
77,75,6,6.93
78,75,6,7.52
79,75,6,7.54
80,75,6,7.97
81,75,6,8.01
82,75,6,7.09
83,75,6,9.2
84,75,6,7.54
85,75,6,7.39
86,75,6,8.25
87,75,6,7.19
88,75,6,7.37
89,75,6,6.06
90,75,6,6.57
91,75,6,7.28
92,75,6,7.32
93,75,6,8.26
94,75,6,9.79
95,75,6,8.72
96,75,6,8.14
97,75,6,8.9
98,75,6,7.55
99,75,6,6.69
0,76,6,7.61
1,76,6,6.53
2,76,6,7.13
3,76,6,8.04
4,76,6,8.09
5,76,6,6.48
6,76,6,8.38
7,76,6,7.54
8,76,6,7.24
9,76,6,9.73
10,76,6,7.78
11,76,6,7.4
12,76,6,7.29
13,76,6,7.74
14,76,6,8.22
15,76,6,7.32
16,76,6,6.43
17,76,6,9.48
18,76,6,9.56
19,76,6,7.84
20,76,6,10.22
21,76,6,11.12
22,76,6,10.77
23,76,6,11.73
24,76,6,12.97
25,76,6,11.5
26,76,6,9.06
27,76,6,9.64
28,76,6,10.75
29,76,6,7.93
30,76,6,7.39
31,76,6,8.19
32,76,6,6.86
33,76,6,8.11
34,76,6,7.16
35,76,6,8.73
36,76,6,7.99
37,76,6,6.49
38,76,6,8.55
39,76,6,7.37
40,76,6,8.11
41,76,6,5.7
42,76,6,8.11
43,76,6,8.62
44,76,6,8.17
45,76,6,5.85
46,76,6,7.29
47,76,6,7.73
48,76,6,7.68
49,76,6,8.88
50,76,6,6.92
51,76,6,7.82
52,76,6,9.22
53,76,6,8.02
54,76,6,7.8
55,76,6,9.28
56,76,6,6.94
57,76,6,8.9
58,76,6,7.76
59,76,6,6.37
60,76,6,7.91
61,76,6,6.03
62,76,6,7.43
63,76,6,7.55
64,76,6,7.29
65,76,6,6.97
66,76,6,7.25
67,76,6,7.43
68,76,6,6.51
69,76,6,9.22
70,76,6,8.13
71,76,6,7.71
72,76,6,8.54
73,76,6,7.59
74,76,6,5.38
75,76,6,8.11
76,76,6,6.8
77,76,6,7.29
78,76,6,5.78
79,76,6,8.94
80,76,6,8.42
81,76,6,6.68
82,76,6,6.31
83,76,6,7.95
84,76,6,7.05
85,76,6,8.06
86,76,6,8.43
87,76,6,7.56
88,76,6,7.64
89,76,6,8.57
90,76,6,6.97
91,76,6,8.0
92,76,6,7.44
93,76,6,7.58
94,76,6,7.16
95,76,6,8.71
96,76,6,7.67
97,76,6,7.86
98,76,6,7.2
99,76,6,7.92
0,77,6,9.5
1,77,6,8.4
2,77,6,5.74
3,77,6,7.06
4,77,6,6.36
5,77,6,6.62
6,77,6,7.48
7,77,6,9.85
8,77,6,6.17
9,77,6,5.66
10,77,6,6.96
11,77,6,6.85
12,77,6,6.14
13,77,6,6.27
14,77,6,8.32
15,77,6,8.72
16,77,6,7.14
17,77,6,8.26
18,77,6,7.33
19,77,6,8.06
20,77,6,9.77
21,77,6,9.85
22,77,6,9.9
23,77,6,11.35
24,77,6,10.52
25,77,6,11.91
26,77,6,10.02
27,77,6,10.32
28,77,6,9.78
29,77,6,8.32
30,77,6,9.42
31,77,6,7.44
32,77,6,8.52
33,77,6,7.71
34,77,6,7.06
35,77,6,7.15
36,77,6,7.87
37,77,6,8.17
38,77,6,7.1
39,77,6,7.86
40,77,6,9.59
41,77,6,8.17
42,77,6,6.96
43,77,6,9.08
44,77,6,6.79
45,77,6,5.84
46,77,6,6.13
47,77,6,6.69
48,77,6,7.81
49,77,6,6.72
50,77,6,8.55
51,77,6,8.76
52,77,6,9.06
53,77,6,8.59
54,77,6,7.11
55,77,6,8.22
56,77,6,6.92
57,77,6,7.33
58,77,6,6.47
59,77,6,7.21
60,77,6,6.15
61,77,6,7.56
62,77,6,6.56
63,77,6,8.8
64,77,6,8.66
65,77,6,7.47
66,77,6,8.95
67,77,6,7.88
68,77,6,8.34
69,77,6,7.83
70,77,6,7.28
71,77,6,6.99
72,77,6,7.38
73,77,6,8.37
74,77,6,7.88
75,77,6,5.78
76,77,6,7.79
77,77,6,7.46
78,77,6,7.61
79,77,6,7.99
80,77,6,8.66
81,77,6,6.74
82,77,6,8.63
83,77,6,8.75
84,77,6,8.03
85,77,6,7.08
86,77,6,7.1
87,77,6,7.14
88,77,6,7.52
89,77,6,7.14
90,77,6,7.16
91,77,6,7.48
92,77,6,7.63
93,77,6,7.97
94,77,6,9.35
95,77,6,7.87
96,77,6,7.91
97,77,6,8.03
98,77,6,7.51
99,77,6,6.82
0,78,6,7.55
1,78,6,7.74
2,78,6,6.38
3,78,6,6.79
4,78,6,9.05
5,78,6,9.23
6,78,6,9.36
7,78,6,7.85
8,78,6,5.86
9,78,6,7.5
10,78,6,6.53
11,78,6,8.08
12,78,6,8.21
13,78,6,6.98
14,78,6,6.8
15,78,6,6.22
16,78,6,7.88
17,78,6,8.18
18,78,6,8.15
19,78,6,8.99
20,78,6,9.11
21,78,6,8.88
22,78,6,10.81
23,78,6,10.96
24,78,6,10.38
25,78,6,11.32
26,78,6,11.48
27,78,6,10.03
28,78,6,9.65
29,78,6,9.04
30,78,6,8.05
31,78,6,7.47
32,78,6,5.59
33,78,6,7.77
34,78,6,7.6
35,78,6,7.75
36,78,6,6.72
37,78,6,5.76
38,78,6,7.58
39,78,6,5.85
40,78,6,6.92
41,78,6,7.57
42,78,6,6.64
43,78,6,8.65
44,78,6,8.93
45,78,6,5.04
46,78,6,8.26
47,78,6,7.94
48,78,6,7.43
49,78,6,6.92
50,78,6,6.64
51,78,6,8.74
52,78,6,8.69
53,78,6,7.81
54,78,6,7.7
55,78,6,6.51
56,78,6,6.58
57,78,6,8.0
58,78,6,6.94
59,78,6,6.29
60,78,6,7.7
61,78,6,7.63
62,78,6,8.55
63,78,6,6.7
64,78,6,7.13
65,78,6,6.73
66,78,6,8.08
67,78,6,7.2
68,78,6,8.64
69,78,6,7.86
70,78,6,7.91
71,78,6,7.01
72,78,6,6.67
73,78,6,8.3
74,78,6,7.63
75,78,6,7.77
76,78,6,7.11
77,78,6,7.54
78,78,6,6.45
79,78,6,7.43
80,78,6,7.65
81,78,6,8.09
82,78,6,8.23
83,78,6,9.14
84,78,6,6.23
85,78,6,8.04
86,78,6,8.16
87,78,6,7.31
88,78,6,8.46
89,78,6,7.85
90,78,6,6.62
91,78,6,8.5
92,78,6,6.52
93,78,6,6.59
94,78,6,7.6
95,78,6,7.12
96,78,6,7.24
97,78,6,5.81
98,78,6,7.35
99,78,6,5.96
0,79,6,8.36
1,79,6,8.53
2,79,6,7.72
3,79,6,8.19
4,79,6,6.51
5,79,6,5.84
6,79,6,7.97
7,79,6,7.24
8,79,6,7.42
9,79,6,6.93
10,79,6,6.21
11,79,6,7.57
12,79,6,7.11
13,79,6,7.64
14,79,6,6.66
15,79,6,7.73
16,79,6,8.54
17,79,6,6.82
18,79,6,8.7
19,79,6,9.9
20,79,6,8.65
21,79,6,7.86
22,79,6,8.99
23,79,6,9.74
24,79,6,9.91
25,79,6,10.17
26,79,6,9.91
27,79,6,8.3
28,79,6,7.51
29,79,6,9.59
30,79,6,8.71
31,79,6,7.74
32,79,6,5.8
33,79,6,8.48
34,79,6,7.54
35,79,6,6.98
36,79,6,7.47
37,79,6,8.09
38,79,6,7.54
39,79,6,8.41
40,79,6,6.75
41,79,6,8.13
42,79,6,6.07
43,79,6,6.29
44,79,6,6.73
45,79,6,8.57
46,79,6,7.64
47,79,6,6.67
48,79,6,8.14
49,79,6,7.66
50,79,6,8.14
51,79,6,8.68
52,79,6,6.53
53,79,6,7.2
54,79,6,7.37
55,79,6,8.45
56,79,6,7.22
57,79,6,7.5
58,79,6,8.2
59,79,6,8.94
60,79,6,7.52
61,79,6,7.68
62,79,6,7.76
63,79,6,8.85
64,79,6,9.37
65,79,6,7.18
66,79,6,7.07
67,79,6,8.94
68,79,6,7.46
69,79,6,7.25
70,79,6,8.97
71,79,6,8.66
72,79,6,6.81
73,79,6,6.11
74,79,6,7.05
75,79,6,6.74
76,79,6,7.02
77,79,6,7.42
78,79,6,6.17
79,79,6,8.9
80,79,6,8.79
81,79,6,7.49
82,79,6,8.52
83,79,6,8.43
84,79,6,9.37
85,79,6,6.66
86,79,6,6.06
87,79,6,6.66
88,79,6,7.1
89,79,6,7.19
90,79,6,6.74
91,79,6,7.15
92,79,6,6.64
93,79,6,6.86
94,79,6,8.58
95,79,6,5.99
96,79,6,6.88
97,79,6,5.32
98,79,6,6.94
99,79,6,7.1
0,80,6,8.49
1,80,6,8.55
2,80,6,5.34
3,80,6,6.91
4,80,6,5.97
5,80,6,7.84
6,80,6,6.17
7,80,6,7.72
8,80,6,7.88
9,80,6,7.81
10,80,6,5.77
11,80,6,7.3
12,80,6,7.04
13,80,6,7.15
14,80,6,6.6
15,80,6,7.36
16,80,6,8.68
17,80,6,9.3
18,80,6,5.9
19,80,6,8.51
20,80,6,8.17
21,80,6,9.28
22,80,6,6.9
23,80,6,9.59
24,80,6,8.28
25,80,6,10.05
26,80,6,8.45
27,80,6,9.42
28,80,6,9.05
29,80,6,8.23
30,80,6,8.91
31,80,6,6.81
32,80,6,8.75
33,80,6,7.38
34,80,6,8.48
35,80,6,7.52
36,80,6,8.64
37,80,6,7.2
38,80,6,7.11
39,80,6,6.5
40,80,6,7.55
41,80,6,9.32
42,80,6,9.46
43,80,6,6.37
44,80,6,6.94
45,80,6,5.84
46,80,6,7.12
47,80,6,7.08
48,80,6,7.45
49,80,6,8.83
50,80,6,6.26
51,80,6,7.35
52,80,6,8.32
53,80,6,8.75
54,80,6,7.94
55,80,6,7.07
56,80,6,5.51
57,80,6,8.61
58,80,6,7.51
59,80,6,8.7
60,80,6,9.14
61,80,6,7.53
62,80,6,7.7
63,80,6,7.86
64,80,6,7.12
65,80,6,7.47
66,80,6,7.62
67,80,6,7.43
68,80,6,7.4
69,80,6,6.77
70,80,6,6.74
71,80,6,9.27
72,80,6,7.62
73,80,6,7.99
74,80,6,8.73
75,80,6,5.48
76,80,6,7.24
77,80,6,8.4
78,80,6,6.09
79,80,6,7.13
80,80,6,9.05
81,80,6,7.69
82,80,6,6.39
83,80,6,8.71
84,80,6,8.09
85,80,6,8.19
86,80,6,8.67
87,80,6,7.23
88,80,6,7.2
89,80,6,6.95
90,80,6,6.72
91,80,6,7.97
92,80,6,7.37
93,80,6,7.11
94,80,6,7.42
95,80,6,7.16
96,80,6,7.4
97,80,6,8.32
98,80,6,7.59
99,80,6,7.95
0,81,6,7.94
1,81,6,7.43
2,81,6,6.51
3,81,6,5.94
4,81,6,8.6
5,81,6,6.72
6,81,6,8.17
7,81,6,6.8
8,81,6,8.28
9,81,6,6.82
10,81,6,8.32
11,81,6,6.35
12,81,6,7.46
13,81,6,7.97
14,81,6,7.9
15,81,6,6.06
16,81,6,7.88
17,81,6,7.73
18,81,6,9.08
19,81,6,7.87
20,81,6,7.86
21,81,6,8.45
22,81,6,7.52
23,81,6,7.8
24,81,6,8.1
25,81,6,9.06
26,81,6,9.09
27,81,6,6.16
28,81,6,7.35
29,81,6,7.33
30,81,6,6.87
31,81,6,7.26
32,81,6,7.2
33,81,6,8.93
34,81,6,8.64
35,81,6,7.52
36,81,6,6.81
37,81,6,8.22
38,81,6,6.74
39,81,6,7.16
40,81,6,6.39
41,81,6,7.14
42,81,6,6.68
43,81,6,8.34
44,81,6,6.4
45,81,6,8.86
46,81,6,7.67
47,81,6,7.79
48,81,6,8.38
49,81,6,6.48
50,81,6,7.4
51,81,6,7.28
52,81,6,8.43
53,81,6,8.05
54,81,6,6.78
55,81,6,7.28
56,81,6,7.57
57,81,6,8.73
58,81,6,6.85
59,81,6,6.65
60,81,6,8.09
61,81,6,6.64
62,81,6,6.33
63,81,6,6.85
64,81,6,7.4
65,81,6,7.29
66,81,6,7.45
67,81,6,7.6
68,81,6,7.82
69,81,6,7.25
70,81,6,6.76
71,81,6,6.01
72,81,6,6.65
73,81,6,8.32
74,81,6,7.94
75,81,6,7.05
76,81,6,6.49
77,81,6,7.66
78,81,6,5.74
79,81,6,6.55
80,81,6,8.04
81,81,6,6.76
82,81,6,7.28
83,81,6,7.87
84,81,6,9.21
85,81,6,7.02
86,81,6,6.78
87,81,6,7.24
88,81,6,5.64
89,81,6,7.63
90,81,6,7.65
91,81,6,8.0
92,81,6,7.44
93,81,6,8.03
94,81,6,6.42
95,81,6,8.42
96,81,6,7.57
97,81,6,6.75
98,81,6,7.66
99,81,6,7.19
0,82,6,7.44
1,82,6,7.97
2,82,6,7.04
3,82,6,7.54
4,82,6,6.64
5,82,6,7.99
6,82,6,7.3
7,82,6,7.28
8,82,6,8.48
9,82,6,8.18
10,82,6,7.03
11,82,6,8.71
12,82,6,6.0
13,82,6,6.59
14,82,6,8.63
15,82,6,6.86
16,82,6,8.21
17,82,6,8.2
18,82,6,6.64
19,82,6,7.69
20,82,6,8.34
21,82,6,7.03
22,82,6,6.85
23,82,6,8.13
24,82,6,7.75
25,82,6,8.08
26,82,6,6.63
27,82,6,7.86
28,82,6,6.41
29,82,6,6.9
30,82,6,7.68
31,82,6,5.96
32,82,6,6.1
33,82,6,6.79
34,82,6,8.56
35,82,6,6.26
36,82,6,8.57
37,82,6,8.38
38,82,6,6.74
39,82,6,8.3
40,82,6,7.81
41,82,6,6.81
42,82,6,8.11
43,82,6,7.15
44,82,6,7.19
45,82,6,7.64
46,82,6,6.46
47,82,6,7.68
48,82,6,6.15
49,82,6,8.07
50,82,6,7.83
51,82,6,6.4
52,82,6,6.85
53,82,6,7.57
54,82,6,7.81
55,82,6,8.56
56,82,6,6.68
57,82,6,8.26
58,82,6,8.0
59,82,6,7.73
60,82,6,6.64
61,82,6,6.9
62,82,6,7.58
63,82,6,7.24
64,82,6,7.1
65,82,6,6.72
66,82,6,7.58
67,82,6,6.92
68,82,6,8.12
69,82,6,6.72
70,82,6,7.31
71,82,6,8.62
72,82,6,7.4
73,82,6,8.88
74,82,6,6.46
75,82,6,7.47
76,82,6,6.71
77,82,6,7.06
78,82,6,9.35
79,82,6,6.98
80,82,6,7.31
81,82,6,8.62
82,82,6,6.78
83,82,6,6.94
84,82,6,6.99
85,82,6,6.91
86,82,6,6.83
87,82,6,8.24
88,82,6,5.75
89,82,6,7.62
90,82,6,7.71
91,82,6,6.44
92,82,6,7.61
93,82,6,8.28
94,82,6,9.01
95,82,6,7.89
96,82,6,7.34
97,82,6,8.54
98,82,6,7.93
99,82,6,8.12
0,83,6,7.08
1,83,6,6.6
2,83,6,7.23
3,83,6,8.47
4,83,6,8.3
5,83,6,8.1
6,83,6,6.35
7,83,6,6.84
8,83,6,8.55
9,83,6,6.99
10,83,6,5.95
11,83,6,6.84
12,83,6,7.67
13,83,6,7.27
14,83,6,8.65
15,83,6,8.17
16,83,6,7.58
17,83,6,8.3
18,83,6,8.71
19,83,6,6.53
20,83,6,6.51
21,83,6,7.83
22,83,6,6.89
23,83,6,5.24
24,83,6,6.98
25,83,6,6.69
26,83,6,8.46
27,83,6,8.79
28,83,6,7.28
29,83,6,6.78
30,83,6,7.17
31,83,6,8.17
32,83,6,7.23
33,83,6,8.75
34,83,6,7.3
35,83,6,6.25
36,83,6,8.06
37,83,6,7.67
38,83,6,7.72
39,83,6,7.58
40,83,6,8.76
41,83,6,7.17
42,83,6,5.93
43,83,6,8.11
44,83,6,7.36
45,83,6,7.48
46,83,6,7.54
47,83,6,8.0
48,83,6,7.38
49,83,6,7.39
50,83,6,6.08
51,83,6,8.51
52,83,6,8.85
53,83,6,7.41
54,83,6,6.87
55,83,6,7.66
56,83,6,8.09
57,83,6,7.28
58,83,6,8.12
59,83,6,6.98
60,83,6,8.58
61,83,6,7.61
62,83,6,9.82
63,83,6,8.0
64,83,6,8.3
65,83,6,7.25
66,83,6,6.8
67,83,6,8.02
68,83,6,7.63
69,83,6,8.83
70,83,6,7.78
71,83,6,7.23
72,83,6,7.86
73,83,6,7.8
74,83,6,8.27
75,83,6,8.96
76,83,6,6.08
77,83,6,7.28
78,83,6,7.3
79,83,6,9.73
80,83,6,6.72
81,83,6,8.37
82,83,6,5.41
83,83,6,7.08
84,83,6,7.97
85,83,6,6.43
86,83,6,7.11
87,83,6,8.02
88,83,6,6.44
89,83,6,7.71
90,83,6,7.55
91,83,6,8.77
92,83,6,7.58
93,83,6,7.14
94,83,6,7.54
95,83,6,7.93
96,83,6,7.53
97,83,6,6.16
98,83,6,7.43
99,83,6,7.02
0,84,6,8.98
1,84,6,5.71
2,84,6,7.76
3,84,6,6.73
4,84,6,7.77
5,84,6,8.25
6,84,6,7.89
7,84,6,8.56
8,84,6,9.18
9,84,6,8.08
10,84,6,6.54
11,84,6,7.75
12,84,6,5.52
13,84,6,6.98
14,84,6,7.36
15,84,6,5.34
16,84,6,7.41
17,84,6,6.34
18,84,6,8.62
19,84,6,8.41
20,84,6,9.06
21,84,6,9.52
22,84,6,8.54
23,84,6,7.94
24,84,6,6.36
25,84,6,7.27
26,84,6,8.16
27,84,6,7.06
28,84,6,7.79
29,84,6,5.92
30,84,6,6.79
31,84,6,5.7
32,84,6,7.19
33,84,6,6.73
34,84,6,6.7
35,84,6,8.39
36,84,6,7.86
37,84,6,7.67
38,84,6,6.43
39,84,6,7.6
40,84,6,6.21
41,84,6,8.57
42,84,6,6.96
43,84,6,7.24
44,84,6,9.07
45,84,6,7.83
46,84,6,8.86
47,84,6,8.12
48,84,6,9.18
49,84,6,7.59
50,84,6,6.78
51,84,6,6.89
52,84,6,8.06
53,84,6,7.67
54,84,6,7.52
55,84,6,9.34
56,84,6,6.44
57,84,6,7.7
58,84,6,7.71
59,84,6,8.31
60,84,6,7.06
61,84,6,8.8
62,84,6,6.98
63,84,6,7.4
64,84,6,5.6
65,84,6,6.08
66,84,6,7.87
67,84,6,9.51
68,84,6,7.84
69,84,6,7.98
70,84,6,8.66
71,84,6,6.21
72,84,6,3.74
73,84,6,7.42
74,84,6,6.5
75,84,6,7.65
76,84,6,8.5
77,84,6,5.78
78,84,6,7.39
79,84,6,7.71
80,84,6,6.38
81,84,6,6.66
82,84,6,7.96
83,84,6,8.62
84,84,6,6.28
85,84,6,8.74
86,84,6,7.8
87,84,6,6.29
88,84,6,7.63
89,84,6,6.06
90,84,6,7.96
91,84,6,7.07
92,84,6,8.13
93,84,6,7.18
94,84,6,8.45
95,84,6,7.32
96,84,6,6.21
97,84,6,6.45
98,84,6,8.08
99,84,6,8.7
0,85,6,6.39
1,85,6,7.92
2,85,6,6.63
3,85,6,7.13
4,85,6,6.16
5,85,6,7.95
6,85,6,6.97
7,85,6,7.3
8,85,6,8.72
9,85,6,7.41
10,85,6,7.95
11,85,6,6.68
12,85,6,7.4
13,85,6,7.91
14,85,6,7.39
15,85,6,6.97
16,85,6,7.53
17,85,6,8.59
18,85,6,5.44
19,85,6,7.26
20,85,6,7.04
21,85,6,6.77
22,85,6,7.64
23,85,6,5.94
24,85,6,6.51
25,85,6,8.13
26,85,6,8.6
27,85,6,5.63
28,85,6,8.49
29,85,6,7.78
30,85,6,9.68
31,85,6,6.83
32,85,6,8.35
33,85,6,8.0
34,85,6,7.32
35,85,6,8.16
36,85,6,8.31
37,85,6,7.0
38,85,6,7.06
39,85,6,6.83
40,85,6,8.86
41,85,6,8.81
42,85,6,8.23
43,85,6,7.12
44,85,6,7.92
45,85,6,7.09
46,85,6,8.32
47,85,6,7.09
48,85,6,8.84
49,85,6,6.12
50,85,6,7.44
51,85,6,8.85
52,85,6,7.56
53,85,6,7.05
54,85,6,4.76
55,85,6,7.57
56,85,6,8.16
57,85,6,8.67
58,85,6,7.18
59,85,6,8.82
60,85,6,7.8
61,85,6,8.73
62,85,6,6.75
63,85,6,7.27
64,85,6,6.26
65,85,6,6.24
66,85,6,7.18
67,85,6,8.97
68,85,6,7.01
69,85,6,8.69
70,85,6,7.98
71,85,6,7.36
72,85,6,6.5
73,85,6,7.5
74,85,6,7.03
75,85,6,7.1
76,85,6,8.22
77,85,6,6.57
78,85,6,6.95
79,85,6,6.65
80,85,6,8.24
81,85,6,7.39
82,85,6,7.27
83,85,6,7.13
84,85,6,8.36
85,85,6,7.52
86,85,6,7.95
87,85,6,8.02
88,85,6,7.21
89,85,6,9.51
90,85,6,7.48
91,85,6,8.5
92,85,6,9.17
93,85,6,7.79
94,85,6,6.59
95,85,6,6.55
96,85,6,9.38
97,85,6,7.86
98,85,6,7.97
99,85,6,9.2
0,86,6,6.78
1,86,6,6.9
2,86,6,6.79
3,86,6,6.53
4,86,6,8.13
5,86,6,6.05
6,86,6,8.22
7,86,6,7.12
8,86,6,7.1
9,86,6,8.0
10,86,6,8.1
11,86,6,7.28
12,86,6,6.85
13,86,6,7.41
14,86,6,8.93
15,86,6,6.36
16,86,6,8.08
17,86,6,8.08
18,86,6,8.49
19,86,6,7.01
20,86,6,7.62
21,86,6,7.69
22,86,6,6.02
23,86,6,7.11
24,86,6,7.27
25,86,6,8.07
26,86,6,7.5
27,86,6,7.42
28,86,6,6.79
29,86,6,7.04
30,86,6,8.18
31,86,6,6.78
32,86,6,6.85
33,86,6,8.04
34,86,6,6.36
35,86,6,8.65
36,86,6,7.31
37,86,6,7.93
38,86,6,6.66
39,86,6,8.14
40,86,6,6.56
41,86,6,9.03
42,86,6,8.37
43,86,6,5.79
44,86,6,7.01
45,86,6,8.01
46,86,6,7.99
47,86,6,7.83
48,86,6,8.49
49,86,6,7.43
50,86,6,6.48
51,86,6,8.17
52,86,6,7.97
53,86,6,6.58
54,86,6,7.11
55,86,6,7.47
56,86,6,8.07
57,86,6,6.19
58,86,6,7.49
59,86,6,7.44
60,86,6,7.01
61,86,6,7.93
62,86,6,6.87
63,86,6,6.94
64,86,6,8.05
65,86,6,6.56
66,86,6,7.16
67,86,6,7.5
68,86,6,7.81
69,86,6,7.38
70,86,6,7.63
71,86,6,7.97
72,86,6,6.0
73,86,6,7.33
74,86,6,8.93
75,86,6,6.4
76,86,6,7.2
77,86,6,8.76
78,86,6,6.58
79,86,6,7.51
80,86,6,5.71
81,86,6,7.18
82,86,6,8.74
83,86,6,8.91
84,86,6,6.96
85,86,6,6.74
86,86,6,8.65
87,86,6,6.86
88,86,6,8.4
89,86,6,9.08
90,86,6,7.49
91,86,6,8.56
92,86,6,7.84
93,86,6,5.61
94,86,6,6.92
95,86,6,7.39
96,86,6,8.3
97,86,6,6.5
98,86,6,8.21
99,86,6,6.88
0,87,6,6.9
1,87,6,7.21
2,87,6,10.13
3,87,6,6.62
4,87,6,7.04
5,87,6,7.74
6,87,6,8.22
7,87,6,6.31
8,87,6,7.5
9,87,6,7.98
10,87,6,7.33
11,87,6,8.92
12,87,6,7.77
13,87,6,7.11
14,87,6,8.03
15,87,6,6.98
16,87,6,6.17
17,87,6,6.73
18,87,6,6.79
19,87,6,7.63
20,87,6,7.59
21,87,6,8.46
22,87,6,8.3
23,87,6,7.98
24,87,6,6.59
25,87,6,7.43
26,87,6,8.23
27,87,6,7.12
28,87,6,8.95
29,87,6,7.93
30,87,6,6.82
31,87,6,7.35
32,87,6,8.0
33,87,6,5.45
34,87,6,8.11
35,87,6,7.62
36,87,6,7.42
37,87,6,7.79
38,87,6,9.01
39,87,6,6.35
40,87,6,7.18
41,87,6,6.17
42,87,6,5.97
43,87,6,6.8
44,87,6,6.38
45,87,6,7.82
46,87,6,8.62
47,87,6,7.57
48,87,6,8.32
49,87,6,5.62
50,87,6,8.23
51,87,6,7.74
52,87,6,6.56
53,87,6,8.21
54,87,6,6.98
55,87,6,8.83
56,87,6,7.23
57,87,6,7.77
58,87,6,8.83
59,87,6,5.94
60,87,6,8.17
61,87,6,8.65
62,87,6,6.24
63,87,6,7.54
64,87,6,7.01
65,87,6,8.34
66,87,6,8.12
67,87,6,8.01
68,87,6,6.8
69,87,6,6.69
70,87,6,7.54
71,87,6,7.02
72,87,6,8.49
73,87,6,6.91
74,87,6,7.65
75,87,6,9.01
76,87,6,6.28
77,87,6,7.69
78,87,6,8.51
79,87,6,7.0
80,87,6,7.8
81,87,6,6.75
82,87,6,8.08
83,87,6,9.21
84,87,6,7.8
85,87,6,6.84
86,87,6,7.51
87,87,6,7.06
88,87,6,6.58
89,87,6,7.52
90,87,6,7.07
91,87,6,8.47
92,87,6,7.31
93,87,6,7.46
94,87,6,6.43
95,87,6,7.49
96,87,6,7.21
97,87,6,7.7
98,87,6,7.42
99,87,6,7.86
0,88,6,6.51
1,88,6,6.8
2,88,6,9.94
3,88,6,6.22
4,88,6,6.11
5,88,6,7.12
6,88,6,7.11
7,88,6,8.04
8,88,6,7.43
9,88,6,7.53
10,88,6,7.13
11,88,6,7.17
12,88,6,7.92
13,88,6,8.34
14,88,6,8.59
15,88,6,6.6
16,88,6,7.9
17,88,6,7.56
18,88,6,5.96
19,88,6,7.07
20,88,6,7.5
21,88,6,7.65
22,88,6,7.05
23,88,6,6.25
24,88,6,8.08
25,88,6,7.02
26,88,6,8.4
27,88,6,7.57
28,88,6,7.29
29,88,6,8.4
30,88,6,8.44
31,88,6,8.0
32,88,6,7.49
33,88,6,7.27
34,88,6,8.25
35,88,6,6.54
36,88,6,7.33
37,88,6,7.75
38,88,6,7.38
39,88,6,7.57
40,88,6,6.0
41,88,6,7.63
42,88,6,6.79
43,88,6,7.08
44,88,6,7.34
45,88,6,8.53
46,88,6,7.27
47,88,6,8.09
48,88,6,8.73
49,88,6,7.54
50,88,6,7.71
51,88,6,6.91
52,88,6,8.62
53,88,6,7.73
54,88,6,7.51
55,88,6,8.21
56,88,6,8.54
57,88,6,6.97
58,88,6,7.2
59,88,6,8.19
60,88,6,8.54
61,88,6,6.94
62,88,6,8.43
63,88,6,7.38
64,88,6,7.45
65,88,6,7.47
66,88,6,8.1
67,88,6,7.05
68,88,6,7.87
69,88,6,7.01
70,88,6,8.68
71,88,6,8.32
72,88,6,7.38
73,88,6,8.6
74,88,6,8.23
75,88,6,6.81
76,88,6,9.11
77,88,6,7.42
78,88,6,7.18
79,88,6,7.9
80,88,6,9.44
81,88,6,5.6
82,88,6,7.37
83,88,6,8.4
84,88,6,7.36
85,88,6,7.0
86,88,6,7.31
87,88,6,7.79
88,88,6,8.49
89,88,6,7.68
90,88,6,8.18
91,88,6,6.33
92,88,6,8.16
93,88,6,8.01
94,88,6,8.03
95,88,6,6.8
96,88,6,7.2
97,88,6,6.95
98,88,6,6.0
99,88,6,7.63
0,89,6,7.62
1,89,6,8.13
2,89,6,6.58
3,89,6,8.55
4,89,6,7.35
5,89,6,8.01
6,89,6,7.17
7,89,6,7.49
8,89,6,7.96
9,89,6,9.02
10,89,6,5.65
11,89,6,7.15
12,89,6,8.05
13,89,6,9.25
14,89,6,8.5
15,89,6,8.13
16,89,6,7.23
17,89,6,8.43
18,89,6,6.09
19,89,6,7.91
20,89,6,5.95
21,89,6,6.35
22,89,6,8.49
23,89,6,7.17
24,89,6,6.24
25,89,6,7.72
26,89,6,8.22
27,89,6,5.85
28,89,6,7.56
29,89,6,7.94
30,89,6,7.43
31,89,6,7.43
32,89,6,7.31
33,89,6,8.17
34,89,6,8.83
35,89,6,7.67
36,89,6,7.67
37,89,6,8.37
38,89,6,9.28
39,89,6,7.43
40,89,6,7.3
41,89,6,8.58
42,89,6,7.84
43,89,6,7.55
44,89,6,8.77
45,89,6,7.69
46,89,6,6.66
47,89,6,7.18
48,89,6,8.13
49,89,6,7.73
50,89,6,8.85
51,89,6,6.58
52,89,6,8.47
53,89,6,7.32
54,89,6,6.61
55,89,6,8.76
56,89,6,7.76
57,89,6,6.38
58,89,6,7.35
59,89,6,7.57
60,89,6,8.39
61,89,6,9.12
62,89,6,5.94
63,89,6,8.23
64,89,6,10.31
65,89,6,8.11
66,89,6,8.37
67,89,6,7.41
68,89,6,6.79
69,89,6,7.5
70,89,6,7.69
71,89,6,7.37
72,89,6,7.56
73,89,6,7.05
74,89,6,7.42
75,89,6,7.86
76,89,6,7.45
77,89,6,8.66
78,89,6,7.94
79,89,6,6.38
80,89,6,8.47
81,89,6,6.99
82,89,6,8.2
83,89,6,8.51
84,89,6,5.36
85,89,6,7.94
86,89,6,6.59
87,89,6,5.76
88,89,6,9.7
89,89,6,6.26
90,89,6,8.48
91,89,6,8.77
92,89,6,7.95
93,89,6,8.37
94,89,6,8.13
95,89,6,8.88
96,89,6,9.0
97,89,6,8.57
98,89,6,6.69
99,89,6,7.32
0,90,6,6.88
1,90,6,7.63
2,90,6,7.34
3,90,6,9.48
4,90,6,5.05
5,90,6,7.98
6,90,6,8.15
7,90,6,7.77
8,90,6,5.65
9,90,6,6.62
10,90,6,7.29
11,90,6,8.32
12,90,6,7.53
13,90,6,6.0
14,90,6,7.44
15,90,6,7.14
16,90,6,6.7
17,90,6,7.2
18,90,6,6.47
19,90,6,7.64
20,90,6,7.93
21,90,6,5.25
22,90,6,6.34
23,90,6,8.9
24,90,6,7.13
25,90,6,7.37
26,90,6,7.22
27,90,6,7.23
28,90,6,6.93
29,90,6,6.21
30,90,6,6.61
31,90,6,7.59
32,90,6,9.93
33,90,6,7.27
34,90,6,7.46
35,90,6,6.96
36,90,6,8.92
37,90,6,8.31
38,90,6,7.99
39,90,6,6.62
40,90,6,7.57
41,90,6,9.1
42,90,6,6.68
43,90,6,8.5
44,90,6,6.55
45,90,6,5.91
46,90,6,7.48
47,90,6,7.02
48,90,6,7.29
49,90,6,7.75
50,90,6,6.52
51,90,6,6.99
52,90,6,7.61
53,90,6,8.01
54,90,6,6.69
55,90,6,6.24
56,90,6,6.48
57,90,6,5.85
58,90,6,6.04
59,90,6,6.83
60,90,6,8.38
61,90,6,6.55
62,90,6,6.78
63,90,6,7.54
64,90,6,5.9
65,90,6,7.17
66,90,6,8.2
67,90,6,6.54
68,90,6,7.49
69,90,6,6.21
70,90,6,7.6
71,90,6,7.49
72,90,6,7.59
73,90,6,8.67
74,90,6,7.64
75,90,6,7.46
76,90,6,7.53
77,90,6,7.32
78,90,6,7.33
79,90,6,6.75
80,90,6,6.95
81,90,6,7.64
82,90,6,7.96
83,90,6,7.66
84,90,6,7.46
85,90,6,9.09
86,90,6,8.37
87,90,6,7.58
88,90,6,7.33
89,90,6,8.43
90,90,6,8.43
91,90,6,7.56
92,90,6,6.85
93,90,6,7.64
94,90,6,7.98
95,90,6,7.76
96,90,6,5.98
97,90,6,6.43
98,90,6,6.2
99,90,6,7.34
0,91,6,6.65
1,91,6,8.75
2,91,6,8.45
3,91,6,7.18
4,91,6,10.15
5,91,6,8.03
6,91,6,7.71
7,91,6,8.03
8,91,6,6.47
9,91,6,7.4
10,91,6,8.0
11,91,6,7.24
12,91,6,8.58
13,91,6,7.05
14,91,6,8.15
15,91,6,7.96
16,91,6,7.81
17,91,6,6.58
18,91,6,8.12
19,91,6,8.61
20,91,6,7.29
21,91,6,7.34
22,91,6,7.76
23,91,6,7.06
24,91,6,8.33
25,91,6,8.08
26,91,6,8.41
27,91,6,8.34
28,91,6,6.41
29,91,6,8.53
30,91,6,5.69
31,91,6,7.62
32,91,6,7.68
33,91,6,9.28
34,91,6,7.88
35,91,6,8.1
36,91,6,6.29
37,91,6,8.56
38,91,6,8.31
39,91,6,7.0
40,91,6,7.5
41,91,6,7.73
42,91,6,6.99
43,91,6,7.63
44,91,6,8.55
45,91,6,8.47
46,91,6,7.92
47,91,6,6.82
48,91,6,8.04
49,91,6,6.8
50,91,6,7.15
51,91,6,7.0
52,91,6,8.07
53,91,6,9.01
54,91,6,7.09
55,91,6,7.28
56,91,6,5.25
57,91,6,7.77
58,91,6,8.03
59,91,6,7.73
60,91,6,8.68
61,91,6,7.99
62,91,6,7.98
63,91,6,8.93
64,91,6,7.52
65,91,6,6.1
66,91,6,6.36
67,91,6,7.3
68,91,6,8.05
69,91,6,7.86
70,91,6,7.61
71,91,6,9.04
72,91,6,8.02
73,91,6,7.15
74,91,6,8.05
75,91,6,6.1
76,91,6,6.79
77,91,6,6.74
78,91,6,6.86
79,91,6,8.4
80,91,6,7.29
81,91,6,6.99
82,91,6,6.01
83,91,6,6.72
84,91,6,8.13
85,91,6,5.01
86,91,6,7.91
87,91,6,6.94
88,91,6,7.77
89,91,6,7.86
90,91,6,7.82
91,91,6,8.04
92,91,6,5.83
93,91,6,7.84
94,91,6,6.83
95,91,6,5.37
96,91,6,6.86
97,91,6,7.78
98,91,6,8.19
99,91,6,7.44
0,92,6,5.8
1,92,6,6.85
2,92,6,8.34
3,92,6,8.23
4,92,6,6.66
5,92,6,7.47
6,92,6,7.81
7,92,6,7.19
8,92,6,7.23
9,92,6,7.22
10,92,6,7.54
11,92,6,7.88
12,92,6,8.2
13,92,6,6.49
14,92,6,7.7
15,92,6,7.43
16,92,6,7.21
17,92,6,7.89
18,92,6,7.19
19,92,6,7.83
20,92,6,7.41
21,92,6,8.68
22,92,6,8.36
23,92,6,5.33
24,92,6,7.9
25,92,6,5.78
26,92,6,8.41
27,92,6,6.98
28,92,6,8.26
29,92,6,7.99
30,92,6,5.86
31,92,6,7.06
32,92,6,8.03
33,92,6,6.63
34,92,6,8.36
35,92,6,8.26
36,92,6,7.13
37,92,6,7.66
38,92,6,8.05
39,92,6,7.37
40,92,6,7.83
41,92,6,7.71
42,92,6,7.1
43,92,6,6.32
44,92,6,6.77
45,92,6,7.53
46,92,6,4.73
47,92,6,7.78
48,92,6,8.94
49,92,6,7.67
50,92,6,6.91
51,92,6,9.83
52,92,6,6.52
53,92,6,7.83
54,92,6,6.88
55,92,6,6.88
56,92,6,8.92
57,92,6,7.42
58,92,6,8.54
59,92,6,6.45
60,92,6,8.45
61,92,6,8.68
62,92,6,6.86
63,92,6,7.5
64,92,6,7.85
65,92,6,6.79
66,92,6,8.6
67,92,6,6.69
68,92,6,9.2
69,92,6,7.1
70,92,6,8.48
71,92,6,7.9
72,92,6,8.22
73,92,6,8.7
74,92,6,5.29
75,92,6,10.15
76,92,6,8.05
77,92,6,6.97
78,92,6,7.49
79,92,6,8.23
80,92,6,6.6
81,92,6,7.14
82,92,6,9.39
83,92,6,8.64
84,92,6,8.17
85,92,6,7.71
86,92,6,6.73
87,92,6,6.73
88,92,6,7.3
89,92,6,7.34
90,92,6,7.82
91,92,6,8.7
92,92,6,7.13
93,92,6,9.68
94,92,6,7.07
95,92,6,8.27
96,92,6,7.85
97,92,6,8.48
98,92,6,7.74
99,92,6,8.55
0,93,6,7.39
1,93,6,7.95
2,93,6,8.21
3,93,6,7.94
4,93,6,7.56
5,93,6,8.8
6,93,6,6.99
7,93,6,8.53
8,93,6,7.91
9,93,6,6.84
10,93,6,7.28
11,93,6,7.51
12,93,6,8.19
13,93,6,10.22
14,93,6,7.25
15,93,6,8.04
16,93,6,8.25
17,93,6,6.98
18,93,6,7.39
19,93,6,7.21
20,93,6,7.95
21,93,6,10.12
22,93,6,7.1
23,93,6,6.64
24,93,6,7.88
25,93,6,8.13
26,93,6,9.4
27,93,6,7.43
28,93,6,6.91
29,93,6,8.81
30,93,6,7.41
31,93,6,7.02
32,93,6,7.91
33,93,6,8.13
34,93,6,6.29
35,93,6,8.09
36,93,6,8.65
37,93,6,7.12
38,93,6,6.88
39,93,6,8.44
40,93,6,8.76
41,93,6,8.69
42,93,6,7.16
43,93,6,7.29
44,93,6,8.04
45,93,6,6.8
46,93,6,8.15
47,93,6,7.23
48,93,6,6.99
49,93,6,8.25
50,93,6,5.84
51,93,6,8.45
52,93,6,8.03
53,93,6,7.57
54,93,6,6.11
55,93,6,7.4
56,93,6,7.2
57,93,6,7.84
58,93,6,7.23
59,93,6,6.39
60,93,6,6.68
61,93,6,7.19
62,93,6,7.96
63,93,6,6.58
64,93,6,6.54
65,93,6,8.54
66,93,6,8.39
67,93,6,6.76
68,93,6,7.12
69,93,6,7.88
70,93,6,8.69
71,93,6,8.96
72,93,6,8.34
73,93,6,7.9
74,93,6,8.89
75,93,6,7.74
76,93,6,8.48
77,93,6,6.54
78,93,6,8.15
79,93,6,7.79
80,93,6,5.76
81,93,6,9.14
82,93,6,7.26
83,93,6,5.8
84,93,6,7.39
85,93,6,5.88
86,93,6,7.93
87,93,6,7.26
88,93,6,7.78
89,93,6,7.46
90,93,6,7.45
91,93,6,7.4
92,93,6,9.26
93,93,6,7.32
94,93,6,6.98
95,93,6,6.88
96,93,6,6.88
97,93,6,6.74
98,93,6,8.53
99,93,6,6.17
0,94,6,6.61
1,94,6,7.26
2,94,6,6.83
3,94,6,6.19
4,94,6,7.25
5,94,6,7.68
6,94,6,7.26
7,94,6,6.32
8,94,6,7.6
9,94,6,8.22
10,94,6,7.51
11,94,6,9.22
12,94,6,7.84
13,94,6,7.51
14,94,6,7.17
15,94,6,7.23
16,94,6,7.37
17,94,6,7.1
18,94,6,8.53
19,94,6,7.91
20,94,6,7.67
21,94,6,6.68
22,94,6,6.22
23,94,6,6.86
24,94,6,7.1
25,94,6,7.22
26,94,6,8.72
27,94,6,7.5
28,94,6,7.65
29,94,6,7.82
30,94,6,6.7
31,94,6,8.27
32,94,6,7.09
33,94,6,7.96
34,94,6,7.91
35,94,6,6.69
36,94,6,8.32
37,94,6,7.48
38,94,6,5.58
39,94,6,6.42
40,94,6,8.17
41,94,6,7.12
42,94,6,7.57
43,94,6,7.89
44,94,6,7.32
45,94,6,7.16
46,94,6,5.8
47,94,6,6.98
48,94,6,7.23
49,94,6,6.79
50,94,6,4.87
51,94,6,7.45
52,94,6,8.51
53,94,6,6.81
54,94,6,6.12
55,94,6,8.01
56,94,6,7.91
57,94,6,7.36
58,94,6,8.07
59,94,6,7.33
60,94,6,8.47
61,94,6,7.08
62,94,6,7.76
63,94,6,7.27
64,94,6,7.19
65,94,6,8.21
66,94,6,6.94
67,94,6,8.1
68,94,6,7.03
69,94,6,6.33
70,94,6,7.05
71,94,6,7.63
72,94,6,6.76
73,94,6,7.9
74,94,6,7.76
75,94,6,7.71
76,94,6,7.69
77,94,6,6.69
78,94,6,8.03
79,94,6,6.95
80,94,6,7.53
81,94,6,6.71
82,94,6,6.7
83,94,6,8.81
84,94,6,7.98
85,94,6,8.39
86,94,6,7.87
87,94,6,6.53
88,94,6,6.77
89,94,6,8.38
90,94,6,8.66
91,94,6,7.61
92,94,6,6.62
93,94,6,7.68
94,94,6,7.47
95,94,6,8.65
96,94,6,7.87
97,94,6,7.55
98,94,6,7.13
99,94,6,9.03
0,95,6,8.0
1,95,6,8.7
2,95,6,8.61
3,95,6,8.25
4,95,6,7.13
5,95,6,9.49
6,95,6,8.16
7,95,6,7.32
8,95,6,6.61
9,95,6,7.89
10,95,6,8.49
11,95,6,7.0
12,95,6,8.48
13,95,6,6.89
14,95,6,7.27
15,95,6,8.08
16,95,6,7.24
17,95,6,7.08
18,95,6,7.35
19,95,6,9.56
20,95,6,7.5
21,95,6,7.68
22,95,6,8.63
23,95,6,4.72
24,95,6,6.9
25,95,6,6.13
26,95,6,6.16
27,95,6,7.31
28,95,6,7.09
29,95,6,7.14
30,95,6,8.19
31,95,6,7.93
32,95,6,8.46
33,95,6,6.95
34,95,6,5.84
35,95,6,7.19
36,95,6,6.74
37,95,6,7.0
38,95,6,8.36
39,95,6,8.36
40,95,6,8.48
41,95,6,6.71
42,95,6,8.39
43,95,6,8.03
44,95,6,7.85
45,95,6,7.19
46,95,6,9.1
47,95,6,8.28
48,95,6,9.1
49,95,6,9.58
50,95,6,7.48
51,95,6,7.38
52,95,6,6.19
53,95,6,8.28
54,95,6,6.15
55,95,6,6.86
56,95,6,7.0
57,95,6,6.83
58,95,6,7.64
59,95,6,7.39
60,95,6,6.24
61,95,6,7.59
62,95,6,7.44
63,95,6,6.92
64,95,6,8.32
65,95,6,8.41
66,95,6,7.91
67,95,6,6.92
68,95,6,6.43
69,95,6,6.46
70,95,6,7.21
71,95,6,6.42
72,95,6,7.04
73,95,6,7.84
74,95,6,7.59
75,95,6,6.8
76,95,6,6.68
77,95,6,7.31
78,95,6,7.97
79,95,6,7.42
80,95,6,7.67
81,95,6,6.31
82,95,6,8.22
83,95,6,7.32
84,95,6,7.71
85,95,6,6.01
86,95,6,8.44
87,95,6,8.12
88,95,6,9.16
89,95,6,6.72
90,95,6,6.72
91,95,6,6.45
92,95,6,5.36
93,95,6,8.58
94,95,6,6.49
95,95,6,6.17
96,95,6,8.82
97,95,6,7.79
98,95,6,8.22
99,95,6,7.56
0,96,6,6.8
1,96,6,6.24
2,96,6,8.18
3,96,6,7.19
4,96,6,5.29
5,96,6,8.33
6,96,6,8.84
7,96,6,9.52
8,96,6,7.25
9,96,6,6.21
10,96,6,8.94
11,96,6,7.93
12,96,6,8.36
13,96,6,7.46
14,96,6,8.84
15,96,6,8.14
16,96,6,6.15
17,96,6,8.54
18,96,6,8.04
19,96,6,7.36
20,96,6,8.45
21,96,6,7.89
22,96,6,8.57
23,96,6,7.99
24,96,6,9.15
25,96,6,6.42
26,96,6,9.07
27,96,6,8.67
28,96,6,7.1
29,96,6,7.39
30,96,6,7.76
31,96,6,5.9
32,96,6,7.69
33,96,6,7.02
34,96,6,6.82
35,96,6,8.58
36,96,6,6.97
37,96,6,8.01
38,96,6,8.97
39,96,6,8.04
40,96,6,7.58
41,96,6,7.47
42,96,6,8.35
43,96,6,6.24
44,96,6,7.17
45,96,6,8.33
46,96,6,8.47
47,96,6,8.25
48,96,6,6.76
49,96,6,8.89
50,96,6,9.23
51,96,6,6.96
52,96,6,7.05
53,96,6,7.95
54,96,6,8.43
55,96,6,8.21
56,96,6,6.44
57,96,6,7.1
58,96,6,6.16
59,96,6,8.07
60,96,6,8.73
61,96,6,7.31
62,96,6,8.49
63,96,6,7.37
64,96,6,7.9
65,96,6,8.39
66,96,6,8.68
67,96,6,6.95
68,96,6,7.0
69,96,6,7.78
70,96,6,6.39
71,96,6,6.89
72,96,6,9.49
73,96,6,8.51
74,96,6,8.94
75,96,6,7.66
76,96,6,6.63
77,96,6,7.5
78,96,6,8.25
79,96,6,7.78
80,96,6,6.65
81,96,6,7.83
82,96,6,8.72
83,96,6,6.82
84,96,6,6.32
85,96,6,6.89
86,96,6,6.93
87,96,6,6.39
88,96,6,7.64
89,96,6,6.87
90,96,6,7.5
91,96,6,7.26
92,96,6,7.32
93,96,6,6.42
94,96,6,6.02
95,96,6,8.57
96,96,6,6.36
97,96,6,8.69
98,96,6,7.58
99,96,6,7.61
0,97,6,7.06
1,97,6,8.83
2,97,6,7.58
3,97,6,7.79
4,97,6,8.04
5,97,6,6.97
6,97,6,7.84
7,97,6,7.04
8,97,6,6.89
9,97,6,7.49
10,97,6,6.89
11,97,6,8.08
12,97,6,6.49
13,97,6,7.4
14,97,6,7.07
15,97,6,8.06
16,97,6,8.39
17,97,6,7.56
18,97,6,8.32
19,97,6,9.57
20,97,6,7.29
21,97,6,7.48
22,97,6,7.11
23,97,6,7.49
24,97,6,7.54
25,97,6,8.4
26,97,6,7.79
27,97,6,7.77
28,97,6,7.95
29,97,6,8.24
30,97,6,7.33
31,97,6,6.7
32,97,6,8.29
33,97,6,7.12
34,97,6,7.15
35,97,6,8.33
36,97,6,7.07
37,97,6,6.56
38,97,6,7.61
39,97,6,7.72
40,97,6,6.92
41,97,6,8.17
42,97,6,7.25
43,97,6,9.1
44,97,6,4.98
45,97,6,8.33
46,97,6,8.31
47,97,6,6.54
48,97,6,7.72
49,97,6,8.85
50,97,6,6.45
51,97,6,7.7
52,97,6,8.33
53,97,6,6.77
54,97,6,6.23
55,97,6,7.2
56,97,6,7.47
57,97,6,9.5
58,97,6,7.75
59,97,6,7.15
60,97,6,8.13
61,97,6,8.03
62,97,6,7.19
63,97,6,7.5
64,97,6,7.72
65,97,6,7.44
66,97,6,8.36
67,97,6,8.07
68,97,6,8.0
69,97,6,7.85
70,97,6,6.71
71,97,6,7.38
72,97,6,6.05
73,97,6,6.44
74,97,6,7.33
75,97,6,7.52
76,97,6,6.62
77,97,6,8.75
78,97,6,7.53
79,97,6,6.92
80,97,6,8.46
81,97,6,8.24
82,97,6,9.17
83,97,6,7.25
84,97,6,6.77
85,97,6,9.07
86,97,6,6.48
87,97,6,7.71
88,97,6,6.39
89,97,6,7.26
90,97,6,7.51
91,97,6,7.73
92,97,6,7.86
93,97,6,7.79
94,97,6,8.87
95,97,6,7.13
96,97,6,7.45
97,97,6,8.04
98,97,6,7.46
99,97,6,6.26
0,98,6,7.07
1,98,6,8.07
2,98,6,5.94
3,98,6,9.41
4,98,6,6.46
5,98,6,7.54
6,98,6,8.78
7,98,6,7.02
8,98,6,7.67
9,98,6,9.09
10,98,6,7.09
11,98,6,6.57
12,98,6,7.57
13,98,6,6.36
14,98,6,7.97
15,98,6,7.29
16,98,6,7.96
17,98,6,7.8
18,98,6,6.96
19,98,6,6.06
20,98,6,7.6
21,98,6,7.84
22,98,6,7.94
23,98,6,7.17
24,98,6,6.48
25,98,6,7.99
26,98,6,8.24
27,98,6,8.41
28,98,6,6.7
29,98,6,6.34
30,98,6,8.15
31,98,6,6.37
32,98,6,6.45
33,98,6,6.82
34,98,6,7.99
35,98,6,8.11
36,98,6,7.67
37,98,6,8.75
38,98,6,7.36
39,98,6,7.68
40,98,6,7.48
41,98,6,4.93
42,98,6,8.27
43,98,6,5.55
44,98,6,8.71
45,98,6,9.63
46,98,6,8.38
47,98,6,7.72
48,98,6,8.64
49,98,6,8.46
50,98,6,6.17
51,98,6,7.24
52,98,6,8.99
53,98,6,6.85
54,98,6,8.3
55,98,6,7.6
56,98,6,7.13
57,98,6,7.27
58,98,6,7.53
59,98,6,6.23
60,98,6,8.9
61,98,6,7.75
62,98,6,6.7
63,98,6,6.19
64,98,6,7.04
65,98,6,6.18
66,98,6,10.03
67,98,6,7.89
68,98,6,8.49
69,98,6,7.82
70,98,6,6.74
71,98,6,6.03
72,98,6,7.69
73,98,6,6.73
74,98,6,6.24
75,98,6,6.82
76,98,6,7.09
77,98,6,9.44
78,98,6,8.73
79,98,6,7.27
80,98,6,8.15
81,98,6,6.58
82,98,6,7.27
83,98,6,7.31
84,98,6,7.34
85,98,6,8.89
86,98,6,5.64
87,98,6,6.9
88,98,6,7.95
89,98,6,7.69
90,98,6,6.82
91,98,6,6.16
92,98,6,9.21
93,98,6,8.25
94,98,6,9.7
95,98,6,8.19
96,98,6,7.72
97,98,6,8.07
98,98,6,7.0
99,98,6,8.38
0,99,6,6.18
1,99,6,7.63
2,99,6,7.6
3,99,6,7.48
4,99,6,6.22
5,99,6,7.12
6,99,6,6.12
7,99,6,8.76
8,99,6,7.08
9,99,6,7.37
10,99,6,7.65
11,99,6,6.58
12,99,6,7.48
13,99,6,7.51
14,99,6,9.14
15,99,6,7.37
16,99,6,7.57
17,99,6,7.89
18,99,6,7.6
19,99,6,6.97
20,99,6,6.4
21,99,6,9.25
22,99,6,7.81
23,99,6,6.29
24,99,6,8.26
25,99,6,7.9
26,99,6,9.61
27,99,6,8.47
28,99,6,7.02
29,99,6,8.42
30,99,6,7.24
31,99,6,8.76
32,99,6,5.56
33,99,6,8.03
34,99,6,8.1
35,99,6,10.08
36,99,6,5.86
37,99,6,9.4
38,99,6,6.6
39,99,6,7.25
40,99,6,6.63
41,99,6,7.98
42,99,6,6.32
43,99,6,7.75
44,99,6,6.48
45,99,6,8.54
46,99,6,8.17
47,99,6,7.6
48,99,6,7.53
49,99,6,5.91
50,99,6,6.26
51,99,6,7.3
52,99,6,7.2
53,99,6,6.98
54,99,6,7.15
55,99,6,9.72
56,99,6,8.34
57,99,6,6.86
58,99,6,7.36
59,99,6,7.6
60,99,6,6.72
61,99,6,8.0
62,99,6,9.05
63,99,6,7.15
64,99,6,6.97
65,99,6,7.18
66,99,6,8.38
67,99,6,8.41
68,99,6,7.55
69,99,6,8.74
70,99,6,6.04
71,99,6,7.61
72,99,6,7.9
73,99,6,7.73
74,99,6,6.39
75,99,6,6.77
76,99,6,7.27
77,99,6,7.69
78,99,6,6.72
79,99,6,7.69
80,99,6,8.47
81,99,6,6.92
82,99,6,7.72
83,99,6,7.4
84,99,6,7.73
85,99,6,7.5
86,99,6,7.2
87,99,6,6.39
88,99,6,7.98
89,99,6,7.03
90,99,6,6.74
91,99,6,4.99
92,99,6,7.54
93,99,6,8.6
94,99,6,6.14
95,99,6,6.96
96,99,6,7.33
97,99,6,8.74
98,99,6,7.87
99,99,6,5.92
